2026-07-26T13:17:35.680-04:00 ERROR 15116 --- [lecturas] [restartedMain] o.s.b.d.LoggingFailureAnalysisReporter   : 

***************************
APPLICATION FAILED TO START
***************************

Description:

Failed to bind properties under 'logging.level.rollingpolicy.max-file-size' to org.springframework.boot.logging.LogLevel:

    Property: logging.level.rollingpolicy.max-file-size
    Value: "8MB"
    Origin: class path resource [application.yml] - 33:28
    Reason: failed to convert java.lang.String to org.springframework.boot.logging.LogLevel (caused by java.lang.IllegalArgumentException: No enum constant org.springframework.boot.logging.LogLevel.8MB)

Action:

Update your application's configuration. The following values are valid:

    DEBUG
    ERROR
    FATAL
    INFO
    OFF
    TRACE
    WARN

2026-07-26T13:19:45.634-04:00 ERROR 4964 --- [lecturas] [restartedMain] o.s.b.d.LoggingFailureAnalysisReporter   : 

***************************
APPLICATION FAILED TO START
***************************

Description:

Failed to bind properties under 'logging.level.rollingpolicy.max-file-size' to org.springframework.boot.logging.LogLevel:

    Property: logging.level.rollingpolicy.max-file-size
    Value: "8MB"
    Origin: class path resource [application.yml] - 33:28
    Reason: failed to convert java.lang.String to org.springframework.boot.logging.LogLevel (caused by java.lang.IllegalArgumentException: No enum constant org.springframework.boot.logging.LogLevel.8MB)

Action:

Update your application's configuration. The following values are valid:

    DEBUG
    ERROR
    FATAL
    INFO
    OFF
    TRACE
    WARN

2026-07-26T13:20:58.113-04:00 ERROR 22964 --- [lecturas] [restartedMain] o.s.b.d.LoggingFailureAnalysisReporter   : 

***************************
APPLICATION FAILED TO START
***************************

Description:

Failed to bind properties under 'logging.level.rollingpolicy.max-history' to org.springframework.boot.logging.LogLevel:

    Property: logging.level.rollingpolicy.max-history
    Value: "30"
    Origin: class path resource [application.yml] - 33:26
    Reason: failed to convert java.lang.Integer to org.springframework.boot.logging.LogLevel (caused by java.lang.ArrayIndexOutOfBoundsException: Index 30 out of bounds for length 7)

Action:

Update your application's configuration. The following values are valid:

    DEBUG
    ERROR
    FATAL
    INFO
    OFF
    TRACE
    WARN

2026-07-26T13:21:32.714-04:00 ERROR 20700 --- [lecturas] [restartedMain] o.s.b.d.LoggingFailureAnalysisReporter   : 

***************************
APPLICATION FAILED TO START
***************************

Description:

Failed to bind properties under 'logging.level.max-file-size' to org.springframework.boot.logging.LogLevel:

    Property: logging.level.max-file-size
    Value: "8MB"
    Origin: class path resource [application.yml] - 32:24
    Reason: failed to convert java.lang.String to org.springframework.boot.logging.LogLevel (caused by java.lang.IllegalArgumentException: No enum constant org.springframework.boot.logging.LogLevel.8MB)

Action:

Update your application's configuration. The following values are valid:

    DEBUG
    ERROR
    FATAL
    INFO
    OFF
    TRACE
    WARN

2026-07-26T13:23:33.980-04:00  INFO 29692 --- [lecturas] [restartedMain] c.l.lecturas.LecturasApplication         : Starting LecturasApplication using Java 21.0.11 with PID 29692 (C:\Users\tiare\Proyectos\lecturas\target\classes started by tiare in C:\Users\tiare\Proyectos\lecturas)
2026-07-26T13:23:33.983-04:00  INFO 29692 --- [lecturas] [restartedMain] c.l.lecturas.LecturasApplication         : No active profile set, falling back to 1 default profile: "default"
2026-07-26T13:23:34.029-04:00  INFO 29692 --- [lecturas] [restartedMain] .e.DevToolsPropertyDefaultsPostProcessor : Devtools property defaults active! Set 'spring.devtools.add-properties' to 'false' to disable
2026-07-26T13:23:34.030-04:00  INFO 29692 --- [lecturas] [restartedMain] .e.DevToolsPropertyDefaultsPostProcessor : For additional web related logging consider setting the 'logging.level.web' property to 'DEBUG'
2026-07-26T13:23:34.642-04:00  INFO 29692 --- [lecturas] [restartedMain] .s.d.r.c.RepositoryConfigurationDelegate : Bootstrapping Spring Data JPA repositories in DEFAULT mode.
2026-07-26T13:23:34.691-04:00  INFO 29692 --- [lecturas] [restartedMain] .s.d.r.c.RepositoryConfigurationDelegate : Finished Spring Data repository scanning in 38 ms. Found 2 JPA repository interfaces.
2026-07-26T13:23:35.092-04:00  INFO 29692 --- [lecturas] [restartedMain] o.s.boot.tomcat.TomcatWebServer          : Tomcat initialized with port 8081 (http)
2026-07-26T13:23:35.109-04:00  INFO 29692 --- [lecturas] [restartedMain] o.apache.catalina.core.StandardService   : Starting service [Tomcat]
2026-07-26T13:23:35.109-04:00  INFO 29692 --- [lecturas] [restartedMain] o.apache.catalina.core.StandardEngine    : Starting Servlet engine: [Apache Tomcat/11.0.22]
2026-07-26T13:23:35.143-04:00  INFO 29692 --- [lecturas] [restartedMain] b.w.c.s.WebApplicationContextInitializer : Root WebApplicationContext: initialization completed in 1113 ms
2026-07-26T13:23:35.379-04:00  INFO 29692 --- [lecturas] [restartedMain] com.zaxxer.hikari.HikariDataSource       : HikariPool-1 - Starting...
2026-07-26T13:23:35.569-04:00  INFO 29692 --- [lecturas] [restartedMain] com.zaxxer.hikari.pool.HikariPool        : HikariPool-1 - Added connection org.postgresql.jdbc.PgConnection@5e30ae53
2026-07-26T13:23:35.569-04:00  INFO 29692 --- [lecturas] [restartedMain] com.zaxxer.hikari.HikariDataSource       : HikariPool-1 - Start completed.
2026-07-26T13:23:35.591-04:00  INFO 29692 --- [lecturas] [restartedMain] org.flywaydb.core.FlywayExecutor         : Database: jdbc:postgresql://localhost:5432/BD_LIBRO (PostgreSQL 18.4)
2026-07-26T13:23:35.643-04:00  INFO 29692 --- [lecturas] [restartedMain] o.f.core.internal.command.DbValidate     : Successfully validated 2 migrations (execution time 00:00.026s)
2026-07-26T13:23:35.700-04:00  INFO 29692 --- [lecturas] [restartedMain] o.f.core.internal.command.DbMigrate      : Current version of schema "public": 2
2026-07-26T13:23:35.705-04:00  INFO 29692 --- [lecturas] [restartedMain] o.f.core.internal.command.DbMigrate      : Schema "public" is up to date. No migration necessary.
2026-07-26T13:23:35.782-04:00  INFO 29692 --- [lecturas] [restartedMain] org.hibernate.orm.jpa                    : HHH008540: Processing PersistenceUnitInfo [name: default]
2026-07-26T13:23:35.833-04:00  INFO 29692 --- [lecturas] [restartedMain] org.hibernate.orm.core                   : HHH000001: Hibernate ORM core version 7.2.19.Final
2026-07-26T13:23:36.268-04:00  INFO 29692 --- [lecturas] [restartedMain] o.s.o.j.p.SpringPersistenceUnitInfo      : No LoadTimeWeaver setup: ignoring JPA class transformer
2026-07-26T13:23:36.340-04:00  INFO 29692 --- [lecturas] [restartedMain] org.hibernate.orm.connections.pooling    : HHH10001005: Database info:
	Database JDBC URL [jdbc:postgresql://localhost:5432/BD_LIBRO]
	Database driver: PostgreSQL JDBC Driver
	Database dialect: PostgreSQLDialect
	Database version: 18.4
	Default catalog/schema: BD_LIBRO/public
	Autocommit mode: undefined/unknown
	Isolation level: READ_COMMITTED [default READ_COMMITTED]
	JDBC fetch size: none
	Pool: DataSourceConnectionProvider
	Minimum pool size: undefined/unknown
	Maximum pool size: undefined/unknown
2026-07-26T13:23:37.106-04:00  INFO 29692 --- [lecturas] [restartedMain] org.hibernate.orm.core                   : HHH000489: No JTA platform available (set 'hibernate.transaction.jta.platform' to enable JTA platform integration)
2026-07-26T13:23:37.113-04:00  INFO 29692 --- [lecturas] [restartedMain] j.LocalContainerEntityManagerFactoryBean : Initialized JPA EntityManagerFactory for persistence unit 'default'
2026-07-26T13:23:37.174-04:00  INFO 29692 --- [lecturas] [restartedMain] o.s.d.j.r.query.QueryEnhancerFactories   : Hibernate is in classpath; If applicable, HQL parser will be used.
2026-07-26T13:23:38.128-04:00  WARN 29692 --- [lecturas] [restartedMain] JpaBaseConfiguration$JpaWebConfiguration : spring.jpa.open-in-view is enabled by default. Therefore, database queries may be performed during view rendering. Explicitly configure spring.jpa.open-in-view to disable this warning
2026-07-26T13:23:38.456-04:00  INFO 29692 --- [lecturas] [restartedMain] o.s.boot.tomcat.TomcatWebServer          : Tomcat started on port 8081 (http) with context path '/'
2026-07-26T13:23:38.472-04:00  INFO 29692 --- [lecturas] [restartedMain] c.l.lecturas.LecturasApplication         : Started LecturasApplication in 4.917 seconds (process running for 5.312)
2026-07-26T13:23:38.477-04:00  WARN 29692 --- [lecturas] [restartedMain] o.s.core.events.SpringDocAppInitializer  : SpringDoc /v3/api-docs endpoint is enabled by default. To disable it in production, set the property 'springdoc.api-docs.enabled=false'
2026-07-26T13:23:38.477-04:00  WARN 29692 --- [lecturas] [restartedMain] o.s.core.events.SpringDocAppInitializer  : SpringDoc /swagger-ui.html endpoint is enabled by default. To disable it in production, set the property 'springdoc.swagger-ui.enabled=false'
2026-07-26T13:24:41.522-04:00  INFO 29692 --- [lecturas] [http-nio-8081-exec-1] o.apache.coyote.http11.Http11Processor   : Error parsing HTTP request header
 Note: further occurrences of HTTP request parsing errors will be logged at DEBUG level.

java.lang.IllegalArgumentException: Invalid character found in method name [0x160x030x010x060xde0x010x000x060xda0x030x03x0x970x820x18U0x8b0x90/,u0x9b0xf20x9d0x9c0xa90xdc0x100xdc0xd5A0x7f0xda0x160xcd"0xa00xa20x81/z0x0e0x97 ]. HTTP method names must be tokens
	at org.apache.coyote.http11.Http11InputBuffer.parseRequestLine(Http11InputBuffer.java:391) ~[tomcat-embed-core-11.0.22.jar:11.0.22]
	at org.apache.coyote.http11.Http11Processor.service(Http11Processor.java:270) ~[tomcat-embed-core-11.0.22.jar:11.0.22]
	at org.apache.coyote.AbstractProcessorLight.process(AbstractProcessorLight.java:63) ~[tomcat-embed-core-11.0.22.jar:11.0.22]
	at org.apache.coyote.AbstractProtocol$ConnectionHandler.process(AbstractProtocol.java:1272) ~[tomcat-embed-core-11.0.22.jar:11.0.22]
	at org.apache.tomcat.util.net.NioEndpoint$SocketProcessor.doRun(NioEndpoint.java:1801) ~[tomcat-embed-core-11.0.22.jar:11.0.22]
	at org.apache.tomcat.util.net.SocketProcessorBase.run(SocketProcessorBase.java:52) ~[tomcat-embed-core-11.0.22.jar:11.0.22]
	at org.apache.tomcat.util.threads.ThreadPoolExecutor.runWorker(ThreadPoolExecutor.java:946) ~[tomcat-embed-core-11.0.22.jar:11.0.22]
	at org.apache.tomcat.util.threads.ThreadPoolExecutor$Worker.run(ThreadPoolExecutor.java:480) ~[tomcat-embed-core-11.0.22.jar:11.0.22]
	at org.apache.tomcat.util.threads.TaskThread$WrappingRunnable.run(TaskThread.java:57) ~[tomcat-embed-core-11.0.22.jar:11.0.22]
	at java.base/java.lang.Thread.run(Thread.java:1583) ~[na:na]

2026-07-26T13:24:41.522-04:00  INFO 29692 --- [lecturas] [http-nio-8081-exec-2] o.apache.coyote.http11.Http11Processor   : Error parsing HTTP request header
 Note: further occurrences of HTTP request parsing errors will be logged at DEBUG level.

java.lang.IllegalArgumentException: Invalid character found in method name [0x160x030x010x060xfe0x010x000x060xfa0x030x030x980x900x1dZQ0xf90x8a0xaa0xc8F*0xe7`]N0x9b0xb20xf70xf7a0x160xa8)0xcd0xbe0x846J<)0xa20x8b ]. HTTP method names must be tokens
	at org.apache.coyote.http11.Http11InputBuffer.parseRequestLine(Http11InputBuffer.java:391) ~[tomcat-embed-core-11.0.22.jar:11.0.22]
	at org.apache.coyote.http11.Http11Processor.service(Http11Processor.java:270) ~[tomcat-embed-core-11.0.22.jar:11.0.22]
	at org.apache.coyote.AbstractProcessorLight.process(AbstractProcessorLight.java:63) ~[tomcat-embed-core-11.0.22.jar:11.0.22]
	at org.apache.coyote.AbstractProtocol$ConnectionHandler.process(AbstractProtocol.java:1272) ~[tomcat-embed-core-11.0.22.jar:11.0.22]
	at org.apache.tomcat.util.net.NioEndpoint$SocketProcessor.doRun(NioEndpoint.java:1801) ~[tomcat-embed-core-11.0.22.jar:11.0.22]
	at org.apache.tomcat.util.net.SocketProcessorBase.run(SocketProcessorBase.java:52) ~[tomcat-embed-core-11.0.22.jar:11.0.22]
	at org.apache.tomcat.util.threads.ThreadPoolExecutor.runWorker(ThreadPoolExecutor.java:946) ~[tomcat-embed-core-11.0.22.jar:11.0.22]
	at org.apache.tomcat.util.threads.ThreadPoolExecutor$Worker.run(ThreadPoolExecutor.java:480) ~[tomcat-embed-core-11.0.22.jar:11.0.22]
	at org.apache.tomcat.util.threads.TaskThread$WrappingRunnable.run(TaskThread.java:57) ~[tomcat-embed-core-11.0.22.jar:11.0.22]
	at java.base/java.lang.Thread.run(Thread.java:1583) ~[na:na]

2026-07-26T13:27:20.317-04:00  INFO 29692 --- [lecturas] [File Watcher] rtingClassPathChangeChangedEventListener : Restarting due to 1 class path change (0 additions, 0 deletions, 1 modification)
2026-07-26T13:27:20.318-04:00  INFO 29692 --- [lecturas] [Thread-1] o.s.boot.tomcat.GracefulShutdown         : Commencing graceful shutdown. Waiting for active requests to complete
2026-07-26T13:27:20.324-04:00  INFO 29692 --- [lecturas] [tomcat-shutdown] o.s.boot.tomcat.GracefulShutdown         : Graceful shutdown complete
2026-07-26T13:27:20.331-04:00  INFO 29692 --- [lecturas] [Thread-1] j.LocalContainerEntityManagerFactoryBean : Closing JPA EntityManagerFactory for persistence unit 'default'
2026-07-26T13:27:20.333-04:00  INFO 29692 --- [lecturas] [Thread-1] com.zaxxer.hikari.HikariDataSource       : HikariPool-1 - Shutdown initiated...
2026-07-26T13:27:20.338-04:00  INFO 29692 --- [lecturas] [Thread-1] com.zaxxer.hikari.HikariDataSource       : HikariPool-1 - Shutdown completed.
2026-07-26T13:27:20.437-04:00  INFO 29692 --- [lecturas] [restartedMain] c.l.lecturas.LecturasApplication         : Starting LecturasApplication using Java 21.0.11 with PID 29692 (C:\Users\tiare\Proyectos\lecturas\target\classes started by tiare in C:\Users\tiare\Proyectos\lecturas)
2026-07-26T13:27:20.437-04:00 DEBUG 29692 --- [lecturas] [restartedMain] c.l.lecturas.LecturasApplication         : Running with Spring Boot v4.0.7, Spring v7.0.8
2026-07-26T13:27:20.437-04:00  INFO 29692 --- [lecturas] [restartedMain] c.l.lecturas.LecturasApplication         : No active profile set, falling back to 1 default profile: "default"
2026-07-26T13:27:20.437-04:00 DEBUG 29692 --- [lecturas] [restartedMain] o.s.boot.SpringApplication               : Loading source class com.libreriadelosmilpetalos.lecturas.LecturasApplication
2026-07-26T13:27:20.437-04:00 DEBUG 29692 --- [lecturas] [restartedMain] ConfigServletWebServerApplicationContext : Refreshing org.springframework.boot.web.server.servlet.context.AnnotationConfigServletWebServerApplicationContext@65bfe393
2026-07-26T13:27:20.437-04:00 DEBUG 29692 --- [lecturas] [restartedMain] o.s.b.f.s.DefaultListableBeanFactory     : Creating shared instance of singleton bean 'org.springframework.context.annotation.internalConfigurationAnnotationProcessor'
2026-07-26T13:27:20.437-04:00 DEBUG 29692 --- [lecturas] [restartedMain] o.s.b.f.s.DefaultListableBeanFactory     : Creating shared instance of singleton bean 'org.springframework.boot.autoconfigure.internalCachingMetadataReaderFactory'
2026-07-26T13:27:20.452-04:00 DEBUG 29692 --- [lecturas] [restartedMain] o.s.c.a.ClassPathBeanDefinitionScanner   : Identified candidate component class: file [C:\Users\tiare\Proyectos\lecturas\target\classes\com\libreriadelosmilpetalos\lecturas\controller\LibroController.class]
2026-07-26T13:27:20.455-04:00 DEBUG 29692 --- [lecturas] [restartedMain] o.s.c.a.ClassPathBeanDefinitionScanner   : Identified candidate component class: file [C:\Users\tiare\Proyectos\lecturas\target\classes\com\libreriadelosmilpetalos\lecturas\exception\GlobalExceptionHandler.class]
2026-07-26T13:27:20.455-04:00 DEBUG 29692 --- [lecturas] [restartedMain] o.s.c.a.ClassPathBeanDefinitionScanner   : Identified candidate component class: file [C:\Users\tiare\Proyectos\lecturas\target\classes\com\libreriadelosmilpetalos\lecturas\service\EtiquetaService.class]
2026-07-26T13:27:20.455-04:00 DEBUG 29692 --- [lecturas] [restartedMain] o.s.c.a.ClassPathBeanDefinitionScanner   : Identified candidate component class: file [C:\Users\tiare\Proyectos\lecturas\target\classes\com\libreriadelosmilpetalos\lecturas\service\LibroService.class]
2026-07-26T13:27:20.591-04:00  INFO 29692 --- [lecturas] [restartedMain] .s.d.r.c.RepositoryConfigurationDelegate : Bootstrapping Spring Data JPA repositories in DEFAULT mode.
2026-07-26T13:27:20.592-04:00 DEBUG 29692 --- [lecturas] [restartedMain] o.s.b.f.s.DefaultListableBeanFactory     : Creating shared instance of singleton bean 'org.springframework.boot.autoconfigure.AutoConfigurationPackages'
2026-07-26T13:27:20.593-04:00 DEBUG 29692 --- [lecturas] [restartedMain] o.s.b.a.AutoConfigurationPackages        : @EnableAutoConfiguration was declared on a class in the package 'com.libreriadelosmilpetalos.lecturas'. Automatic @Repository and @Entity scanning is enabled.
2026-07-26T13:27:20.593-04:00 DEBUG 29692 --- [lecturas] [restartedMain] .s.d.r.c.RepositoryConfigurationDelegate : Scanning for JPA repositories in packages com.libreriadelosmilpetalos.lecturas.
2026-07-26T13:27:20.596-04:00 DEBUG 29692 --- [lecturas] [restartedMain] o.s.d.r.c.RepositoryComponentProvider    : Identified candidate component class: file [C:\Users\tiare\Proyectos\lecturas\target\classes\com\libreriadelosmilpetalos\lecturas\repository\EtiquetaRepository.class]
2026-07-26T13:27:20.597-04:00 DEBUG 29692 --- [lecturas] [restartedMain] o.s.d.r.c.RepositoryComponentProvider    : Identified candidate component class: file [C:\Users\tiare\Proyectos\lecturas\target\classes\com\libreriadelosmilpetalos\lecturas\repository\LibroRepository.class]
2026-07-26T13:27:20.604-04:00  INFO 29692 --- [lecturas] [restartedMain] .s.d.r.c.RepositoryConfigurationDelegate : Finished Spring Data repository scanning in 10 ms. Found 2 JPA repository interfaces.
2026-07-26T13:27:20.622-04:00 DEBUG 29692 --- [lecturas] [restartedMain] o.s.b.f.s.DefaultListableBeanFactory     : Creating shared instance of singleton bean 'propertySourcesPlaceholderConfigurer'
2026-07-26T13:27:20.622-04:00 DEBUG 29692 --- [lecturas] [restartedMain] o.s.b.f.s.DefaultListableBeanFactory     : Creating shared instance of singleton bean 'org.springframework.boot.devtools.autoconfigure.DevToolsDataSourceAutoConfiguration$DatabaseShutdownExecutorEntityManagerFactoryDependsOnPostProcessor'
2026-07-26T13:27:20.622-04:00 DEBUG 29692 --- [lecturas] [restartedMain] o.s.b.f.s.DefaultListableBeanFactory     : Creating shared instance of singleton bean 'org.springframework.boot.sql.init.dependency.DatabaseInitializationDependencyConfigurer$DependsOnDatabaseInitializationPostProcessor'
2026-07-26T13:27:20.622-04:00 DEBUG 29692 --- [lecturas] [restartedMain] o.s.b.f.s.DefaultListableBeanFactory     : Creating shared instance of singleton bean 'org.springframework.context.event.internalEventListenerProcessor'
2026-07-26T13:27:20.622-04:00 DEBUG 29692 --- [lecturas] [restartedMain] o.s.b.f.s.DefaultListableBeanFactory     : Creating shared instance of singleton bean 'bootstrapExecutorAliasPostProcessor'
2026-07-26T13:27:20.622-04:00 DEBUG 29692 --- [lecturas] [restartedMain] o.s.b.f.s.DefaultListableBeanFactory     : Creating shared instance of singleton bean 'preserveErrorControllerTargetClassPostProcessor'
2026-07-26T13:27:20.622-04:00 DEBUG 29692 --- [lecturas] [restartedMain] o.s.b.f.s.DefaultListableBeanFactory     : Creating shared instance of singleton bean 'org.springframework.context.event.internalEventListenerFactory'
2026-07-26T13:27:20.622-04:00 DEBUG 29692 --- [lecturas] [restartedMain] o.s.b.f.s.DefaultListableBeanFactory     : Creating shared instance of singleton bean 'org.springframework.transaction.config.internalTransactionalEventListenerFactory'
2026-07-26T13:27:20.631-04:00 DEBUG 29692 --- [lecturas] [restartedMain] o.s.b.f.s.DefaultListableBeanFactory     : Creating shared instance of singleton bean 'org.springframework.context.annotation.internalAutowiredAnnotationProcessor'
2026-07-26T13:27:20.631-04:00 DEBUG 29692 --- [lecturas] [restartedMain] o.s.b.f.s.DefaultListableBeanFactory     : Creating shared instance of singleton bean 'org.springframework.context.annotation.internalCommonAnnotationProcessor'
2026-07-26T13:27:20.631-04:00 DEBUG 29692 --- [lecturas] [restartedMain] o.s.b.f.s.DefaultListableBeanFactory     : Creating shared instance of singleton bean 'org.springframework.context.annotation.internalPersistenceAnnotationProcessor'
2026-07-26T13:27:20.631-04:00 DEBUG 29692 --- [lecturas] [restartedMain] o.s.b.f.s.DefaultListableBeanFactory     : Creating shared instance of singleton bean 'org.springframework.boot.context.properties.ConfigurationPropertiesBindingPostProcessor'
2026-07-26T13:27:20.631-04:00 DEBUG 29692 --- [lecturas] [restartedMain] o.s.b.f.s.DefaultListableBeanFactory     : Creating shared instance of singleton bean 'org.springframework.boot.context.internalConfigurationPropertiesBinder'
2026-07-26T13:27:20.633-04:00 DEBUG 29692 --- [lecturas] [restartedMain] o.s.b.f.s.DefaultListableBeanFactory     : Creating shared instance of singleton bean 'jdbcConnectionDetailsHikariBeanPostProcessor'
2026-07-26T13:27:20.633-04:00 DEBUG 29692 --- [lecturas] [restartedMain] o.s.b.f.s.DefaultListableBeanFactory     : Creating shared instance of singleton bean 'methodValidationPostProcessor'
2026-07-26T13:27:20.633-04:00 DEBUG 29692 --- [lecturas] [restartedMain] o.s.b.f.s.DefaultListableBeanFactory     : Autowiring by type from bean name 'methodValidationPostProcessor' via factory method to bean named 'environment'
2026-07-26T13:27:20.634-04:00 DEBUG 29692 --- [lecturas] [restartedMain] o.s.b.f.s.DefaultListableBeanFactory     : Creating shared instance of singleton bean 'org.springframework.boot.context.properties.EnableConfigurationPropertiesRegistrar.methodValidationExcludeFilter'
2026-07-26T13:27:20.635-04:00 DEBUG 29692 --- [lecturas] [restartedMain] o.s.b.f.s.DefaultListableBeanFactory     : Creating shared instance of singleton bean 'org.springframework.aop.framework.autoproxy.defaultProxyConfig'
2026-07-26T13:27:20.635-04:00 DEBUG 29692 --- [lecturas] [restartedMain] o.s.b.f.s.DefaultListableBeanFactory     : Creating shared instance of singleton bean 'org.springframework.aop.config.internalAutoProxyCreator'
2026-07-26T13:27:20.635-04:00 DEBUG 29692 --- [lecturas] [restartedMain] o.s.b.f.s.DefaultListableBeanFactory     : Creating shared instance of singleton bean 'persistenceExceptionTranslationPostProcessor'
2026-07-26T13:27:20.635-04:00 DEBUG 29692 --- [lecturas] [restartedMain] o.s.b.f.s.DefaultListableBeanFactory     : Autowiring by type from bean name 'persistenceExceptionTranslationPostProcessor' via factory method to bean named 'environment'
2026-07-26T13:27:20.635-04:00 DEBUG 29692 --- [lecturas] [restartedMain] o.s.b.f.s.DefaultListableBeanFactory     : Creating shared instance of singleton bean 'projectingArgumentResolverBeanPostProcessor'
2026-07-26T13:27:20.635-04:00 DEBUG 29692 --- [lecturas] [restartedMain] o.s.b.f.s.DefaultListableBeanFactory     : Creating shared instance of singleton bean 'org.springframework.transaction.config.internalTransactionAdvisor'
2026-07-26T13:27:20.635-04:00 DEBUG 29692 --- [lecturas] [restartedMain] o.s.b.f.s.DefaultListableBeanFactory     : Creating shared instance of singleton bean 'org.springframework.transaction.annotation.ProxyTransactionManagementConfiguration'
2026-07-26T13:27:20.642-04:00 DEBUG 29692 --- [lecturas] [restartedMain] o.s.b.f.s.DefaultListableBeanFactory     : Creating shared instance of singleton bean 'transactionAttributeSource'
2026-07-26T13:27:20.644-04:00 DEBUG 29692 --- [lecturas] [restartedMain] o.s.b.f.s.DefaultListableBeanFactory     : Creating shared instance of singleton bean 'transactionInterceptor'
2026-07-26T13:27:20.644-04:00 DEBUG 29692 --- [lecturas] [restartedMain] o.s.b.f.s.DefaultListableBeanFactory     : Autowiring by type from bean name 'transactionInterceptor' via factory method to bean named 'transactionAttributeSource'
2026-07-26T13:27:20.645-04:00 DEBUG 29692 --- [lecturas] [restartedMain] o.s.b.f.s.DefaultListableBeanFactory     : Autowiring by type from bean name 'org.springframework.transaction.config.internalTransactionAdvisor' via factory method to bean named 'transactionAttributeSource'
2026-07-26T13:27:20.645-04:00 DEBUG 29692 --- [lecturas] [restartedMain] o.s.b.f.s.DefaultListableBeanFactory     : Autowiring by type from bean name 'org.springframework.transaction.config.internalTransactionAdvisor' via factory method to bean named 'transactionInterceptor'
2026-07-26T13:27:20.645-04:00 DEBUG 29692 --- [lecturas] [restartedMain] o.s.b.f.s.DefaultListableBeanFactory     : Creating shared instance of singleton bean 'webServerFactoryCustomizerBeanPostProcessor'
2026-07-26T13:27:20.646-04:00 DEBUG 29692 --- [lecturas] [restartedMain] o.s.b.f.s.DefaultListableBeanFactory     : Creating shared instance of singleton bean 'errorPageRegistrarBeanPostProcessor'
2026-07-26T13:27:20.647-04:00 DEBUG 29692 --- [lecturas] [restartedMain] o.s.b.f.s.DefaultListableBeanFactory     : Creating shared instance of singleton bean 'tomcatServletWebServerFactory'
2026-07-26T13:27:20.647-04:00 DEBUG 29692 --- [lecturas] [restartedMain] o.s.b.f.s.DefaultListableBeanFactory     : Creating shared instance of singleton bean 'org.springframework.boot.tomcat.autoconfigure.servlet.TomcatServletWebServerAutoConfiguration'
2026-07-26T13:27:20.647-04:00 DEBUG 29692 --- [lecturas] [restartedMain] o.s.b.f.s.DefaultListableBeanFactory     : Creating shared instance of singleton bean 'server.tomcat-org.springframework.boot.tomcat.autoconfigure.TomcatServerProperties'
2026-07-26T13:27:20.647-04:00 DEBUG 29692 --- [lecturas] [restartedMain] o.s.b.f.s.DefaultListableBeanFactory     : Creating shared instance of singleton bean 'org.springframework.boot.context.properties.BoundConfigurationProperties'
2026-07-26T13:27:20.648-04:00 DEBUG 29692 --- [lecturas] [restartedMain] o.s.b.f.s.DefaultListableBeanFactory     : Creating shared instance of singleton bean 'stringOrNumberMigrationVersionConverter'
2026-07-26T13:27:20.651-04:00 DEBUG 29692 --- [lecturas] [restartedMain] o.s.b.f.s.DefaultListableBeanFactory     : Autowiring by type from bean name 'org.springframework.boot.tomcat.autoconfigure.servlet.TomcatServletWebServerAutoConfiguration' via constructor to bean named 'server.tomcat-org.springframework.boot.tomcat.autoconfigure.TomcatServerProperties'
2026-07-26T13:27:20.653-04:00 DEBUG 29692 --- [lecturas] [restartedMain] o.s.b.f.s.DefaultListableBeanFactory     : Creating shared instance of singleton bean 'servletWebServerFactoryCustomizer'
2026-07-26T13:27:20.653-04:00 DEBUG 29692 --- [lecturas] [restartedMain] o.s.b.f.s.DefaultListableBeanFactory     : Creating shared instance of singleton bean 'org.springframework.boot.web.server.autoconfigure.servlet.ServletWebServerConfiguration'
2026-07-26T13:27:20.653-04:00 DEBUG 29692 --- [lecturas] [restartedMain] o.s.b.f.s.DefaultListableBeanFactory     : Creating shared instance of singleton bean 'server-org.springframework.boot.web.server.autoconfigure.ServerProperties'
2026-07-26T13:27:20.656-04:00 DEBUG 29692 --- [lecturas] [restartedMain] o.s.b.f.s.DefaultListableBeanFactory     : Autowiring by type from bean name 'servletWebServerFactoryCustomizer' via factory method to bean named 'server-org.springframework.boot.web.server.autoconfigure.ServerProperties'
2026-07-26T13:27:20.657-04:00 DEBUG 29692 --- [lecturas] [restartedMain] o.s.b.f.s.DefaultListableBeanFactory     : Creating shared instance of singleton bean 'sslBundleRegistry'
2026-07-26T13:27:20.658-04:00 DEBUG 29692 --- [lecturas] [restartedMain] o.s.b.f.s.DefaultListableBeanFactory     : Creating shared instance of singleton bean 'org.springframework.boot.autoconfigure.ssl.SslAutoConfiguration'
2026-07-26T13:27:20.659-04:00 DEBUG 29692 --- [lecturas] [restartedMain] o.s.b.f.s.DefaultListableBeanFactory     : Creating shared instance of singleton bean 'spring.ssl-org.springframework.boot.autoconfigure.ssl.SslProperties'
2026-07-26T13:27:20.659-04:00 DEBUG 29692 --- [lecturas] [restartedMain] o.s.b.f.s.DefaultListableBeanFactory     : Autowiring by type from bean name 'org.springframework.boot.autoconfigure.ssl.SslAutoConfiguration' via constructor to bean named 'org.springframework.boot.web.server.servlet.context.AnnotationConfigServletWebServerApplicationContext@65bfe393'
2026-07-26T13:27:20.659-04:00 DEBUG 29692 --- [lecturas] [restartedMain] o.s.b.f.s.DefaultListableBeanFactory     : Autowiring by type from bean name 'org.springframework.boot.autoconfigure.ssl.SslAutoConfiguration' via constructor to bean named 'spring.ssl-org.springframework.boot.autoconfigure.ssl.SslProperties'
2026-07-26T13:27:20.661-04:00 DEBUG 29692 --- [lecturas] [restartedMain] o.s.b.f.s.DefaultListableBeanFactory     : Creating shared instance of singleton bean 'sslPropertiesSslBundleRegistrar'
2026-07-26T13:27:20.661-04:00 DEBUG 29692 --- [lecturas] [restartedMain] o.s.b.f.s.DefaultListableBeanFactory     : Creating shared instance of singleton bean 'fileWatcher'
2026-07-26T13:27:20.661-04:00 DEBUG 29692 --- [lecturas] [restartedMain] o.s.b.f.s.DefaultListableBeanFactory     : Autowiring by type from bean name 'sslPropertiesSslBundleRegistrar' via factory method to bean named 'fileWatcher'
2026-07-26T13:27:20.663-04:00 DEBUG 29692 --- [lecturas] [restartedMain] o.s.b.f.s.DefaultListableBeanFactory     : Creating shared instance of singleton bean 'webSocketWebServerCustomizer'
2026-07-26T13:27:20.663-04:00 DEBUG 29692 --- [lecturas] [restartedMain] o.s.b.f.s.DefaultListableBeanFactory     : Creating shared instance of singleton bean 'org.springframework.boot.tomcat.autoconfigure.TomcatWebServerConfiguration$TomcatWebSocketConfiguration'
2026-07-26T13:27:20.663-04:00 DEBUG 29692 --- [lecturas] [restartedMain] o.s.b.f.s.DefaultListableBeanFactory     : Creating shared instance of singleton bean 'tomcatWebServerFactoryCustomizer'
2026-07-26T13:27:20.663-04:00 DEBUG 29692 --- [lecturas] [restartedMain] o.s.b.f.s.DefaultListableBeanFactory     : Creating shared instance of singleton bean 'org.springframework.boot.tomcat.autoconfigure.TomcatWebServerConfiguration'
2026-07-26T13:27:20.664-04:00 DEBUG 29692 --- [lecturas] [restartedMain] o.s.b.f.s.DefaultListableBeanFactory     : Creating shared instance of singleton bean 'spring.web-org.springframework.boot.autoconfigure.web.WebProperties'
2026-07-26T13:27:20.666-04:00 DEBUG 29692 --- [lecturas] [restartedMain] o.s.b.f.s.DefaultListableBeanFactory     : Autowiring by type from bean name 'tomcatWebServerFactoryCustomizer' via factory method to bean named 'environment'
2026-07-26T13:27:20.666-04:00 DEBUG 29692 --- [lecturas] [restartedMain] o.s.b.f.s.DefaultListableBeanFactory     : Autowiring by type from bean name 'tomcatWebServerFactoryCustomizer' via factory method to bean named 'server-org.springframework.boot.web.server.autoconfigure.ServerProperties'
2026-07-26T13:27:20.666-04:00 DEBUG 29692 --- [lecturas] [restartedMain] o.s.b.f.s.DefaultListableBeanFactory     : Autowiring by type from bean name 'tomcatWebServerFactoryCustomizer' via factory method to bean named 'server.tomcat-org.springframework.boot.tomcat.autoconfigure.TomcatServerProperties'
2026-07-26T13:27:20.667-04:00 DEBUG 29692 --- [lecturas] [restartedMain] o.s.b.f.s.DefaultListableBeanFactory     : Autowiring by type from bean name 'tomcatWebServerFactoryCustomizer' via factory method to bean named 'spring.web-org.springframework.boot.autoconfigure.web.WebProperties'
2026-07-26T13:27:20.667-04:00 DEBUG 29692 --- [lecturas] [restartedMain] o.s.b.f.s.DefaultListableBeanFactory     : Creating shared instance of singleton bean 'tomcatServletWebServerFactoryCustomizer'
2026-07-26T13:27:20.668-04:00 DEBUG 29692 --- [lecturas] [restartedMain] o.s.b.f.s.DefaultListableBeanFactory     : Autowiring by type from bean name 'tomcatServletWebServerFactoryCustomizer' via factory method to bean named 'server.tomcat-org.springframework.boot.tomcat.autoconfigure.TomcatServerProperties'
2026-07-26T13:27:20.670-04:00 DEBUG 29692 --- [lecturas] [restartedMain] o.s.b.f.s.DefaultListableBeanFactory     : Creating shared instance of singleton bean 'errorPageCustomizer'
2026-07-26T13:27:20.671-04:00 DEBUG 29692 --- [lecturas] [restartedMain] o.s.b.f.s.DefaultListableBeanFactory     : Creating shared instance of singleton bean 'org.springframework.boot.webmvc.autoconfigure.error.ErrorMvcAutoConfiguration'
2026-07-26T13:27:20.671-04:00 DEBUG 29692 --- [lecturas] [restartedMain] o.s.b.f.s.DefaultListableBeanFactory     : Autowiring by type from bean name 'org.springframework.boot.webmvc.autoconfigure.error.ErrorMvcAutoConfiguration' via constructor to bean named 'spring.web-org.springframework.boot.autoconfigure.web.WebProperties'
2026-07-26T13:27:20.672-04:00 DEBUG 29692 --- [lecturas] [restartedMain] o.s.b.f.s.DefaultListableBeanFactory     : Creating shared instance of singleton bean 'dispatcherServletRegistration'
2026-07-26T13:27:20.672-04:00 DEBUG 29692 --- [lecturas] [restartedMain] o.s.b.f.s.DefaultListableBeanFactory     : Creating shared instance of singleton bean 'org.springframework.boot.webmvc.autoconfigure.DispatcherServletAutoConfiguration$DispatcherServletRegistrationConfiguration'
2026-07-26T13:27:20.673-04:00 DEBUG 29692 --- [lecturas] [restartedMain] o.s.b.f.s.DefaultListableBeanFactory     : Creating shared instance of singleton bean 'dispatcherServlet'
2026-07-26T13:27:20.673-04:00 DEBUG 29692 --- [lecturas] [restartedMain] o.s.b.f.s.DefaultListableBeanFactory     : Creating shared instance of singleton bean 'org.springframework.boot.webmvc.autoconfigure.DispatcherServletAutoConfiguration$DispatcherServletConfiguration'
2026-07-26T13:27:20.674-04:00 DEBUG 29692 --- [lecturas] [restartedMain] o.s.b.f.s.DefaultListableBeanFactory     : Creating shared instance of singleton bean 'spring.mvc-org.springframework.boot.webmvc.autoconfigure.WebMvcProperties'
2026-07-26T13:27:20.675-04:00 DEBUG 29692 --- [lecturas] [restartedMain] o.s.b.f.s.DefaultListableBeanFactory     : Autowiring by type from bean name 'dispatcherServlet' via factory method to bean named 'spring.mvc-org.springframework.boot.webmvc.autoconfigure.WebMvcProperties'
2026-07-26T13:27:20.677-04:00 DEBUG 29692 --- [lecturas] [restartedMain] o.s.b.f.s.DefaultListableBeanFactory     : Autowiring by type from bean name 'dispatcherServletRegistration' via factory method to bean named 'dispatcherServlet'
2026-07-26T13:27:20.678-04:00 DEBUG 29692 --- [lecturas] [restartedMain] o.s.b.f.s.DefaultListableBeanFactory     : Autowiring by type from bean name 'dispatcherServletRegistration' via factory method to bean named 'spring.mvc-org.springframework.boot.webmvc.autoconfigure.WebMvcProperties'
2026-07-26T13:27:20.678-04:00 DEBUG 29692 --- [lecturas] [restartedMain] o.s.b.f.s.DefaultListableBeanFactory     : Creating shared instance of singleton bean 'multipartConfigElement'
2026-07-26T13:27:20.679-04:00 DEBUG 29692 --- [lecturas] [restartedMain] o.s.b.f.s.DefaultListableBeanFactory     : Creating shared instance of singleton bean 'org.springframework.boot.servlet.autoconfigure.MultipartAutoConfiguration'
2026-07-26T13:27:20.680-04:00 DEBUG 29692 --- [lecturas] [restartedMain] o.s.b.f.s.DefaultListableBeanFactory     : Creating shared instance of singleton bean 'spring.servlet.multipart-org.springframework.boot.servlet.autoconfigure.MultipartProperties'
2026-07-26T13:27:20.681-04:00 DEBUG 29692 --- [lecturas] [restartedMain] o.s.b.f.s.DefaultListableBeanFactory     : Autowiring by type from bean name 'org.springframework.boot.servlet.autoconfigure.MultipartAutoConfiguration' via constructor to bean named 'spring.servlet.multipart-org.springframework.boot.servlet.autoconfigure.MultipartProperties'
2026-07-26T13:27:20.681-04:00 DEBUG 29692 --- [lecturas] [restartedMain] o.s.b.f.s.DefaultListableBeanFactory     : Autowiring by type from bean name 'errorPageCustomizer' via factory method to bean named 'dispatcherServletRegistration'
2026-07-26T13:27:20.686-04:00 DEBUG 29692 --- [lecturas] [restartedMain] org.apache.catalina.core.ContainerBase   : Add container child [StandardHost[localhost]] to container [StandardEngine[Tomcat]]
2026-07-26T13:27:20.686-04:00 DEBUG 29692 --- [lecturas] [restartedMain] o.s.b.t.s.TomcatServletWebServerFactory  : Code archive: C:\Users\tiare\.m2\repository\org\springframework\boot\spring-boot-web-server\4.0.7\spring-boot-web-server-4.0.7.jar
2026-07-26T13:27:20.687-04:00 DEBUG 29692 --- [lecturas] [restartedMain] o.s.b.t.s.TomcatServletWebServerFactory  : Code archive: C:\Users\tiare\.m2\repository\org\springframework\boot\spring-boot-web-server\4.0.7\spring-boot-web-server-4.0.7.jar
2026-07-26T13:27:20.687-04:00 DEBUG 29692 --- [lecturas] [restartedMain] o.s.b.t.s.TomcatServletWebServerFactory  : None of the document roots [src/main/webapp, public, static] point to a directory and will be ignored.
2026-07-26T13:27:20.688-04:00 DEBUG 29692 --- [lecturas] [restartedMain] org.apache.catalina.core.ContainerBase   : Add container child [TomcatEmbeddedContext[]] to container [StandardEngine[Tomcat].StandardHost[localhost]]
2026-07-26T13:27:20.697-04:00  INFO 29692 --- [lecturas] [restartedMain] o.s.boot.tomcat.TomcatWebServer          : Tomcat initialized with port 8081 (http)
2026-07-26T13:27:20.698-04:00  INFO 29692 --- [lecturas] [restartedMain] o.apache.catalina.core.StandardService   : Starting service [Tomcat]
2026-07-26T13:27:20.698-04:00  INFO 29692 --- [lecturas] [restartedMain] o.apache.catalina.core.StandardEngine    : Starting Servlet engine: [Apache Tomcat/11.0.22]
2026-07-26T13:27:20.719-04:00 DEBUG 29692 --- [lecturas] [restartedMain] o.apache.catalina.loader.WebappLoader    : Starting this Loader
2026-07-26T13:27:20.721-04:00 DEBUG 29692 --- [lecturas] [restartedMain] org.apache.catalina.webresources.Cache   : Increased cache size by [531] for item [org.apache.catalina.webresources.CachedResource@1fa40d62] at [/WEB-INF/classes] making total cache size [531]
2026-07-26T13:27:20.722-04:00 DEBUG 29692 --- [lecturas] [restartedMain] b.w.c.s.WebApplicationContextInitializer : Published root WebApplicationContext as ServletContext attribute with name [org.springframework.web.context.WebApplicationContext.ROOT]
2026-07-26T13:27:20.722-04:00  INFO 29692 --- [lecturas] [restartedMain] b.w.c.s.WebApplicationContextInitializer : Root WebApplicationContext: initialization completed in 285 ms
2026-07-26T13:27:20.724-04:00 DEBUG 29692 --- [lecturas] [restartedMain] o.s.b.f.s.DefaultListableBeanFactory     : Creating shared instance of singleton bean 'requestContextFilter'
2026-07-26T13:27:20.725-04:00 DEBUG 29692 --- [lecturas] [restartedMain] o.s.b.f.s.DefaultListableBeanFactory     : Creating shared instance of singleton bean 'formContentFilter'
2026-07-26T13:27:20.725-04:00 DEBUG 29692 --- [lecturas] [restartedMain] o.s.b.f.s.DefaultListableBeanFactory     : Creating shared instance of singleton bean 'org.springframework.boot.webmvc.autoconfigure.WebMvcAutoConfiguration'
2026-07-26T13:27:20.727-04:00 DEBUG 29692 --- [lecturas] [restartedMain] o.s.b.f.s.DefaultListableBeanFactory     : Creating shared instance of singleton bean 'characterEncodingFilter'
2026-07-26T13:27:20.727-04:00 DEBUG 29692 --- [lecturas] [restartedMain] o.s.b.f.s.DefaultListableBeanFactory     : Creating shared instance of singleton bean 'org.springframework.boot.servlet.autoconfigure.HttpEncodingAutoConfiguration'
2026-07-26T13:27:20.727-04:00 DEBUG 29692 --- [lecturas] [restartedMain] o.s.b.f.s.DefaultListableBeanFactory     : Creating shared instance of singleton bean 'spring.servlet.encoding-org.springframework.boot.servlet.autoconfigure.ServletEncodingProperties'
2026-07-26T13:27:20.728-04:00 DEBUG 29692 --- [lecturas] [restartedMain] o.s.b.f.s.DefaultListableBeanFactory     : Autowiring by type from bean name 'characterEncodingFilter' via factory method to bean named 'spring.servlet.encoding-org.springframework.boot.servlet.autoconfigure.ServletEncodingProperties'
2026-07-26T13:27:20.730-04:00 DEBUG 29692 --- [lecturas] [restartedMain] o.s.b.w.s.ServletContextInitializerBeans : Mapping filters: characterEncodingFilter urls=[/*] order=-2147483648, formContentFilter urls=[/*] order=-9900, requestContextFilter urls=[/*] order=-105
2026-07-26T13:27:20.730-04:00 DEBUG 29692 --- [lecturas] [restartedMain] o.s.b.w.s.ServletContextInitializerBeans : Mapping servlets: dispatcherServlet urls=[/]
2026-07-26T13:27:20.730-04:00 DEBUG 29692 --- [lecturas] [restartedMain] org.apache.catalina.core.ContainerBase   : Add container child [StandardWrapper[dispatcherServlet]] to container [StandardEngine[Tomcat].StandardHost[localhost].TomcatEmbeddedContext[]]
2026-07-26T13:27:20.731-04:00 DEBUG 29692 --- [lecturas] [restartedMain] o.a.catalina.session.StandardManager     : Persisted data file [C:\Users\tiare\AppData\Local\Temp\E967C2232B1659EF2EDCC58F5A2276E54E3F44DE\servlet-sessions\SESSIONS.ser] was not found

java.io.FileNotFoundException: C:\Users\tiare\AppData\Local\Temp\E967C2232B1659EF2EDCC58F5A2276E54E3F44DE\servlet-sessions\SESSIONS.ser (El sistema no puede encontrar el archivo especificado)
	at java.base/java.io.FileInputStream.open0(Native Method) ~[na:na]
	at java.base/java.io.FileInputStream.open(FileInputStream.java:213) ~[na:na]
	at java.base/java.io.FileInputStream.<init>(FileInputStream.java:152) ~[na:na]
	at java.base/java.io.FileInputStream.<init>(FileInputStream.java:106) ~[na:na]
	at org.apache.catalina.session.StandardManager.load(StandardManager.java:123) ~[tomcat-embed-core-11.0.22.jar:11.0.22]
	at org.apache.catalina.session.StandardManager.startInternal(StandardManager.java:255) ~[tomcat-embed-core-11.0.22.jar:11.0.22]
	at org.apache.catalina.util.LifecycleBase.start(LifecycleBase.java:164) ~[tomcat-embed-core-11.0.22.jar:11.0.22]
	at org.apache.catalina.core.StandardContext.startInternal(StandardContext.java:4447) ~[tomcat-embed-core-11.0.22.jar:11.0.22]
	at org.apache.catalina.util.LifecycleBase.start(LifecycleBase.java:164) ~[tomcat-embed-core-11.0.22.jar:11.0.22]
	at org.apache.catalina.core.ContainerBase$StartChild.call(ContainerBase.java:1162) ~[tomcat-embed-core-11.0.22.jar:11.0.22]
	at org.apache.catalina.core.ContainerBase$StartChild.call(ContainerBase.java:1158) ~[tomcat-embed-core-11.0.22.jar:11.0.22]
	at java.base/java.util.concurrent.FutureTask.run(FutureTask.java:317) ~[na:na]
	at org.apache.tomcat.util.threads.InlineExecutorService.execute(InlineExecutorService.java:81) ~[tomcat-embed-core-11.0.22.jar:11.0.22]
	at java.base/java.util.concurrent.AbstractExecutorService.submit(AbstractExecutorService.java:145) ~[na:na]
	at org.apache.catalina.core.ContainerBase.startInternal(ContainerBase.java:714) ~[tomcat-embed-core-11.0.22.jar:11.0.22]
	at org.apache.catalina.core.StandardHost.startInternal(StandardHost.java:780) ~[tomcat-embed-core-11.0.22.jar:11.0.22]
	at org.apache.catalina.util.LifecycleBase.start(LifecycleBase.java:164) ~[tomcat-embed-core-11.0.22.jar:11.0.22]
	at org.apache.catalina.core.ContainerBase$StartChild.call(ContainerBase.java:1162) ~[tomcat-embed-core-11.0.22.jar:11.0.22]
	at org.apache.catalina.core.ContainerBase$StartChild.call(ContainerBase.java:1158) ~[tomcat-embed-core-11.0.22.jar:11.0.22]
	at java.base/java.util.concurrent.FutureTask.run(FutureTask.java:317) ~[na:na]
	at org.apache.tomcat.util.threads.InlineExecutorService.execute(InlineExecutorService.java:81) ~[tomcat-embed-core-11.0.22.jar:11.0.22]
	at java.base/java.util.concurrent.AbstractExecutorService.submit(AbstractExecutorService.java:145) ~[na:na]
	at org.apache.catalina.core.ContainerBase.startInternal(ContainerBase.java:714) ~[tomcat-embed-core-11.0.22.jar:11.0.22]
	at org.apache.catalina.core.StandardEngine.startInternal(StandardEngine.java:201) ~[tomcat-embed-core-11.0.22.jar:11.0.22]
	at org.apache.catalina.util.LifecycleBase.start(LifecycleBase.java:164) ~[tomcat-embed-core-11.0.22.jar:11.0.22]
	at org.apache.catalina.core.StandardService.startInternal(StandardService.java:410) ~[tomcat-embed-core-11.0.22.jar:11.0.22]
	at org.apache.catalina.util.LifecycleBase.start(LifecycleBase.java:164) ~[tomcat-embed-core-11.0.22.jar:11.0.22]
	at org.apache.catalina.core.StandardServer.startInternal(StandardServer.java:864) ~[tomcat-embed-core-11.0.22.jar:11.0.22]
	at org.apache.catalina.util.LifecycleBase.start(LifecycleBase.java:164) ~[tomcat-embed-core-11.0.22.jar:11.0.22]
	at org.apache.catalina.startup.Tomcat.start(Tomcat.java:435) ~[tomcat-embed-core-11.0.22.jar:11.0.22]
	at org.springframework.boot.tomcat.TomcatWebServer.initialize(TomcatWebServer.java:131) ~[spring-boot-tomcat-4.0.7.jar:4.0.7]
	at org.springframework.boot.tomcat.TomcatWebServer.<init>(TomcatWebServer.java:110) ~[spring-boot-tomcat-4.0.7.jar:4.0.7]
	at org.springframework.boot.tomcat.servlet.TomcatServletWebServerFactory.getTomcatWebServer(TomcatServletWebServerFactory.java:408) ~[spring-boot-tomcat-4.0.7.jar:4.0.7]
	at org.springframework.boot.tomcat.servlet.TomcatServletWebServerFactory.getWebServer(TomcatServletWebServerFactory.java:166) ~[spring-boot-tomcat-4.0.7.jar:4.0.7]
	at org.springframework.boot.web.server.servlet.context.ServletWebServerApplicationContext.createWebServer(ServletWebServerApplicationContext.java:190) ~[spring-boot-web-server-4.0.7.jar:4.0.7]
	at org.springframework.boot.web.server.servlet.context.ServletWebServerApplicationContext.onRefresh(ServletWebServerApplicationContext.java:164) ~[spring-boot-web-server-4.0.7.jar:4.0.7]
	at org.springframework.context.support.AbstractApplicationContext.refresh(AbstractApplicationContext.java:615) ~[spring-context-7.0.8.jar:7.0.8]
	at org.springframework.boot.web.server.servlet.context.ServletWebServerApplicationContext.refresh(ServletWebServerApplicationContext.java:143) ~[spring-boot-web-server-4.0.7.jar:4.0.7]
	at org.springframework.boot.SpringApplication.refresh(SpringApplication.java:756) ~[spring-boot-4.0.7.jar:4.0.7]
	at org.springframework.boot.SpringApplication.refreshContext(SpringApplication.java:445) ~[spring-boot-4.0.7.jar:4.0.7]
	at org.springframework.boot.SpringApplication.run(SpringApplication.java:321) ~[spring-boot-4.0.7.jar:4.0.7]
	at org.springframework.boot.SpringApplication.run(SpringApplication.java:1365) ~[spring-boot-4.0.7.jar:4.0.7]
	at org.springframework.boot.SpringApplication.run(SpringApplication.java:1354) ~[spring-boot-4.0.7.jar:4.0.7]
	at com.libreriadelosmilpetalos.lecturas.LecturasApplication.main(LecturasApplication.java:10) ~[classes/:na]
	at java.base/jdk.internal.reflect.DirectMethodHandleAccessor.invoke(DirectMethodHandleAccessor.java:103) ~[na:na]
	at java.base/java.lang.reflect.Method.invoke(Method.java:580) ~[na:na]
	at org.springframework.boot.devtools.restart.RestartLauncher.run(RestartLauncher.java:52) ~[spring-boot-devtools-4.0.7.jar:4.0.7]

2026-07-26T13:27:20.733-04:00 DEBUG 29692 --- [lecturas] [restartedMain] o.s.b.s.f.OrderedRequestContextFilter    : Filter 'requestContextFilter' configured for use
2026-07-26T13:27:20.735-04:00 DEBUG 29692 --- [lecturas] [restartedMain] o.s.b.s.f.OrderedCharacterEncodingFilter : Filter 'characterEncodingFilter' configured for use
2026-07-26T13:27:20.735-04:00 DEBUG 29692 --- [lecturas] [restartedMain] o.s.b.s.filter.OrderedFormContentFilter  : Filter 'formContentFilter' configured for use
2026-07-26T13:27:20.736-04:00 DEBUG 29692 --- [lecturas] [restartedMain] org.apache.catalina.mapper.Mapper        : Registered host [localhost]
2026-07-26T13:27:20.736-04:00 DEBUG 29692 --- [lecturas] [restartedMain] o.apache.catalina.mapper.MapperListener  : Register Wrapper [dispatcherServlet] in Context [] for service [StandardService[Tomcat]]
2026-07-26T13:27:20.736-04:00 DEBUG 29692 --- [lecturas] [restartedMain] o.apache.catalina.mapper.MapperListener  : Register Context [] for service [StandardService[Tomcat]]
2026-07-26T13:27:20.736-04:00 DEBUG 29692 --- [lecturas] [restartedMain] o.apache.catalina.mapper.MapperListener  : Register host [localhost] at domain [null] for service [StandardService[Tomcat]]
2026-07-26T13:27:20.737-04:00 DEBUG 29692 --- [lecturas] [restartedMain] o.s.b.f.s.DefaultListableBeanFactory     : Creating shared instance of singleton bean 'applicationTaskExecutor'
2026-07-26T13:27:20.737-04:00 DEBUG 29692 --- [lecturas] [restartedMain] o.s.b.f.s.DefaultListableBeanFactory     : Creating shared instance of singleton bean 'org.springframework.boot.autoconfigure.task.TaskExecutorConfigurations$TaskExecutorConfiguration'
2026-07-26T13:27:20.738-04:00 DEBUG 29692 --- [lecturas] [restartedMain] o.s.b.f.s.DefaultListableBeanFactory     : Creating shared instance of singleton bean 'threadPoolTaskExecutorBuilder'
2026-07-26T13:27:20.738-04:00 DEBUG 29692 --- [lecturas] [restartedMain] o.s.b.f.s.DefaultListableBeanFactory     : Creating shared instance of singleton bean 'org.springframework.boot.autoconfigure.task.TaskExecutorConfigurations$ThreadPoolTaskExecutorBuilderConfiguration'
2026-07-26T13:27:20.739-04:00 DEBUG 29692 --- [lecturas] [restartedMain] o.s.b.f.s.DefaultListableBeanFactory     : Creating shared instance of singleton bean 'spring.task.execution-org.springframework.boot.autoconfigure.task.TaskExecutionProperties'
2026-07-26T13:27:20.740-04:00 DEBUG 29692 --- [lecturas] [restartedMain] o.s.b.f.s.DefaultListableBeanFactory     : Autowiring by type from bean name 'threadPoolTaskExecutorBuilder' via factory method to bean named 'spring.task.execution-org.springframework.boot.autoconfigure.task.TaskExecutionProperties'
2026-07-26T13:27:20.740-04:00 DEBUG 29692 --- [lecturas] [restartedMain] o.s.b.f.s.DefaultListableBeanFactory     : Autowiring by type from bean name 'applicationTaskExecutor' via factory method to bean named 'threadPoolTaskExecutorBuilder'
2026-07-26T13:27:20.741-04:00 DEBUG 29692 --- [lecturas] [restartedMain] o.s.s.concurrent.ThreadPoolTaskExecutor  : Initializing ExecutorService 'applicationTaskExecutor'
2026-07-26T13:27:20.743-04:00 DEBUG 29692 --- [lecturas] [restartedMain] o.s.b.f.s.DefaultListableBeanFactory     : Creating shared instance of singleton bean 'inMemoryDatabaseShutdownExecutor'
2026-07-26T13:27:20.743-04:00 DEBUG 29692 --- [lecturas] [restartedMain] o.s.b.f.s.DefaultListableBeanFactory     : Creating shared instance of singleton bean 'org.springframework.boot.devtools.autoconfigure.DevToolsDataSourceAutoConfiguration'
2026-07-26T13:27:20.743-04:00 DEBUG 29692 --- [lecturas] [restartedMain] o.s.b.f.s.DefaultListableBeanFactory     : Creating shared instance of singleton bean 'dataSource'
2026-07-26T13:27:20.744-04:00 DEBUG 29692 --- [lecturas] [restartedMain] o.s.b.f.s.DefaultListableBeanFactory     : Creating shared instance of singleton bean 'org.springframework.boot.jdbc.autoconfigure.DataSourceConfiguration$Hikari'
2026-07-26T13:27:20.744-04:00 DEBUG 29692 --- [lecturas] [restartedMain] o.s.b.f.s.DefaultListableBeanFactory     : Creating shared instance of singleton bean 'spring.datasource-org.springframework.boot.jdbc.autoconfigure.DataSourceProperties'
2026-07-26T13:27:20.746-04:00 DEBUG 29692 --- [lecturas] [restartedMain] o.s.b.f.s.DefaultListableBeanFactory     : Creating shared instance of singleton bean 'jdbcConnectionDetails'
2026-07-26T13:27:20.746-04:00 DEBUG 29692 --- [lecturas] [restartedMain] o.s.b.f.s.DefaultListableBeanFactory     : Creating shared instance of singleton bean 'org.springframework.boot.jdbc.autoconfigure.DataSourceAutoConfiguration$PooledDataSourceConfiguration'
2026-07-26T13:27:20.746-04:00 DEBUG 29692 --- [lecturas] [restartedMain] o.s.b.f.s.DefaultListableBeanFactory     : Autowiring by type from bean name 'jdbcConnectionDetails' via factory method to bean named 'spring.datasource-org.springframework.boot.jdbc.autoconfigure.DataSourceProperties'
2026-07-26T13:27:20.747-04:00 DEBUG 29692 --- [lecturas] [restartedMain] o.s.b.f.s.DefaultListableBeanFactory     : Autowiring by type from bean name 'dataSource' via factory method to bean named 'spring.datasource-org.springframework.boot.jdbc.autoconfigure.DataSourceProperties'
2026-07-26T13:27:20.747-04:00 DEBUG 29692 --- [lecturas] [restartedMain] o.s.b.f.s.DefaultListableBeanFactory     : Autowiring by type from bean name 'dataSource' via factory method to bean named 'jdbcConnectionDetails'
2026-07-26T13:27:20.747-04:00 DEBUG 29692 --- [lecturas] [restartedMain] o.s.b.f.s.DefaultListableBeanFactory     : Autowiring by type from bean name 'dataSource' via factory method to bean named 'environment'
2026-07-26T13:27:20.747-04:00 DEBUG 29692 --- [lecturas] [restartedMain] com.zaxxer.hikari.util.UtilityElf        : Class org.postgresql.Driver found in Thread context class loader org.springframework.boot.devtools.restart.classloader.RestartClassLoader@b60b9c2
2026-07-26T13:27:20.750-04:00 DEBUG 29692 --- [lecturas] [restartedMain] o.s.b.f.s.DefaultListableBeanFactory     : Autowiring by type from bean name 'inMemoryDatabaseShutdownExecutor' via factory method to bean named 'dataSource'
2026-07-26T13:27:20.751-04:00 DEBUG 29692 --- [lecturas] [restartedMain] o.s.b.f.s.DefaultListableBeanFactory     : Autowiring by type from bean name 'inMemoryDatabaseShutdownExecutor' via factory method to bean named 'spring.datasource-org.springframework.boot.jdbc.autoconfigure.DataSourceProperties'
2026-07-26T13:27:20.751-04:00 DEBUG 29692 --- [lecturas] [restartedMain] o.s.b.f.s.DefaultListableBeanFactory     : Creating shared instance of singleton bean 'flyway'
2026-07-26T13:27:20.751-04:00 DEBUG 29692 --- [lecturas] [restartedMain] o.s.b.f.s.DefaultListableBeanFactory     : Creating shared instance of singleton bean 'org.springframework.boot.flyway.autoconfigure.FlywayAutoConfiguration$FlywayConfiguration'
2026-07-26T13:27:20.752-04:00 DEBUG 29692 --- [lecturas] [restartedMain] o.s.b.f.s.DefaultListableBeanFactory     : Creating shared instance of singleton bean 'spring.flyway-org.springframework.boot.flyway.autoconfigure.FlywayProperties'
2026-07-26T13:27:20.754-04:00 DEBUG 29692 --- [lecturas] [restartedMain] o.s.b.f.s.DefaultListableBeanFactory     : Autowiring by type from bean name 'org.springframework.boot.flyway.autoconfigure.FlywayAutoConfiguration$FlywayConfiguration' via constructor to bean named 'spring.flyway-org.springframework.boot.flyway.autoconfigure.FlywayProperties'
2026-07-26T13:27:20.755-04:00 DEBUG 29692 --- [lecturas] [restartedMain] o.s.b.f.s.DefaultListableBeanFactory     : Creating shared instance of singleton bean 'flywayConnectionDetails'
2026-07-26T13:27:20.756-04:00 DEBUG 29692 --- [lecturas] [restartedMain] o.s.b.f.s.DefaultListableBeanFactory     : Creating shared instance of singleton bean 'resourceProviderCustomizer'
2026-07-26T13:27:20.757-04:00 DEBUG 29692 --- [lecturas] [restartedMain] o.s.b.f.s.DefaultListableBeanFactory     : Autowiring by type from bean name 'flyway' via factory method to bean named 'flywayConnectionDetails'
2026-07-26T13:27:20.757-04:00 DEBUG 29692 --- [lecturas] [restartedMain] o.s.b.f.s.DefaultListableBeanFactory     : Autowiring by type from bean name 'flyway' via factory method to bean named 'org.springframework.boot.web.server.servlet.context.AnnotationConfigServletWebServerApplicationContext@65bfe393'
2026-07-26T13:27:20.757-04:00 DEBUG 29692 --- [lecturas] [restartedMain] o.s.b.f.s.DefaultListableBeanFactory     : Autowiring by type from bean name 'flyway' via factory method to bean named 'resourceProviderCustomizer'
2026-07-26T13:27:20.759-04:00 DEBUG 29692 --- [lecturas] [restartedMain] o.s.b.f.s.DefaultListableBeanFactory     : Creating shared instance of singleton bean 'postgresqlFlywayConfigurationCustomizer'
2026-07-26T13:27:20.759-04:00 DEBUG 29692 --- [lecturas] [restartedMain] o.s.b.f.s.DefaultListableBeanFactory     : Creating shared instance of singleton bean 'org.springframework.boot.flyway.autoconfigure.FlywayAutoConfiguration$FlywayConfiguration$PostgresqlConfiguration'
2026-07-26T13:27:20.759-04:00 DEBUG 29692 --- [lecturas] [restartedMain] o.s.b.f.s.DefaultListableBeanFactory     : Autowiring by type from bean name 'postgresqlFlywayConfigurationCustomizer' via factory method to bean named 'spring.flyway-org.springframework.boot.flyway.autoconfigure.FlywayProperties'
2026-07-26T13:27:20.773-04:00 DEBUG 29692 --- [lecturas] [restartedMain] o.f.c.i.s.classpath.ClassPathScanner     : Scanning for classpath resources at 'classpath:db/callback' ...
2026-07-26T13:27:20.773-04:00 DEBUG 29692 --- [lecturas] [restartedMain] o.f.c.i.s.classpath.ClassPathScanner     : Determining location urls for classpath:db/callback using ClassLoader org.springframework.boot.devtools.restart.classloader.RestartClassLoader@b60b9c2 ...
2026-07-26T13:27:20.773-04:00 DEBUG 29692 --- [lecturas] [restartedMain] o.f.c.i.s.classpath.ClassPathScanner     : Unable to resolve location classpath:db/callback.
2026-07-26T13:27:20.774-04:00 DEBUG 29692 --- [lecturas] [restartedMain] o.s.b.f.s.DefaultListableBeanFactory     : Creating shared instance of singleton bean 'flywayInitializer'
2026-07-26T13:27:20.774-04:00 DEBUG 29692 --- [lecturas] [restartedMain] o.s.b.f.s.DefaultListableBeanFactory     : Autowiring by type from bean name 'flywayInitializer' via factory method to bean named 'flyway'
2026-07-26T13:27:20.776-04:00 DEBUG 29692 --- [lecturas] [restartedMain] o.f.c.i.s.classpath.ClassPathScanner     : Scanning for classpath resources at 'classpath:db/migration' ...
2026-07-26T13:27:20.776-04:00 DEBUG 29692 --- [lecturas] [restartedMain] o.f.c.i.s.classpath.ClassPathScanner     : Determining location urls for classpath:db/migration using ClassLoader org.springframework.boot.devtools.restart.classloader.RestartClassLoader@b60b9c2 ...
2026-07-26T13:27:20.776-04:00 DEBUG 29692 --- [lecturas] [restartedMain] o.f.c.i.s.classpath.ClassPathScanner     : Scanning URL: file:/C:/Users/tiare/Proyectos/lecturas/target/classes/db/migration
2026-07-26T13:27:20.776-04:00 DEBUG 29692 --- [lecturas] [restartedMain] i.s.c.FileSystemClassPathLocationScanner : Scanning starting at classpath root in filesystem: C:\Users\tiare\Proyectos\lecturas\target\classes\
2026-07-26T13:27:20.776-04:00 DEBUG 29692 --- [lecturas] [restartedMain] i.s.c.FileSystemClassPathLocationScanner : Scanning for resources in path: C:\Users\tiare\Proyectos\lecturas\target\classes\db\migration (db/migration)
2026-07-26T13:27:20.777-04:00 DEBUG 29692 --- [lecturas] [restartedMain] o.f.c.i.s.classpath.ClassPathScanner     : Found resource: db/migration/V1__crear_bd.sql
2026-07-26T13:27:20.777-04:00 DEBUG 29692 --- [lecturas] [restartedMain] o.f.c.i.s.classpath.ClassPathScanner     : Found resource: db/migration/V2__datos_prueba1.sql
2026-07-26T13:27:20.777-04:00 DEBUG 29692 --- [lecturas] [restartedMain] o.f.c.i.s.classpath.ClassPathScanner     : Scanning for classpath resources at 'classpath:db/migration' ...
2026-07-26T13:27:20.777-04:00 DEBUG 29692 --- [lecturas] [restartedMain] o.f.c.i.s.classpath.ClassPathScanner     : Determining location urls for classpath:db/migration using ClassLoader org.springframework.boot.devtools.restart.classloader.RestartClassLoader@b60b9c2 ...
2026-07-26T13:27:20.777-04:00 DEBUG 29692 --- [lecturas] [restartedMain] o.f.c.i.s.classpath.ClassPathScanner     : Scanning URL: file:/C:/Users/tiare/Proyectos/lecturas/target/classes/db/migration
2026-07-26T13:27:20.777-04:00 DEBUG 29692 --- [lecturas] [restartedMain] o.f.c.i.s.classpath.ClassPathScanner     : Found resource: db/migration/V1__crear_bd.sql
2026-07-26T13:27:20.778-04:00 DEBUG 29692 --- [lecturas] [restartedMain] o.f.c.i.s.classpath.ClassPathScanner     : Found resource: db/migration/V2__datos_prueba1.sql
2026-07-26T13:27:20.778-04:00 DEBUG 29692 --- [lecturas] [restartedMain] o.f.c.i.s.classpath.ClassPathScanner     : Scanning for classes at classpath:db/migration
2026-07-26T13:27:20.778-04:00 DEBUG 29692 --- [lecturas] [restartedMain] com.zaxxer.hikari.HikariConfig           : HikariPool-2 - configuration:
2026-07-26T13:27:20.779-04:00 DEBUG 29692 --- [lecturas] [restartedMain] com.zaxxer.hikari.HikariConfig           : allowPoolSuspension.............false
2026-07-26T13:27:20.780-04:00 DEBUG 29692 --- [lecturas] [restartedMain] com.zaxxer.hikari.HikariConfig           : autoCommit......................true
2026-07-26T13:27:20.780-04:00 DEBUG 29692 --- [lecturas] [restartedMain] com.zaxxer.hikari.HikariConfig           : catalog.........................none
2026-07-26T13:27:20.780-04:00 DEBUG 29692 --- [lecturas] [restartedMain] com.zaxxer.hikari.HikariConfig           : connectionInitSql...............none
2026-07-26T13:27:20.780-04:00 DEBUG 29692 --- [lecturas] [restartedMain] com.zaxxer.hikari.HikariConfig           : connectionTestQuery.............none
2026-07-26T13:27:20.781-04:00 DEBUG 29692 --- [lecturas] [restartedMain] com.zaxxer.hikari.HikariConfig           : connectionTimeout...............30000
2026-07-26T13:27:20.781-04:00 DEBUG 29692 --- [lecturas] [restartedMain] com.zaxxer.hikari.HikariConfig           : credentials.....................com.zaxxer.hikari.util.Credentials@6ad40802
2026-07-26T13:27:20.781-04:00 DEBUG 29692 --- [lecturas] [restartedMain] com.zaxxer.hikari.HikariConfig           : credentialsProvider.............none
2026-07-26T13:27:20.781-04:00 DEBUG 29692 --- [lecturas] [restartedMain] com.zaxxer.hikari.HikariConfig           : credentialsProviderClassName....none
2026-07-26T13:27:20.781-04:00 DEBUG 29692 --- [lecturas] [restartedMain] com.zaxxer.hikari.HikariConfig           : dataSource......................none
2026-07-26T13:27:20.781-04:00 DEBUG 29692 --- [lecturas] [restartedMain] com.zaxxer.hikari.HikariConfig           : dataSourceClassName.............none
2026-07-26T13:27:20.781-04:00 DEBUG 29692 --- [lecturas] [restartedMain] com.zaxxer.hikari.HikariConfig           : dataSourceJNDI..................none
2026-07-26T13:27:20.782-04:00 DEBUG 29692 --- [lecturas] [restartedMain] com.zaxxer.hikari.HikariConfig           : dataSourceProperties............{password=<masked>}
2026-07-26T13:27:20.782-04:00 DEBUG 29692 --- [lecturas] [restartedMain] com.zaxxer.hikari.HikariConfig           : driverClassName................."org.postgresql.Driver"
2026-07-26T13:27:20.782-04:00 DEBUG 29692 --- [lecturas] [restartedMain] com.zaxxer.hikari.HikariConfig           : exceptionOverride...............none
2026-07-26T13:27:20.782-04:00 DEBUG 29692 --- [lecturas] [restartedMain] com.zaxxer.hikari.HikariConfig           : exceptionOverrideClassName......none
2026-07-26T13:27:20.782-04:00 DEBUG 29692 --- [lecturas] [restartedMain] com.zaxxer.hikari.HikariConfig           : healthCheckProperties...........{}
2026-07-26T13:27:20.782-04:00 DEBUG 29692 --- [lecturas] [restartedMain] com.zaxxer.hikari.HikariConfig           : healthCheckRegistry.............none
2026-07-26T13:27:20.782-04:00 DEBUG 29692 --- [lecturas] [restartedMain] com.zaxxer.hikari.HikariConfig           : idleTimeout.....................600000
2026-07-26T13:27:20.783-04:00 DEBUG 29692 --- [lecturas] [restartedMain] com.zaxxer.hikari.HikariConfig           : initializationFailTimeout.......1
2026-07-26T13:27:20.783-04:00 DEBUG 29692 --- [lecturas] [restartedMain] com.zaxxer.hikari.HikariConfig           : isolateInternalQueries..........false
2026-07-26T13:27:20.783-04:00 DEBUG 29692 --- [lecturas] [restartedMain] com.zaxxer.hikari.HikariConfig           : jdbcUrl.........................jdbc:postgresql://localhost:5432/BD_LIBRO
2026-07-26T13:27:20.783-04:00 DEBUG 29692 --- [lecturas] [restartedMain] com.zaxxer.hikari.HikariConfig           : keepaliveTime...................120000
2026-07-26T13:27:20.783-04:00 DEBUG 29692 --- [lecturas] [restartedMain] com.zaxxer.hikari.HikariConfig           : leakDetectionThreshold..........0
2026-07-26T13:27:20.783-04:00 DEBUG 29692 --- [lecturas] [restartedMain] com.zaxxer.hikari.HikariConfig           : maxLifetime.....................1800000
2026-07-26T13:27:20.784-04:00 DEBUG 29692 --- [lecturas] [restartedMain] com.zaxxer.hikari.HikariConfig           : maximumPoolSize.................10
2026-07-26T13:27:20.784-04:00 DEBUG 29692 --- [lecturas] [restartedMain] com.zaxxer.hikari.HikariConfig           : metricRegistry..................none
2026-07-26T13:27:20.784-04:00 DEBUG 29692 --- [lecturas] [restartedMain] com.zaxxer.hikari.HikariConfig           : metricsTrackerFactory...........none
2026-07-26T13:27:20.784-04:00 DEBUG 29692 --- [lecturas] [restartedMain] com.zaxxer.hikari.HikariConfig           : minimumIdle.....................10
2026-07-26T13:27:20.784-04:00 DEBUG 29692 --- [lecturas] [restartedMain] com.zaxxer.hikari.HikariConfig           : password........................<masked>
2026-07-26T13:27:20.784-04:00 DEBUG 29692 --- [lecturas] [restartedMain] com.zaxxer.hikari.HikariConfig           : poolName........................"HikariPool-2"
2026-07-26T13:27:20.784-04:00 DEBUG 29692 --- [lecturas] [restartedMain] com.zaxxer.hikari.HikariConfig           : readOnly........................false
2026-07-26T13:27:20.785-04:00 DEBUG 29692 --- [lecturas] [restartedMain] com.zaxxer.hikari.HikariConfig           : registerMbeans..................false
2026-07-26T13:27:20.785-04:00 DEBUG 29692 --- [lecturas] [restartedMain] com.zaxxer.hikari.HikariConfig           : scheduledExecutor...............none
2026-07-26T13:27:20.785-04:00 DEBUG 29692 --- [lecturas] [restartedMain] com.zaxxer.hikari.HikariConfig           : schema..........................none
2026-07-26T13:27:20.785-04:00 DEBUG 29692 --- [lecturas] [restartedMain] com.zaxxer.hikari.HikariConfig           : threadFactory...................internal
2026-07-26T13:27:20.785-04:00 DEBUG 29692 --- [lecturas] [restartedMain] com.zaxxer.hikari.HikariConfig           : transactionIsolation............default
2026-07-26T13:27:20.785-04:00 DEBUG 29692 --- [lecturas] [restartedMain] com.zaxxer.hikari.HikariConfig           : username........................"postgres"
2026-07-26T13:27:20.785-04:00 DEBUG 29692 --- [lecturas] [restartedMain] com.zaxxer.hikari.HikariConfig           : validationTimeout...............5000
2026-07-26T13:27:20.785-04:00  INFO 29692 --- [lecturas] [restartedMain] com.zaxxer.hikari.HikariDataSource       : HikariPool-2 - Starting...
2026-07-26T13:27:20.786-04:00 DEBUG 29692 --- [lecturas] [restartedMain] com.zaxxer.hikari.pool.PoolBase          : HikariPool-2 - Attempting to create/setup new connection (0c797f71-602c-4792-a8bb-81c77ae5288f)
2026-07-26T13:27:20.786-04:00 DEBUG 29692 --- [lecturas] [restartedMain] org.postgresql.Driver                    : Connecting with URL: jdbc:postgresql://localhost:5432/BD_LIBRO
2026-07-26T13:27:20.786-04:00 DEBUG 29692 --- [lecturas] [restartedMain] org.postgresql.jdbc.PgConnection         : PostgreSQL JDBC Driver 42.7.4
2026-07-26T13:27:20.788-04:00 DEBUG 29692 --- [lecturas] [restartedMain] org.postgresql.jdbc.PgConnection         :   setDefaultFetchSize = 0
2026-07-26T13:27:20.789-04:00 DEBUG 29692 --- [lecturas] [restartedMain] org.postgresql.jdbc.PgConnection         :   setPrepareThreshold = 5
2026-07-26T13:27:20.789-04:00 DEBUG 29692 --- [lecturas] [restartedMain] o.p.core.v3.ConnectionFactoryImpl        : Trying to establish a protocol version 3 connection to localhost:5432
2026-07-26T13:27:20.791-04:00 DEBUG 29692 --- [lecturas] [restartedMain] o.p.core.v3.ConnectionFactoryImpl        : Receive Buffer Size is 65.536
2026-07-26T13:27:20.791-04:00 DEBUG 29692 --- [lecturas] [restartedMain] o.p.core.v3.ConnectionFactoryImpl        : Send Buffer Size is 65.536
2026-07-26T13:27:20.834-04:00 DEBUG 29692 --- [lecturas] [restartedMain] com.zaxxer.hikari.pool.PoolBase          : HikariPool-2 - Established new connection (0c797f71-602c-4792-a8bb-81c77ae5288f)
2026-07-26T13:27:20.834-04:00  INFO 29692 --- [lecturas] [restartedMain] com.zaxxer.hikari.pool.HikariPool        : HikariPool-2 - Added connection org.postgresql.jdbc.PgConnection@3941da03
2026-07-26T13:27:20.834-04:00  INFO 29692 --- [lecturas] [restartedMain] com.zaxxer.hikari.HikariDataSource       : HikariPool-2 - Start completed.
2026-07-26T13:27:20.835-04:00 DEBUG 29692 --- [lecturas] [restartedMain] o.f.c.i.resource.ResourceNameValidator   : Validating V1__crear_bd.sql
2026-07-26T13:27:20.835-04:00 DEBUG 29692 --- [lecturas] [restartedMain] o.f.c.i.resource.ResourceNameValidator   : Validating V2__datos_prueba1.sql
2026-07-26T13:27:20.835-04:00 DEBUG 29692 --- [lecturas] [restartedMain] o.f.c.i.database.DatabaseTypeRegister    : Multiple databases found that handle url 'jdbc:postgresql://localhost:5432/BD_LIBRO': CockroachDB,PostgreSQL
2026-07-26T13:27:20.835-04:00  INFO 29692 --- [lecturas] [restartedMain] org.flywaydb.core.FlywayExecutor         : Database: jdbc:postgresql://localhost:5432/BD_LIBRO (PostgreSQL 18.4)
2026-07-26T13:27:20.836-04:00 DEBUG 29692 --- [lecturas] [restartedMain] org.flywaydb.core.FlywayExecutor         : Database Type: PostgreSQL
2026-07-26T13:27:20.836-04:00 DEBUG 29692 --- [lecturas] [restartedMain] org.flywaydb.core.FlywayExecutor         : Driver: PostgreSQL JDBC Driver 42.7.4
2026-07-26T13:27:20.836-04:00 DEBUG 29692 --- [lecturas] [restartedMain] org.flywaydb.core.FlywayExecutor         : DDL Transactions Supported: true
2026-07-26T13:27:20.836-04:00 DEBUG 29692 --- [lecturas] [restartedMain] o.f.c.i.s.SchemaHistoryFactory           : Schemas: 
2026-07-26T13:27:20.836-04:00 DEBUG 29692 --- [lecturas] [restartedMain] o.f.c.i.s.SchemaHistoryFactory           : Default schema: null
2026-07-26T13:27:20.841-04:00 DEBUG 29692 --- [lecturas] [restartedMain] org.flywaydb.core.FlywayExecutor         : Scanning for script callbacks ...
2026-07-26T13:27:20.841-04:00 DEBUG 29692 --- [lecturas] [restartedMain] o.f.c.i.c.SqlScriptCallbackFactory       : Scanning for SQL callbacks ...
2026-07-26T13:27:20.843-04:00 DEBUG 29692 --- [lecturas] [restartedMain] o.f.core.internal.command.DbValidate     : Validating migrations ...
2026-07-26T13:27:20.843-04:00 DEBUG 29692 --- [lecturas] [restartedMain] org.postgresql.jdbc.PgConnection         :   setAutoCommit = false
2026-07-26T13:27:20.843-04:00 DEBUG 29692 --- [lecturas] [restartedMain] o.f.c.a.c.ClassicConfiguration           : CherryPickConfigurationExtension not found
2026-07-26T13:27:20.845-04:00 DEBUG 29692 --- [lecturas] [restartedMain] o.f.core.internal.scanner.Scanner        : Filtering out resource: db/migration/V1__crear_bd.sql (filename: V1__crear_bd.sql)
2026-07-26T13:27:20.845-04:00 DEBUG 29692 --- [lecturas] [restartedMain] o.f.core.internal.scanner.Scanner        : Filtering out resource: db/migration/V2__datos_prueba1.sql (filename: V2__datos_prueba1.sql)
2026-07-26T13:27:20.845-04:00 DEBUG 29692 --- [lecturas] [restartedMain] o.f.core.internal.scanner.Scanner        : Filtering out resource: db/migration/V1__crear_bd.sql (filename: V1__crear_bd.sql)
2026-07-26T13:27:20.845-04:00 DEBUG 29692 --- [lecturas] [restartedMain] o.f.core.internal.scanner.Scanner        : Filtering out resource: db/migration/V2__datos_prueba1.sql (filename: V2__datos_prueba1.sql)
2026-07-26T13:27:20.845-04:00 DEBUG 29692 --- [lecturas] [restartedMain] o.f.core.internal.scanner.Scanner        : Filtering out resource: db/migration/V1__crear_bd.sql (filename: V1__crear_bd.sql)
2026-07-26T13:27:20.846-04:00 DEBUG 29692 --- [lecturas] [restartedMain] o.f.core.internal.scanner.Scanner        : Filtering out resource: db/migration/V2__datos_prueba1.sql (filename: V2__datos_prueba1.sql)
2026-07-26T13:27:20.846-04:00 DEBUG 29692 --- [lecturas] [restartedMain] o.f.core.internal.scanner.Scanner        : Filtering out resource: db/migration/V1__crear_bd.sql (filename: V1__crear_bd.sql)
2026-07-26T13:27:20.846-04:00 DEBUG 29692 --- [lecturas] [restartedMain] o.f.core.internal.scanner.Scanner        : Filtering out resource: db/migration/V2__datos_prueba1.sql (filename: V2__datos_prueba1.sql)
2026-07-26T13:27:20.849-04:00 DEBUG 29692 --- [lecturas] [restartedMain] org.postgresql.jdbc.PgConnection         :   setAutoCommit = true
2026-07-26T13:27:20.849-04:00  INFO 29692 --- [lecturas] [restartedMain] o.f.core.internal.command.DbValidate     : Successfully validated 2 migrations (execution time 00:00.006s)
2026-07-26T13:27:20.849-04:00 DEBUG 29692 --- [lecturas] [restartedMain] org.postgresql.jdbc.PgConnection         :   setAutoCommit = false
2026-07-26T13:27:20.850-04:00 DEBUG 29692 --- [lecturas] [restartedMain] o.f.core.internal.command.DbSchemas      : Skipping creation of existing schema: "public"
2026-07-26T13:27:20.850-04:00 DEBUG 29692 --- [lecturas] [restartedMain] org.postgresql.jdbc.PgConnection         :   setAutoCommit = true
2026-07-26T13:27:20.851-04:00 DEBUG 29692 --- [lecturas] [HikariPool-2:connection-adder] com.zaxxer.hikari.pool.PoolBase          : HikariPool-2 - Attempting to create/setup new connection (58aba1a8-3e6b-4463-9c74-3240bb1c29f7)
2026-07-26T13:27:20.852-04:00 DEBUG 29692 --- [lecturas] [HikariPool-2:connection-adder] org.postgresql.Driver                    : Connecting with URL: jdbc:postgresql://localhost:5432/BD_LIBRO
2026-07-26T13:27:20.852-04:00 DEBUG 29692 --- [lecturas] [HikariPool-2:connection-adder] org.postgresql.jdbc.PgConnection         : PostgreSQL JDBC Driver 42.7.4
2026-07-26T13:27:20.852-04:00 DEBUG 29692 --- [lecturas] [HikariPool-2:connection-adder] org.postgresql.jdbc.PgConnection         :   setDefaultFetchSize = 0
2026-07-26T13:27:20.852-04:00 DEBUG 29692 --- [lecturas] [HikariPool-2:connection-adder] org.postgresql.jdbc.PgConnection         :   setPrepareThreshold = 5
2026-07-26T13:27:20.852-04:00 DEBUG 29692 --- [lecturas] [HikariPool-2:connection-adder] o.p.core.v3.ConnectionFactoryImpl        : Trying to establish a protocol version 3 connection to localhost:5432
2026-07-26T13:27:20.853-04:00 DEBUG 29692 --- [lecturas] [HikariPool-2:connection-adder] o.p.core.v3.ConnectionFactoryImpl        : Receive Buffer Size is 65.536
2026-07-26T13:27:20.853-04:00 DEBUG 29692 --- [lecturas] [HikariPool-2:connection-adder] o.p.core.v3.ConnectionFactoryImpl        : Send Buffer Size is 65.536
2026-07-26T13:27:20.896-04:00 DEBUG 29692 --- [lecturas] [HikariPool-2:connection-adder] com.zaxxer.hikari.pool.PoolBase          : HikariPool-2 - Established new connection (58aba1a8-3e6b-4463-9c74-3240bb1c29f7)
2026-07-26T13:27:20.896-04:00 DEBUG 29692 --- [lecturas] [HikariPool-2:connection-adder] com.zaxxer.hikari.pool.HikariPool        : HikariPool-2 - Added connection org.postgresql.jdbc.PgConnection@33d11841
2026-07-26T13:27:20.899-04:00 DEBUG 29692 --- [lecturas] [restartedMain] org.postgresql.jdbc.PgConnection         :   setAutoCommit = false
2026-07-26T13:27:20.900-04:00 DEBUG 29692 --- [lecturas] [restartedMain] o.f.c.a.c.ClassicConfiguration           : CherryPickConfigurationExtension not found
2026-07-26T13:27:20.901-04:00  INFO 29692 --- [lecturas] [restartedMain] o.f.core.internal.command.DbMigrate      : Current version of schema "public": 2
2026-07-26T13:27:20.901-04:00 DEBUG 29692 --- [lecturas] [restartedMain] org.postgresql.jdbc.PgConnection         :   setAutoCommit = true
2026-07-26T13:27:20.902-04:00  INFO 29692 --- [lecturas] [restartedMain] o.f.core.internal.command.DbMigrate      : Schema "public" is up to date. No migration necessary.
2026-07-26T13:27:20.902-04:00 DEBUG 29692 --- [lecturas] [restartedMain] org.postgresql.jdbc.PgConnection         :   setAutoCommit = false
2026-07-26T13:27:20.903-04:00 DEBUG 29692 --- [lecturas] [restartedMain] org.postgresql.jdbc.PgConnection         :   setAutoCommit = true
2026-07-26T13:27:20.903-04:00 DEBUG 29692 --- [lecturas] [restartedMain] org.postgresql.jdbc.PgConnection         :   setAutoCommit = false
2026-07-26T13:27:20.904-04:00 DEBUG 29692 --- [lecturas] [restartedMain] org.postgresql.jdbc.PgConnection         :   setAutoCommit = true
2026-07-26T13:27:20.904-04:00 DEBUG 29692 --- [lecturas] [restartedMain] org.flywaydb.core.FlywayExecutor         : Memory usage: 79 of 108M
2026-07-26T13:27:20.904-04:00 DEBUG 29692 --- [lecturas] [restartedMain] o.s.b.f.s.DefaultListableBeanFactory     : Creating shared instance of singleton bean 'dataSourceScriptDatabaseInitializer'
2026-07-26T13:27:20.904-04:00 DEBUG 29692 --- [lecturas] [restartedMain] o.s.b.f.s.DefaultListableBeanFactory     : Creating shared instance of singleton bean 'org.springframework.boot.jdbc.autoconfigure.DataSourceInitializationAutoConfiguration'
2026-07-26T13:27:20.905-04:00 DEBUG 29692 --- [lecturas] [restartedMain] o.s.b.f.s.DefaultListableBeanFactory     : Creating shared instance of singleton bean 'spring.sql.init-org.springframework.boot.sql.autoconfigure.init.SqlInitializationProperties'
2026-07-26T13:27:20.906-04:00 DEBUG 29692 --- [lecturas] [restartedMain] o.s.b.f.s.DefaultListableBeanFactory     : Autowiring by type from bean name 'dataSourceScriptDatabaseInitializer' via factory method to bean named 'dataSource'
2026-07-26T13:27:20.906-04:00 DEBUG 29692 --- [lecturas] [restartedMain] o.s.b.f.s.DefaultListableBeanFactory     : Autowiring by type from bean name 'dataSourceScriptDatabaseInitializer' via factory method to bean named 'spring.sql.init-org.springframework.boot.sql.autoconfigure.init.SqlInitializationProperties'
2026-07-26T13:27:20.907-04:00 DEBUG 29692 --- [lecturas] [restartedMain] o.s.b.f.s.DefaultListableBeanFactory     : Creating shared instance of singleton bean 'entityManagerFactory'
2026-07-26T13:27:20.907-04:00 DEBUG 29692 --- [lecturas] [restartedMain] o.s.b.f.s.DefaultListableBeanFactory     : Creating shared instance of singleton bean 'org.springframework.boot.hibernate.autoconfigure.HibernateJpaConfiguration'
2026-07-26T13:27:20.907-04:00 DEBUG 29692 --- [lecturas] [restartedMain] o.s.b.f.s.DefaultListableBeanFactory     : Creating shared instance of singleton bean 'spring.jpa-org.springframework.boot.jpa.autoconfigure.JpaProperties'
2026-07-26T13:27:20.908-04:00 DEBUG 29692 --- [lecturas] [restartedMain] o.s.b.f.s.DefaultListableBeanFactory     : Creating shared instance of singleton bean 'spring.jpa.hibernate-org.springframework.boot.hibernate.autoconfigure.HibernateProperties'
2026-07-26T13:27:20.909-04:00 DEBUG 29692 --- [lecturas] [restartedMain] o.s.b.f.s.DefaultListableBeanFactory     : Autowiring by type from bean name 'org.springframework.boot.hibernate.autoconfigure.HibernateJpaConfiguration' via constructor to bean named 'dataSource'
2026-07-26T13:27:20.909-04:00 DEBUG 29692 --- [lecturas] [restartedMain] o.s.b.f.s.DefaultListableBeanFactory     : Autowiring by type from bean name 'org.springframework.boot.hibernate.autoconfigure.HibernateJpaConfiguration' via constructor to bean named 'spring.jpa-org.springframework.boot.jpa.autoconfigure.JpaProperties'
2026-07-26T13:27:20.909-04:00 DEBUG 29692 --- [lecturas] [restartedMain] o.s.b.f.s.DefaultListableBeanFactory     : Autowiring by type from bean name 'org.springframework.boot.hibernate.autoconfigure.HibernateJpaConfiguration' via constructor to bean named 'org.springframework.beans.factory.support.DefaultListableBeanFactory@32a6d156'
2026-07-26T13:27:20.909-04:00 DEBUG 29692 --- [lecturas] [restartedMain] o.s.b.f.s.DefaultListableBeanFactory     : Autowiring by type from bean name 'org.springframework.boot.hibernate.autoconfigure.HibernateJpaConfiguration' via constructor to bean named 'spring.jpa.hibernate-org.springframework.boot.hibernate.autoconfigure.HibernateProperties'
2026-07-26T13:27:20.909-04:00 DEBUG 29692 --- [lecturas] [restartedMain] o.s.b.f.s.DefaultListableBeanFactory     : Creating shared instance of singleton bean 'hikariPoolDataSourceMetadataProvider'
2026-07-26T13:27:20.909-04:00 DEBUG 29692 --- [lecturas] [restartedMain] o.s.b.f.s.DefaultListableBeanFactory     : Creating shared instance of singleton bean 'org.springframework.boot.jdbc.autoconfigure.DataSourcePoolMetadataProvidersConfiguration$HikariPoolDataSourceMetadataProviderConfiguration'
2026-07-26T13:27:20.911-04:00 DEBUG 29692 --- [lecturas] [restartedMain] o.s.b.f.s.DefaultListableBeanFactory     : Creating shared instance of singleton bean 'entityManagerFactoryBuilder'
2026-07-26T13:27:20.911-04:00 DEBUG 29692 --- [lecturas] [restartedMain] o.s.b.f.s.DefaultListableBeanFactory     : Creating shared instance of singleton bean 'jpaVendorAdapter'
2026-07-26T13:27:20.911-04:00 DEBUG 29692 --- [lecturas] [restartedMain] o.s.b.f.s.DefaultListableBeanFactory     : Autowiring by type from bean name 'entityManagerFactoryBuilder' via factory method to bean named 'jpaVendorAdapter'
2026-07-26T13:27:20.912-04:00 DEBUG 29692 --- [lecturas] [restartedMain] o.s.b.f.s.DefaultListableBeanFactory     : Creating shared instance of singleton bean 'persistenceManagedTypes'
2026-07-26T13:27:20.912-04:00 DEBUG 29692 --- [lecturas] [restartedMain] o.s.b.f.s.DefaultListableBeanFactory     : Autowiring by type from bean name 'persistenceManagedTypes' via factory method to bean named 'org.springframework.beans.factory.support.DefaultListableBeanFactory@32a6d156'
2026-07-26T13:27:20.912-04:00 DEBUG 29692 --- [lecturas] [restartedMain] o.s.b.f.s.DefaultListableBeanFactory     : Autowiring by type from bean name 'persistenceManagedTypes' via factory method to bean named 'org.springframework.boot.web.server.servlet.context.AnnotationConfigServletWebServerApplicationContext@65bfe393'
2026-07-26T13:27:20.914-04:00 DEBUG 29692 --- [lecturas] [restartedMain] o.s.b.f.s.DefaultListableBeanFactory     : Autowiring by type from bean name 'entityManagerFactory' via factory method to bean named 'entityManagerFactoryBuilder'
2026-07-26T13:27:20.915-04:00 DEBUG 29692 --- [lecturas] [restartedMain] o.s.b.f.s.DefaultListableBeanFactory     : Autowiring by type from bean name 'entityManagerFactory' via factory method to bean named 'persistenceManagedTypes'
2026-07-26T13:27:20.916-04:00 DEBUG 29692 --- [lecturas] [restartedMain] j.LocalContainerEntityManagerFactoryBean : Building JPA container EntityManagerFactory for persistence unit 'default'
2026-07-26T13:27:20.916-04:00 DEBUG 29692 --- [lecturas] [restartedMain] org.hibernate.orm.jpa                    : HHH008541: PersistenceUnitInfo [
	name: default
	persistence provider classname: null
	classloader: org.springframework.boot.devtools.restart.classloader.RestartClassLoader@b60b9c2
	excludeUnlistedClasses: true
	JTA datasource: null
	Non JTA datasource: HikariDataSource (HikariPool-2)
	Transaction type: RESOURCE_LOCAL
	PU root URL: file:/C:/Users/tiare/Proyectos/lecturas/target/classes/
	Shared Cache Mode: UNSPECIFIED
	Validation Mode: AUTO
	Jar files URLs []
	Managed classes names [
		com.libreriadelosmilpetalos.lecturas.entity.Etiqueta
		com.libreriadelosmilpetalos.lecturas.entity.Libro]
	Mapping files names []
	Properties []
2026-07-26T13:27:20.917-04:00 DEBUG 29692 --- [lecturas] [restartedMain] org.hibernate.orm.service                : HHH010455: Adding integrator: org.hibernate.boot.beanvalidation.BeanValidationIntegrator
2026-07-26T13:27:20.918-04:00 DEBUG 29692 --- [lecturas] [restartedMain] org.hibernate.orm.service                : HHH010455: Adding integrator: org.hibernate.cache.internal.CollectionCacheInvalidator
2026-07-26T13:27:20.919-04:00 DEBUG 29692 --- [lecturas] [restartedMain] o.s.o.jpa.hibernate.SpringBeanContainer  : Falling back to Hibernate's default producer after bean creation failure for interface org.hibernate.engine.jdbc.connections.spi.MultiTenantConnectionProvider: org.springframework.beans.factory.BeanCreationException: Error creating bean with name 'org.hibernate.engine.jdbc.connections.spi.MultiTenantConnectionProvider': Failed to instantiate [org.hibernate.engine.jdbc.connections.spi.MultiTenantConnectionProvider]: Specified class is an interface
2026-07-26T13:27:20.919-04:00 DEBUG 29692 --- [lecturas] [restartedMain] org.hibernate.orm.cache                  : HHH90001031: Cannot default RegionFactory since no RegionFactory strategies were registered
2026-07-26T13:27:20.919-04:00 DEBUG 29692 --- [lecturas] [restartedMain] org.hibernate.orm.cache                  : HHH90001029: Second-level cache disabled
2026-07-26T13:27:20.937-04:00 DEBUG 29692 --- [lecturas] [HikariPool-2:housekeeper] com.zaxxer.hikari.pool.HikariPool        : HikariPool-2 - Pool stats (total=2/10, idle=2/10, active=0, waiting=0)
2026-07-26T13:27:20.937-04:00 DEBUG 29692 --- [lecturas] [HikariPool-2:connection-adder] com.zaxxer.hikari.pool.PoolBase          : HikariPool-2 - Attempting to create/setup new connection (f6d90f78-f965-4a0d-8890-04e94962ceca)
2026-07-26T13:27:20.937-04:00 DEBUG 29692 --- [lecturas] [HikariPool-2:connection-adder] org.postgresql.Driver                    : Connecting with URL: jdbc:postgresql://localhost:5432/BD_LIBRO
2026-07-26T13:27:20.938-04:00 DEBUG 29692 --- [lecturas] [HikariPool-2:connection-adder] org.postgresql.jdbc.PgConnection         : PostgreSQL JDBC Driver 42.7.4
2026-07-26T13:27:20.938-04:00 DEBUG 29692 --- [lecturas] [HikariPool-2:connection-adder] org.postgresql.jdbc.PgConnection         :   setDefaultFetchSize = 0
2026-07-26T13:27:20.938-04:00 DEBUG 29692 --- [lecturas] [HikariPool-2:connection-adder] org.postgresql.jdbc.PgConnection         :   setPrepareThreshold = 5
2026-07-26T13:27:20.938-04:00 DEBUG 29692 --- [lecturas] [HikariPool-2:connection-adder] o.p.core.v3.ConnectionFactoryImpl        : Trying to establish a protocol version 3 connection to localhost:5432
2026-07-26T13:27:20.939-04:00 DEBUG 29692 --- [lecturas] [HikariPool-2:connection-adder] o.p.core.v3.ConnectionFactoryImpl        : Receive Buffer Size is 65.536
2026-07-26T13:27:20.939-04:00 DEBUG 29692 --- [lecturas] [HikariPool-2:connection-adder] o.p.core.v3.ConnectionFactoryImpl        : Send Buffer Size is 65.536
2026-07-26T13:27:20.945-04:00  INFO 29692 --- [lecturas] [restartedMain] o.s.o.j.p.SpringPersistenceUnitInfo      : No LoadTimeWeaver setup: ignoring JPA class transformer
2026-07-26T13:27:20.946-04:00 DEBUG 29692 --- [lecturas] [restartedMain] org.hibernate.orm.jdbc                   : HHH100017: Database:
	name: PostgreSQL
	version: 18.4
	major: 18
	minor: 4
2026-07-26T13:27:20.946-04:00 DEBUG 29692 --- [lecturas] [restartedMain] org.hibernate.orm.jdbc                   : HHH100018: Driver:
	name: PostgreSQL JDBC Driver
	version: 42.7.4
	major: 42
	minor: 7
	JDBC version: 4.2
2026-07-26T13:27:20.952-04:00 DEBUG 29692 --- [lecturas] [restartedMain] org.hibernate.orm.dialect                : HHH035001: Using dialect: org.hibernate.dialect.PostgreSQLDialect, version: 18.4
2026-07-26T13:27:20.958-04:00 DEBUG 29692 --- [lecturas] [restartedMain] org.hibernate.orm.jdbc.lob               : HHH10010004: Disabling contextual LOB creation as Dialect reported it is not supported
2026-07-26T13:27:20.958-04:00 DEBUG 29692 --- [lecturas] [restartedMain] org.hibernate.orm.jdbc                   : HHH100122: Using default JDBC fetch size: 0
2026-07-26T13:27:20.958-04:00  INFO 29692 --- [lecturas] [restartedMain] org.hibernate.orm.connections.pooling    : HHH10001005: Database info:
	Database JDBC URL [jdbc:postgresql://localhost:5432/BD_LIBRO]
	Database driver: PostgreSQL JDBC Driver
	Database dialect: PostgreSQLDialect
	Database version: 18.4
	Default catalog/schema: BD_LIBRO/public
	Autocommit mode: undefined/unknown
	Isolation level: READ_COMMITTED [default READ_COMMITTED]
	JDBC fetch size: none
	Pool: DataSourceConnectionProvider
	Minimum pool size: undefined/unknown
	Maximum pool size: undefined/unknown
2026-07-26T13:27:20.969-04:00 DEBUG 29692 --- [lecturas] [restartedMain] o.s.o.jpa.hibernate.SpringBeanContainer  : Falling back to Hibernate's default producer after bean creation failure for interface org.hibernate.context.spi.CurrentTenantIdentifierResolver: org.springframework.beans.factory.NoSuchBeanDefinitionException: No qualifying bean of type 'org.hibernate.context.spi.CurrentTenantIdentifierResolver<?>' available
2026-07-26T13:27:20.970-04:00 DEBUG 29692 --- [lecturas] [restartedMain] o.s.o.jpa.hibernate.SpringBeanContainer  : Falling back to Hibernate's default producer after bean creation failure for interface org.hibernate.context.spi.TenantSchemaMapper: org.springframework.beans.factory.NoSuchBeanDefinitionException: No qualifying bean of type 'org.hibernate.context.spi.TenantSchemaMapper<?>' available
2026-07-26T13:27:20.980-04:00 DEBUG 29692 --- [lecturas] [restartedMain] org.hibernate.orm.factory                : HHH90020001: Instantiating factory [a476ae02-c3e2-4264-bbfb-e6862242f168] with settings: {java.specification.version=21, sun.cpu.isalist=amd64, hibernate.resource.beans.container=org.springframework.orm.jpa.hibernate.SpringBeanContainer@53ab6f47, hibernate.connection.handling_mode=DELAYED_ACQUISITION_AND_HOLD, sun.jnu.encoding=Cp1252, hibernate.implicit_naming_strategy=org.springframework.boot.hibernate.SpringImplicitNamingStrategy, java.class.path=C:\Users\tiare\Proyectos\lecturas\target\classes;C:\Users\tiare\.m2\repository\ch\qos\logback\logback-classic\1.5.34\logback-classic-1.5.34.jar;C:\Users\tiare\.m2\repository\ch\qos\logback\logback-core\1.5.34\logback-core-1.5.34.jar;C:\Users\tiare\.m2\repository\org\apache\logging\log4j\log4j-to-slf4j\2.25.4\log4j-to-slf4j-2.25.4.jar;C:\Users\tiare\.m2\repository\org\apache\logging\log4j\log4j-api\2.25.4\log4j-api-2.25.4.jar;C:\Users\tiare\.m2\repository\org\slf4j\jul-to-slf4j\2.0.18\jul-to-slf4j-2.0.18.jar;C:\Users\tiare\.m2\repository\jakarta\annotation\jakarta.annotation-api\3.0.0\jakarta.annotation-api-3.0.0.jar;C:\Users\tiare\.m2\repository\org\yaml\snakeyaml\2.5\snakeyaml-2.5.jar;C:\Users\tiare\.m2\repository\com\zaxxer\HikariCP\7.0.2\HikariCP-7.0.2.jar;C:\Users\tiare\.m2\repository\org\slf4j\slf4j-api\2.0.18\slf4j-api-2.0.18.jar;C:\Users\tiare\.m2\repository\org\springframework\boot\spring-boot-flyway\4.0.7\spring-boot-flyway-4.0.7.jar;C:\Users\tiare\.m2\repository\org\springframework\boot\spring-boot-jdbc\4.0.7\spring-boot-jdbc-4.0.7.jar;C:\Users\tiare\.m2\repository\org\springframework\boot\spring-boot-sql\4.0.7\spring-boot-sql-4.0.7.jar;C:\Users\tiare\.m2\repository\org\springframework\boot\spring-boot-transaction\4.0.7\spring-boot-transaction-4.0.7.jar;C:\Users\tiare\.m2\repository\org\springframework\boot\spring-boot-persistence\4.0.7\spring-boot-persistence-4.0.7.jar;C:\Users\tiare\.m2\repository\org\springframework\spring-tx\7.0.8\spring-tx-7.0.8.jar;C:\Users\tiare\.m2\repository\org\springframework\spring-jdbc\7.0.8\spring-jdbc-7.0.8.jar;C:\Users\tiare\.m2\repository\org\springframework\spring-beans\7.0.8\spring-beans-7.0.8.jar;C:\Users\tiare\.m2\repository\org\springframework\boot\spring-boot-validation\4.0.7\spring-boot-validation-4.0.7.jar;C:\Users\tiare\.m2\repository\org\apache\tomcat\embed\tomcat-embed-el\11.0.22\tomcat-embed-el-11.0.22.jar;C:\Users\tiare\.m2\repository\org\hibernate\validator\hibernate-validator\9.0.1.Final\hibernate-validator-9.0.1.Final.jar;C:\Users\tiare\.m2\repository\jakarta\validation\jakarta.validation-api\3.1.1\jakarta.validation-api-3.1.1.jar;C:\Users\tiare\.m2\repository\org\jboss\logging\jboss-logging\3.6.3.Final\jboss-logging-3.6.3.Final.jar;C:\Users\tiare\.m2\repository\com\fasterxml\classmate\1.7.3\classmate-1.7.3.jar;C:\Users\tiare\.m2\repository\org\springframework\boot\spring-boot-jackson\4.0.7\spring-boot-jackson-4.0.7.jar;C:\Users\tiare\.m2\repository\tools\jackson\core\jackson-databind\3.1.4\jackson-databind-3.1.4.jar;C:\Users\tiare\.m2\repository\tools\jackson\core\jackson-core\3.1.4\jackson-core-3.1.4.jar;C:\Users\tiare\.m2\repository\org\apache\tomcat\embed\tomcat-embed-core\11.0.22\tomcat-embed-core-11.0.22.jar;C:\Users\tiare\.m2\repository\org\apache\tomcat\embed\tomcat-embed-websocket\11.0.22\tomcat-embed-websocket-11.0.22.jar;C:\Users\tiare\.m2\repository\org\springframework\boot\spring-boot-tomcat\4.0.7\spring-boot-tomcat-4.0.7.jar;C:\Users\tiare\.m2\repository\org\springframework\boot\spring-boot-http-converter\4.0.7\spring-boot-http-converter-4.0.7.jar;C:\Users\tiare\.m2\repository\org\springframework\spring-web\7.0.8\spring-web-7.0.8.jar;C:\Users\tiare\.m2\repository\io\micrometer\micrometer-observation\1.16.6\micrometer-observation-1.16.6.jar;C:\Users\tiare\.m2\repository\io\micrometer\micrometer-commons\1.16.6\micrometer-commons-1.16.6.jar;C:\Users\tiare\.m2\repository\org\springframework\boot\spring-boot-webmvc\4.0.7\spring-boot-webmvc-4.0.7.jar;C:\Users\tiare\.m2\repository\org\springframework\boot\spring-boot-servlet\4.0.7\spring-boot-servlet-4.0.7.jar;C:\Users\tiare\.m2\repository\org\springframework\spring-webmvc\7.0.8\spring-webmvc-7.0.8.jar;C:\Users\tiare\.m2\repository\org\springframework\spring-aop\7.0.8\spring-aop-7.0.8.jar;C:\Users\tiare\.m2\repository\org\springframework\spring-expression\7.0.8\spring-expression-7.0.8.jar;C:\Users\tiare\.m2\repository\org\springdoc\springdoc-openapi-starter-webmvc-ui\3.0.2\springdoc-openapi-starter-webmvc-ui-3.0.2.jar;C:\Users\tiare\.m2\repository\org\springdoc\springdoc-openapi-starter-webmvc-api\3.0.2\springdoc-openapi-starter-webmvc-api-3.0.2.jar;C:\Users\tiare\.m2\repository\org\springdoc\springdoc-openapi-starter-common\3.0.2\springdoc-openapi-starter-common-3.0.2.jar;C:\Users\tiare\.m2\repository\io\swagger\core\v3\swagger-core-jakarta\2.2.43\swagger-core-jakarta-2.2.43.jar;C:\Users\tiare\.m2\repository\org\apache\commons\commons-lang3\3.19.0\commons-lang3-3.19.0.jar;C:\Users\tiare\.m2\repository\io\swagger\core\v3\swagger-annotations-jakarta\2.2.43\swagger-annotations-jakarta-2.2.43.jar;C:\Users\tiare\.m2\repository\io\swagger\core\v3\swagger-models-jakarta\2.2.43\swagger-models-jakarta-2.2.43.jar;C:\Users\tiare\.m2\repository\com\fasterxml\jackson\dataformat\jackson-dataformat-yaml\2.21.4\jackson-dataformat-yaml-2.21.4.jar;C:\Users\tiare\.m2\repository\com\fasterxml\jackson\datatype\jackson-datatype-jsr310\2.21.4\jackson-datatype-jsr310-2.21.4.jar;C:\Users\tiare\.m2\repository\org\springframework\boot\spring-boot-web-server\4.0.7\spring-boot-web-server-4.0.7.jar;C:\Users\tiare\.m2\repository\org\webjars\swagger-ui\5.32.0\swagger-ui-5.32.0.jar;C:\Users\tiare\.m2\repository\org\webjars\webjars-locator-lite\1.1.3\webjars-locator-lite-1.1.3.jar;C:\Users\tiare\.m2\repository\org\jspecify\jspecify\1.0.0\jspecify-1.0.0.jar;C:\Users\tiare\.m2\repository\org\springframework\boot\spring-boot-devtools\4.0.7\spring-boot-devtools-4.0.7.jar;C:\Users\tiare\.m2\repository\org\springframework\boot\spring-boot\4.0.7\spring-boot-4.0.7.jar;C:\Users\tiare\.m2\repository\org\springframework\spring-core\7.0.8\spring-core-7.0.8.jar;C:\Users\tiare\.m2\repository\commons-logging\commons-logging\1.3.6\commons-logging-1.3.6.jar;C:\Users\tiare\.m2\repository\org\springframework\spring-context\7.0.8\spring-context-7.0.8.jar;C:\Users\tiare\.m2\repository\org\springframework\boot\spring-boot-autoconfigure\4.0.7\spring-boot-autoconfigure-4.0.7.jar;C:\Users\tiare\.m2\repository\org\springframework\boot\spring-boot-data-jpa\4.0.7\spring-boot-data-jpa-4.0.7.jar;C:\Users\tiare\.m2\repository\org\springframework\boot\spring-boot-data-commons\4.0.7\spring-boot-data-commons-4.0.7.jar;C:\Users\tiare\.m2\repository\org\springframework\data\spring-data-commons\4.0.6\spring-data-commons-4.0.6.jar;C:\Users\tiare\.m2\repository\org\springframework\boot\spring-boot-hibernate\4.0.7\spring-boot-hibernate-4.0.7.jar;C:\Users\tiare\.m2\repository\org\springframework\boot\spring-boot-jpa\4.0.7\spring-boot-jpa-4.0.7.jar;C:\Users\tiare\.m2\repository\jakarta\persistence\jakarta.persistence-api\3.2.0\jakarta.persistence-api-3.2.0.jar;C:\Users\tiare\.m2\repository\org\hibernate\orm\hibernate-core\7.2.19.Final\hibernate-core-7.2.19.Final.jar;C:\Users\tiare\.m2\repository\jakarta\transaction\jakarta.transaction-api\2.0.1\jakarta.transaction-api-2.0.1.jar;C:\Users\tiare\.m2\repository\org\hibernate\models\hibernate-models\1.0.1\hibernate-models-1.0.1.jar;C:\Users\tiare\.m2\repository\org\glassfish\jaxb\jaxb-runtime\4.0.9\jaxb-runtime-4.0.9.jar;C:\Users\tiare\.m2\repository\org\glassfish\jaxb\jaxb-core\4.0.9\jaxb-core-4.0.9.jar;C:\Users\tiare\.m2\repository\org\eclipse\angus\angus-activation\2.0.3\angus-activation-2.0.3.jar;C:\Users\tiare\.m2\repository\org\glassfish\jaxb\txw2\4.0.9\txw2-4.0.9.jar;C:\Users\tiare\.m2\repository\com\sun\istack\istack-commons-runtime\4.1.2\istack-commons-runtime-4.1.2.jar;C:\Users\tiare\.m2\repository\jakarta\inject\jakarta.inject-api\2.0.1\jakarta.inject-api-2.0.1.jar;C:\Users\tiare\.m2\repository\org\springframework\spring-orm\7.0.8\spring-orm-7.0.8.jar;C:\Users\tiare\.m2\repository\org\springframework\data\spring-data-jpa\4.0.6\spring-data-jpa-4.0.6.jar;C:\Users\tiare\.m2\repository\org\antlr\antlr4-runtime\4.13.2\antlr4-runtime-4.13.2.jar;C:\Users\tiare\.m2\repository\org\springframework\spring-aspects\7.0.8\spring-aspects-7.0.8.jar;C:\Users\tiare\.m2\repository\org\aspectj\aspectjweaver\1.9.25.1\aspectjweaver-1.9.25.1.jar;C:\Users\tiare\.m2\repository\jakarta\xml\bind\jakarta.xml.bind-api\4.0.5\jakarta.xml.bind-api-4.0.5.jar;C:\Users\tiare\.m2\repository\jakarta\activation\jakarta.activation-api\2.1.4\jakarta.activation-api-2.1.4.jar;C:\Users\tiare\.m2\repository\net\bytebuddy\byte-buddy\1.17.8\byte-buddy-1.17.8.jar;C:\Users\tiare\.m2\repository\org\flywaydb\flyway-database-postgresql\11.14.1\flyway-database-postgresql-11.14.1.jar;C:\Users\tiare\.m2\repository\org\flywaydb\flyway-core\11.14.1\flyway-core-11.14.1.jar;C:\Users\tiare\.m2\repository\com\fasterxml\jackson\core\jackson-databind\2.21.4\jackson-databind-2.21.4.jar;C:\Users\tiare\.m2\repository\com\fasterxml\jackson\core\jackson-annotations\2.21\jackson-annotations-2.21.jar;C:\Users\tiare\.m2\repository\com\fasterxml\jackson\core\jackson-core\2.21.4\jackson-core-2.21.4.jar;C:\Users\tiare\.m2\repository\org\postgresql\postgresql\42.7.4\postgresql-42.7.4.jar;C:\Users\tiare\.m2\repository\org\checkerframework\checker-qual\3.42.0\checker-qual-3.42.0.jar, LOGBACK_ROLLINGPOLICY_MAX_FILE_SIZE=8388608, java.vm.vendor=Oracle Corporation, LOG_PATH=logs, sun.arch.data.model=64, user.variant=, java.vendor.url=https://java.oracle.com/, catalina.useNaming=false, user.timezone=America/Santiago, jakarta.persistence.sharedCache.mode=UNSPECIFIED, org.jboss.logging.provider=slf4j, java.vm.specification.version=21, os.name=Windows 11, APPLICATION_NAME=lecturas, jakarta.persistence.nonJtaDataSource=HikariDataSource (HikariPool-2), sun.java.launcher=SUN_STANDARD, user.country=CL, sun.boot.library.path=C:\Program Files\Java\jdk-21.0.11\bin, sun.java.command=com.libreriadelosmilpetalos.lecturas.LecturasApplication, javax.persistence.nonJtaDataSource=HikariDataSource (HikariPool-2), hibernate.transaction.jta.platform=org.hibernate.engine.transaction.jta.platform.internal.NoJtaPlatform@6ba67676, jdk.debug=release, sun.cpu.endian=little, hibernate.cdi.extensions=true, user.home=C:\Users\tiare, user.language=es, java.specification.vendor=Oracle Corporation, java.version.date=2026-04-21, java.home=C:\Program Files\Java\jdk-21.0.11, file.separator=\, java.vm.compressedOopsMode=Zero based, line.separator=
, hibernate.persistenceUnitName=default, java.vm.specification.vendor=Oracle Corporation, java.specification.name=Java Platform API Specification, FILE_LOG_CHARSET=UTF-8, hibernate.transaction.coordinator_class=class org.hibernate.resource.transaction.backend.jdbc.internal.JdbcResourceLocalTransactionCoordinatorBuilderImpl, java.awt.headless=true, jakarta.persistence.validation.mode=AUTO, user.script=, polyglot.engine.WarnInterpreterOnly=false, sun.management.compiler=HotSpot 64-Bit Tiered Compilers, java.runtime.version=21.0.11+9-LTS-211, user.name=tiare, stdout.encoding=cp850, path.separator=;, os.version=10.0, java.runtime.name=Java(TM) SE Runtime Environment, file.encoding=UTF-8, java.vm.name=Java HotSpot(TM) 64-Bit Server VM, LOG_FILE=logs/libro.log, java.vendor.url.bug=https://bugreport.java.com/bugreport/, java.io.tmpdir=C:\Users\tiare\AppData\Local\Temp\, com.zaxxer.hikari.pool_number=1, catalina.home=C:\Users\tiare\AppData\Local\Temp\tomcat.8081.319547508785146062, java.version=21.0.11, hibernate.physical_naming_strategy=org.hibernate.boot.model.naming.PhysicalNamingStrategySnakeCaseImpl, user.dir=C:\Users\tiare\Proyectos\lecturas, os.arch=amd64, java.vm.specification.name=Java Virtual Machine Specification, PID=29692, sun.os.patch.level=, CONSOLE_LOG_CHARSET=IBM850, LOGBACK_ROLLINGPOLICY_MAX_HISTORY=30, catalina.base=C:\Users\tiare\AppData\Local\Temp\tomcat.8081.319547508785146062, hibernate.boot.CfgXmlAccessService.key=org.hibernate.boot.registry.StandardServiceRegistryBuilder$1@387aa57d, native.encoding=Cp1252, java.library.path=C:\Program Files\Java\jdk-21.0.11\bin;C:\Windows\Sun\Java\bin;C:\Windows\system32;C:\Windows;C:\Program Files\Common Files\Oracle\Java\javapath;C:\Windows\system32;C:\Windows;C:\Windows\System32\Wbem;C:\Windows\System32\WindowsPowerShell\v1.0\;C:\Windows\System32\OpenSSH\;C:\Program Files\Docker\Docker\resources\bin;C:\Program Files\apache-maven-3.9.16\bin;C:\Program Files\Git\cmd;C:\Users\tiare\AppData\Local\Programs\Python\Python312\Scripts\;C:\Users\tiare\AppData\Local\Programs\Python\Python312\;C:\Users\tiare\AppData\Local\Microsoft\WindowsApps;C:\Users\tiare\AppData\Local\Programs\Microsoft VS Code\bin;c:\Users\tiare\.vscode\extensions\vscjava.vscode-java-debug-0.59.0\bundled\scripts\noConfigScripts;., stderr.encoding=cp850, java.vendor=Oracle Corporation, java.vm.info=mixed mode, emulated-client, sharing, java.vm.version=21.0.11+9-LTS-211, sun.io.unicode.encoding=UnicodeLittle, hibernate.archive.scanner=org.hibernate.boot.archive.scan.internal.DisabledScanner, hibernate.connection.datasource=HikariDataSource (HikariPool-2), java.class.version=65.0, LOGGED_APPLICATION_NAME=[lecturas] }
2026-07-26T13:27:20.981-04:00 DEBUG 29692 --- [lecturas] [restartedMain] o.h.v.i.xml.config.ValidationXmlParser   : Trying to load META-INF/validation.xml for XML based Validator configuration.
2026-07-26T13:27:20.981-04:00 DEBUG 29692 --- [lecturas] [restartedMain] o.h.v.i.xml.config.ResourceLoaderHelper  : Trying to load META-INF/validation.xml via TCCL
2026-07-26T13:27:20.981-04:00 DEBUG 29692 --- [lecturas] [restartedMain] o.h.v.i.xml.config.ResourceLoaderHelper  : Trying to load META-INF/validation.xml via Hibernate Validator's class loader
2026-07-26T13:27:20.981-04:00 DEBUG 29692 --- [lecturas] [restartedMain] o.h.v.i.xml.config.ValidationXmlParser   : No META-INF/validation.xml found. Using annotation based configuration only.
2026-07-26T13:27:20.982-04:00 DEBUG 29692 --- [lecturas] [restartedMain] o.h.v.i.e.resolver.TraversableResolvers  : Found jakarta.persistence.Persistence on classpath containing 'getPersistenceUtil'. Assuming Jakarta Persistence environment. Trying to instantiate Jakarta Persistence aware TraversableResolver
2026-07-26T13:27:20.982-04:00 DEBUG 29692 --- [lecturas] [restartedMain] o.h.v.i.e.resolver.TraversableResolvers  : Instantiated Jakarta Persistence aware TraversableResolver of type org.hibernate.validator.internal.engine.resolver.JPATraversableResolver.
2026-07-26T13:27:20.982-04:00 DEBUG 29692 --- [lecturas] [restartedMain] .h.v.m.ResourceBundleMessageInterpolator : Loaded expression factory via original TCCL
2026-07-26T13:27:20.983-04:00 DEBUG 29692 --- [lecturas] [restartedMain] .i.e.ValidatorFactoryConfigurationHelper : HV000252: Using org.hibernate.validator.internal.engine.DefaultPropertyNodeNameProvider as property node name provider.
2026-07-26T13:27:20.983-04:00 DEBUG 29692 --- [lecturas] [restartedMain] .i.e.ValidatorFactoryConfigurationHelper : HV000234: Using org.hibernate.validator.messageinterpolation.ResourceBundleMessageInterpolator as ValidatorFactory-scoped message interpolator.
2026-07-26T13:27:20.983-04:00 DEBUG 29692 --- [lecturas] [restartedMain] .i.e.ValidatorFactoryConfigurationHelper : HV000234: Using org.hibernate.validator.internal.engine.resolver.JPATraversableResolver as ValidatorFactory-scoped traversable resolver.
2026-07-26T13:27:20.984-04:00 DEBUG 29692 --- [lecturas] [restartedMain] .i.e.ValidatorFactoryConfigurationHelper : HV000234: Using org.hibernate.validator.internal.util.ExecutableParameterNameProvider as ValidatorFactory-scoped parameter name provider.
2026-07-26T13:27:20.984-04:00 DEBUG 29692 --- [lecturas] [HikariPool-2:connection-adder] com.zaxxer.hikari.pool.PoolBase          : HikariPool-2 - Established new connection (f6d90f78-f965-4a0d-8890-04e94962ceca)
2026-07-26T13:27:20.984-04:00 DEBUG 29692 --- [lecturas] [restartedMain] .i.e.ValidatorFactoryConfigurationHelper : HV000234: Using org.hibernate.validator.internal.engine.DefaultClockProvider as ValidatorFactory-scoped clock provider.
2026-07-26T13:27:20.984-04:00 DEBUG 29692 --- [lecturas] [HikariPool-2:connection-adder] com.zaxxer.hikari.pool.HikariPool        : HikariPool-2 - Added connection org.postgresql.jdbc.PgConnection@3d16e04b
2026-07-26T13:27:20.984-04:00 DEBUG 29692 --- [lecturas] [restartedMain] .i.e.ValidatorFactoryConfigurationHelper : HV000234: Using org.hibernate.validator.internal.engine.scripting.DefaultScriptEvaluatorFactory as ValidatorFactory-scoped script evaluator factory.
2026-07-26T13:27:20.988-04:00 DEBUG 29692 --- [lecturas] [restartedMain] .h.t.s.s.SchemaManagementToolCoordinator : No schema actions specified for contributor 'orm'
2026-07-26T13:27:20.995-04:00 DEBUG 29692 --- [lecturas] [restartedMain] org.hibernate.HQL_FUNCTIONS              : Available HQL Functions:
	abs(NUMERIC arg)
	Double acos(NUMERIC arg)
	Double acosh(NUMERIC arg)
	Boolean any(BOOLEAN predicate)
	array( ... )
	array_agg(arg)
	array_append( ... )
	array_concat( ... )
	Boolean array_contains(ARRAY haystackArray, OBJECT needleElementOrArray)
	Boolean array_contains_nullable(ARRAY haystackArray, OBJECT needleElementOrArray)
	array_fill(OBJECT element, INTEGER elementCount)
	array_fill_list(OBJECT element, INTEGER elementCount)
	array_get(ARRAY array, INTEGER index)
	Boolean array_includes(ARRAY haystackArray, OBJECT needleArray)
	Boolean array_includes_nullable(ARRAY haystackArray, OBJECT needleArray)
	Boolean array_intersects(ARRAY array0, OBJECT array1)
	Boolean array_intersects_nullable(ARRAY array0, OBJECT array1)
	Integer array_length(ARRAY array)
	array_list( ... )
	Boolean array_overlaps(ARRAY array0, OBJECT array1)
	Boolean array_overlaps_nullable(ARRAY array0, OBJECT array1)
	Integer array_position(ARRAY array, OBJECT element[, INTEGER startPosition])
	int[] array_positions(ARRAY array, OBJECT element)
	List array_positions_list(ARRAY array, OBJECT element)
	array_prepend( ... )
	array_remove( ... )
	array_remove_index( ... )
	array_replace(ARRAY array, OBJECT old, OBJECT new)
	array_set( ... )
	array_slice(ARRAY array, INTEGER start, INTEGER end)
	String array_to_string( ... )
	array_trim(ARRAY array, INTEGER elementsToRemove)
	Integer ascii(STRING arg)
	Double asin(NUMERIC arg)
	Double asinh(NUMERIC arg)
	Double atan(NUMERIC arg)
	Double atan2(NUMERIC arg0, NUMERIC arg1)
	Double atanh(NUMERIC arg)
	avg(arg)
	bit_and(arg)
	Integer bit_length(STRING_OR_CLOB arg)
	bit_or(arg)
	bitand(arg0, arg1)
	bitnot(arg)
	bitor(arg0, arg1)
	bitxor(arg0, arg1)
	Boolean bool_and(BOOLEAN predicate)
	Boolean bool_or(BOOLEAN predicate)
	cast(arg as Type)
	Double cbrt(NUMERIC arg)
	ceiling(NUMERIC arg)
	Character char(INTEGER arg)
	Integer character_length(STRING_OR_CLOB arg)
	Character chr(INTEGER arg)
	coalesce(arg0[, arg1[, ...]])
	String collate(STRING string as COLLATION collation)
	(STRING string0[, STRING string1[, ...]])
	Double corr(NUMERIC arg0, NUMERIC arg1)
	Double cos(NUMERIC arg)
	Double cosh(NUMERIC arg)
	Double cot(NUMERIC arg)
	Long count([distinct ]{arg|*})
	Double covar_pop(NUMERIC arg0, NUMERIC arg1)
	Double covar_samp(NUMERIC arg0, NUMERIC arg1)
	Double cume_dist([arg0[, ...]])
	Date current date
	Time current time
	Timestamp current timestamp
	Date current_date
	Instant current_instant
	Time current_time
	Timestamp current_timestamp
	date_trunc(STRING field, TEMPORAL datetime)
	dateadd(TEMPORAL_UNIT field, INTEGER magnitude, TEMPORAL datetime)
	Long|Double datediff(TEMPORAL_UNIT field, TEMPORAL start, TEMPORAL end)
	Double degrees(NUMERIC arg)
	Long dense_rank([arg0[, ...]])
	Boolean every(BOOLEAN predicate)
	Double exp(NUMERIC arg)
	extract(TEMPORAL_UNIT field from TEMPORAL arg)
	first_valueANY value
	floor(NUMERIC arg)
	String format(TEMPORAL datetime as STRING pattern)
	greatest(COMPARABLE arg0, COMPARABLE arg1[, arg2[, ...]])
	String hex(arg)
	ifnull(arg0, arg1)
	String initcap(arg)
	String insert(STRING string, INTEGER start, INTEGER length, STRING replacement)
	Instant instant
	String json_array([arg0[, ...]])
	String json_array_append(IMPLICIT_JSON arg0, STRING arg1, ANY arg2)
	String json_array_insert(IMPLICIT_JSON arg0, STRING arg1, ANY arg2)
	String json_arrayagg(arg0[, arg1])
	Boolean json_exists(IMPLICIT_JSON arg0, STRING arg1)
	String json_insert(IMPLICIT_JSON arg0, STRING arg1, ANY arg2)
	String json_mergepatch(IMPLICIT_JSON arg0, IMPLICIT_JSON arg1[, arg2[, ...]])
	String json_object( ... )
	String json_objectagg(arg0, arg1[, arg2, arg3])
	String json_query( ... )
	String json_remove(IMPLICIT_JSON arg0, STRING arg1)
	String json_replace(IMPLICIT_JSON arg0, STRING arg1, ANY arg2)
	String json_set(IMPLICIT_JSON arg0, STRING arg1, ANY arg2)
	json_value( ... )
	lagANY value[, INTEGER offset[, ANY default]]
	last_valueANY value
	leadANY value[, INTEGER offset[, ANY default]]
	least(COMPARABLE arg0, COMPARABLE arg1[, arg2[, ...]])
	String left(STRING string, INTEGER length)
	length
	String listagg(STRING arg0, STRING arg1)
	Double ln(NUMERIC arg)
	LocalDate local date
	LocalDateTime local datetime
	LocalTime local time
	LocalDate local_date
	LocalDateTime local_datetime
	LocalTime local_time
	Time localtime
	Timestamp localtimestamp
	Integer locate(STRING pattern, STRING string[, INTEGER start])
	Double log(NUMERIC arg0[, NUMERIC arg1])
	Double log10(NUMERIC arg)
	String lower(STRING string)
	String lpad(STRING string, INTEGER length[, STRING padding])
	String ltrim(STRING string[, STRING characters])
	Date make_date(INTEGER arg0, INTEGER arg1, INTEGER arg2)
	Time make_time(INTEGER arg0, INTEGER arg1, INTEGER arg2)
	Timestamp make_timestamp(INTEGER arg0, INTEGER arg1, INTEGER arg2, INTEGER arg3, INTEGER arg4, INTEGER arg5)
	Timestamp make_timestamptz(INTEGER arg0, INTEGER arg1, INTEGER arg2, INTEGER arg3, INTEGER arg4, INTEGER arg5[, INTEGER arg6])
	max(COMPARABLE arg)
	byte[] md5(arg)
	Double median(NUMERIC arg)
	min(COMPARABLE arg)
	Integer mod(INTEGER arg0, INTEGER arg1)
	mode()
	nth_valueANY value, INTEGER nth
	nullif(arg0, arg1)
	Integer octet_length(STRING_OR_CLOB arg)
	OffsetDateTime offset datetime
	OffsetDateTime offset_datetime
	Integer ordinal(ENUM arg)
	String overlay(string placing replacement from start[ for length])
	String pad(STRING string with INTEGER length {leading|trailing}[ STRING character])
	Double percent_rank([arg0[, ...]])
	percentile_cont(NUMERIC arg)
	percentile_disc(NUMERIC arg)
	Double pi
	Integer position(STRING pattern in STRING string)
	Double power(NUMERIC arg0, NUMERIC arg1)
	Double radians(NUMERIC arg)
	Long rank([arg0[, ...]])
	(STRING string, STRING pattern[, STRING flags])
	Double regr_avgx(NUMERIC arg0, NUMERIC arg1)
	Double regr_avgy(NUMERIC arg0, NUMERIC arg1)
	Double regr_count(NUMERIC arg0, NUMERIC arg1)
	Double regr_intercept(NUMERIC arg0, NUMERIC arg1)
	Double regr_r2(NUMERIC arg0, NUMERIC arg1)
	Double regr_slope(NUMERIC arg0, NUMERIC arg1)
	Double regr_sxx(NUMERIC arg0, NUMERIC arg1)
	Double regr_sxy(NUMERIC arg0, NUMERIC arg1)
	Double regr_syy(NUMERIC arg0, NUMERIC arg1)
	String repeat(STRING string, INTEGER times)
	String replace(STRING string, STRING pattern, STRING replacement)
	String reverse(STRING arg)
	String right(STRING string, INTEGER length)
	round(NUMERIC number[, INTEGER places])
	Long row_number()
	String rpad(STRING string, INTEGER length[, STRING padding])
	String rtrim(STRING string[, STRING characters])
	byte[] sha(arg)
	Integer sign(NUMERIC arg)
	Double sin(NUMERIC arg)
	Double sinh(NUMERIC arg)
	String soundex(arg)
	sql
	Double sqrt(NUMERIC arg)
	Double stddev(NUMERIC arg)
	Double stddev_pop(NUMERIC arg)
	Double stddev_samp(NUMERIC arg)
	String str(arg)
	String string(ENUM arg)
	String substr(STRING string, INTEGER start[, INTEGER length])
	String substring(STRING string{ from|,} INTEGER start[{ for|,} INTEGER length])
	sum(arg)
	Double tan(NUMERIC arg)
	Double tanh(NUMERIC arg)
	timestampadd(TEMPORAL_UNIT field, INTEGER magnitude, TEMPORAL datetime)
	Long|Double timestampdiff(TEMPORAL_UNIT field, TEMPORAL start, TEMPORAL end)
	String to_char(ANY arg0[, STRING arg1, STRING arg2])
	Date to_date(STRING arg0[, STRING arg1, STRING arg2])
	Double to_number(STRING arg0[, STRING arg1, STRING arg2])
	Timestamp to_timestamp(STRING arg0[, STRING arg1, STRING arg2])
	String translate(STRING arg0, STRING arg1, STRING arg2)
	String trim([[{leading|trailing|both} ][STRING arg0 ]from] STRING arg1)
	trunc( ... )
	truncate( ... )
	String upper(STRING string)
	Double var_pop(NUMERIC arg)
	Double var_samp(NUMERIC arg)
	Double variance(NUMERIC arg)
	String xmlagg( ... )
	String xmlcomment(STRING arg)
	String xmlconcat( ... )
	String xmlelement( ... )
	Boolean xmlexists( ... )
	String xmlforest( ... )
	String xmlpi( ... )
	String xmlquery( ... )

2026-07-26T13:27:21.006-04:00 DEBUG 29692 --- [lecturas] [restartedMain] org.hibernate.orm.core                   : HHH000513: Unable to create the ReflectionOptimizer for [com.libreriadelosmilpetalos.lecturas.entity.Libro]: private accessor [autor]
2026-07-26T13:27:21.007-04:00 DEBUG 29692 --- [lecturas] [restartedMain] org.hibernate.orm.bytecode.interceptor   : HHH90005905: To-one property 'com.libreriadelosmilpetalos.lecturas.entity.Etiqueta.libro' was mapped with LAZY + NO_PROXY but the class was not enhanced
2026-07-26T13:27:21.007-04:00 DEBUG 29692 --- [lecturas] [restartedMain] org.hibernate.orm.bytecode.interceptor   : HHH90005905: To-one property 'com.libreriadelosmilpetalos.lecturas.entity.Etiqueta.libro' was mapped with LAZY + NO_PROXY but the class was not enhanced
2026-07-26T13:27:21.015-04:00 DEBUG 29692 --- [lecturas] [HikariPool-2:connection-adder] com.zaxxer.hikari.pool.HikariPool        : HikariPool-2 - After adding stats (total=3/10, idle=3/10, active=0, waiting=0)
2026-07-26T13:27:21.015-04:00 DEBUG 29692 --- [lecturas] [HikariPool-2:connection-adder] com.zaxxer.hikari.pool.PoolBase          : HikariPool-2 - Attempting to create/setup new connection (d00f2e70-bf32-4dfc-853f-44e4f52ff36f)
2026-07-26T13:27:21.015-04:00 DEBUG 29692 --- [lecturas] [HikariPool-2:connection-adder] org.postgresql.Driver                    : Connecting with URL: jdbc:postgresql://localhost:5432/BD_LIBRO
2026-07-26T13:27:21.015-04:00 DEBUG 29692 --- [lecturas] [HikariPool-2:connection-adder] org.postgresql.jdbc.PgConnection         : PostgreSQL JDBC Driver 42.7.4
2026-07-26T13:27:21.015-04:00 DEBUG 29692 --- [lecturas] [HikariPool-2:connection-adder] org.postgresql.jdbc.PgConnection         :   setDefaultFetchSize = 0
2026-07-26T13:27:21.015-04:00 DEBUG 29692 --- [lecturas] [HikariPool-2:connection-adder] org.postgresql.jdbc.PgConnection         :   setPrepareThreshold = 5
2026-07-26T13:27:21.015-04:00 DEBUG 29692 --- [lecturas] [restartedMain] org.hibernate.orm.core                   : HHH000513: Unable to create the ReflectionOptimizer for [com.libreriadelosmilpetalos.lecturas.entity.Etiqueta]: private accessor [descripcion]
2026-07-26T13:27:21.016-04:00 DEBUG 29692 --- [lecturas] [HikariPool-2:connection-adder] o.p.core.v3.ConnectionFactoryImpl        : Trying to establish a protocol version 3 connection to localhost:5432
2026-07-26T13:27:21.016-04:00 DEBUG 29692 --- [lecturas] [restartedMain] org.hibernate.orm.bytecode.interceptor   : HHH90005905: To-one property 'com.libreriadelosmilpetalos.lecturas.entity.Etiqueta.libro' was mapped with LAZY + NO_PROXY but the class was not enhanced
2026-07-26T13:27:21.017-04:00 DEBUG 29692 --- [lecturas] [HikariPool-2:connection-adder] o.p.core.v3.ConnectionFactoryImpl        : Receive Buffer Size is 65.536
2026-07-26T13:27:21.017-04:00 DEBUG 29692 --- [lecturas] [HikariPool-2:connection-adder] o.p.core.v3.ConnectionFactoryImpl        : Send Buffer Size is 65.536
2026-07-26T13:27:21.023-04:00  INFO 29692 --- [lecturas] [restartedMain] org.hibernate.orm.core                   : HHH000489: No JTA platform available (set 'hibernate.transaction.jta.platform' to enable JTA platform integration)
2026-07-26T13:27:21.023-04:00 DEBUG 29692 --- [lecturas] [restartedMain] org.hibernate.orm.service                : HHH010454: EventListenerRegistry access via ServiceRegistry is deprecated - use 'sessionFactory.getEventEngine().getListenerRegistry()' instead
2026-07-26T13:27:21.023-04:00 DEBUG 29692 --- [lecturas] [restartedMain] .h.t.s.s.SchemaManagementToolCoordinator : No schema actions specified for contributor 'orm'
2026-07-26T13:27:21.024-04:00 DEBUG 29692 --- [lecturas] [restartedMain] .h.t.s.s.SchemaManagementToolCoordinator : No schema management actions found
2026-07-26T13:27:21.024-04:00 DEBUG 29692 --- [lecturas] [restartedMain] org.hibernate.orm.factoryRegistry        : HHH020384: Registering SessionFactory [a476ae02-c3e2-4264-bbfb-e6862242f168] (default)
2026-07-26T13:27:21.024-04:00  INFO 29692 --- [lecturas] [restartedMain] j.LocalContainerEntityManagerFactoryBean : Initialized JPA EntityManagerFactory for persistence unit 'default'
2026-07-26T13:27:21.036-04:00 DEBUG 29692 --- [lecturas] [restartedMain] o.s.b.f.s.DefaultListableBeanFactory     : Creating shared instance of singleton bean 'lecturasApplication'
2026-07-26T13:27:21.037-04:00 DEBUG 29692 --- [lecturas] [restartedMain] o.s.b.f.s.DefaultListableBeanFactory     : Creating shared instance of singleton bean 'libroController'
2026-07-26T13:27:21.038-04:00 DEBUG 29692 --- [lecturas] [restartedMain] o.s.b.f.s.DefaultListableBeanFactory     : Creating shared instance of singleton bean 'libroService'
2026-07-26T13:27:21.040-04:00 DEBUG 29692 --- [lecturas] [restartedMain] o.s.b.f.s.DefaultListableBeanFactory     : Creating shared instance of singleton bean 'libroRepository'
2026-07-26T13:27:21.042-04:00 DEBUG 29692 --- [lecturas] [restartedMain] o.s.b.f.s.DefaultListableBeanFactory     : Creating shared instance of singleton bean 'jpa.named-queries#0'
2026-07-26T13:27:21.043-04:00 DEBUG 29692 --- [lecturas] [restartedMain] o.s.b.f.s.DefaultListableBeanFactory     : Creating shared instance of singleton bean 'jpa.LibroRepository.fragments#0'
2026-07-26T13:27:21.044-04:00 DEBUG 29692 --- [lecturas] [restartedMain] o.s.b.f.s.DefaultListableBeanFactory     : Creating shared instance of singleton bean 'jpaSharedEM_entityManagerFactory'
2026-07-26T13:27:21.049-04:00 DEBUG 29692 --- [lecturas] [restartedMain] o.s.b.f.s.DefaultListableBeanFactory     : Creating shared instance of singleton bean 'jpaMappingContext'
2026-07-26T13:27:21.049-04:00 DEBUG 29692 --- [lecturas] [restartedMain] .c.JpaMetamodelMappingContextFactoryBean : Initializing JpaMetamodelMappingContext…
2026-07-26T13:27:21.050-04:00 DEBUG 29692 --- [lecturas] [restartedMain] .c.JpaMetamodelMappingContextFactoryBean : Finished initializing JpaMetamodelMappingContext
2026-07-26T13:27:21.052-04:00 DEBUG 29692 --- [lecturas] [restartedMain] o.s.beans.CachedIntrospectionResults     : Not strongly caching class [com.libreriadelosmilpetalos.lecturas.entity.Libro] because it is not cache-safe
2026-07-26T13:27:21.055-04:00 DEBUG 29692 --- [lecturas] [restartedMain] o.s.beans.CachedIntrospectionResults     : Not strongly caching class [com.libreriadelosmilpetalos.lecturas.entity.Etiqueta] because it is not cache-safe
2026-07-26T13:27:21.057-04:00 DEBUG 29692 --- [lecturas] [restartedMain] o.s.d.r.c.s.RepositoryFactorySupport     : Initializing repository instance for com.libreriadelosmilpetalos.lecturas.repository.LibroRepository…
2026-07-26T13:27:21.060-04:00 DEBUG 29692 --- [lecturas] [restartedMain] org.hibernate.orm.core                   : HHH006588: Opening session [tenant=null]
2026-07-26T13:27:21.061-04:00 DEBUG 29692 --- [lecturas] [HikariPool-2:connection-adder] com.zaxxer.hikari.pool.PoolBase          : HikariPool-2 - Established new connection (d00f2e70-bf32-4dfc-853f-44e4f52ff36f)
2026-07-26T13:27:21.061-04:00 DEBUG 29692 --- [lecturas] [HikariPool-2:connection-adder] com.zaxxer.hikari.pool.HikariPool        : HikariPool-2 - Added connection org.postgresql.jdbc.PgConnection@39297331
2026-07-26T13:27:21.062-04:00 DEBUG 29692 --- [lecturas] [restartedMain] org.hibernate.session.metrics            : HHH000401: Logging session metrics:
	0 ns acquiring 0 JDBC connections
	0 ns releasing 0 JDBC connections
	0 ns preparing 0 JDBC statements
	0 ns executing 0 JDBC statements
	0 ns executing 0 JDBC batches
	0 ns performing 0 second-level cache puts
	0 ns performing 0 second-level cache hits
	0 ns performing 0 second-level cache misses
	0 ns executing 0 flushes (flushing a total of 0 entities and 0 collections)
	0 ns executing 0 pre-partial-flushes
	0 ns executing 0 partial-flushes (flushing a total of 0 entities and 0 collections)

2026-07-26T13:27:21.063-04:00 DEBUG 29692 --- [lecturas] [restartedMain] org.hibernate.orm.core                   : HHH006588: Opening session [tenant=null]
2026-07-26T13:27:21.063-04:00 DEBUG 29692 --- [lecturas] [restartedMain] org.hibernate.session.metrics            : HHH000401: Logging session metrics:
	0 ns acquiring 0 JDBC connections
	0 ns releasing 0 JDBC connections
	0 ns preparing 0 JDBC statements
	0 ns executing 0 JDBC statements
	0 ns executing 0 JDBC batches
	0 ns performing 0 second-level cache puts
	0 ns performing 0 second-level cache hits
	0 ns performing 0 second-level cache misses
	0 ns executing 0 flushes (flushing a total of 0 entities and 0 collections)
	0 ns executing 0 pre-partial-flushes
	0 ns executing 0 partial-flushes (flushing a total of 0 entities and 0 collections)

2026-07-26T13:27:21.064-04:00 DEBUG 29692 --- [lecturas] [restartedMain] o.s.d.jpa.repository.query.NamedQuery    : Looking up named query 'Libro.findByTituloIgnoreCase'
2026-07-26T13:27:21.064-04:00 DEBUG 29692 --- [lecturas] [restartedMain] org.hibernate.orm.core                   : HHH006588: Opening session [tenant=null]
2026-07-26T13:27:21.064-04:00 DEBUG 29692 --- [lecturas] [restartedMain] org.hibernate.session.metrics            : HHH000401: Logging session metrics:
	0 ns acquiring 0 JDBC connections
	0 ns releasing 0 JDBC connections
	0 ns preparing 0 JDBC statements
	0 ns executing 0 JDBC statements
	0 ns executing 0 JDBC batches
	0 ns performing 0 second-level cache puts
	0 ns performing 0 second-level cache hits
	0 ns performing 0 second-level cache misses
	0 ns executing 0 flushes (flushing a total of 0 entities and 0 collections)
	0 ns executing 0 pre-partial-flushes
	0 ns executing 0 partial-flushes (flushing a total of 0 entities and 0 collections)

2026-07-26T13:27:21.064-04:00 DEBUG 29692 --- [lecturas] [restartedMain] o.s.d.jpa.repository.query.NamedQuery    : Did not find named query Libro.findByTituloIgnoreCase
2026-07-26T13:27:21.064-04:00 DEBUG 29692 --- [lecturas] [restartedMain] o.s.d.jpa.repository.query.NamedQuery    : Looking up named query 'Libro.findByFechaIngresoBetween'
2026-07-26T13:27:21.064-04:00 DEBUG 29692 --- [lecturas] [restartedMain] org.hibernate.orm.core                   : HHH006588: Opening session [tenant=null]
2026-07-26T13:27:21.066-04:00 DEBUG 29692 --- [lecturas] [restartedMain] org.hibernate.session.metrics            : HHH000401: Logging session metrics:
	0 ns acquiring 0 JDBC connections
	0 ns releasing 0 JDBC connections
	0 ns preparing 0 JDBC statements
	0 ns executing 0 JDBC statements
	0 ns executing 0 JDBC batches
	0 ns performing 0 second-level cache puts
	0 ns performing 0 second-level cache hits
	0 ns performing 0 second-level cache misses
	0 ns executing 0 flushes (flushing a total of 0 entities and 0 collections)
	0 ns executing 0 pre-partial-flushes
	0 ns executing 0 partial-flushes (flushing a total of 0 entities and 0 collections)

2026-07-26T13:27:21.066-04:00 DEBUG 29692 --- [lecturas] [restartedMain] o.s.d.jpa.repository.query.NamedQuery    : Did not find named query Libro.findByFechaIngresoBetween
2026-07-26T13:27:21.067-04:00 DEBUG 29692 --- [lecturas] [restartedMain] org.hibernate.orm.core                   : HHH006588: Opening session [tenant=null]
2026-07-26T13:27:21.068-04:00 DEBUG 29692 --- [lecturas] [restartedMain] org.hibernate.session.metrics            : HHH000401: Logging session metrics:
	0 ns acquiring 0 JDBC connections
	0 ns releasing 0 JDBC connections
	0 ns preparing 0 JDBC statements
	0 ns executing 0 JDBC statements
	0 ns executing 0 JDBC batches
	0 ns performing 0 second-level cache puts
	0 ns performing 0 second-level cache hits
	0 ns performing 0 second-level cache misses
	0 ns executing 0 flushes (flushing a total of 0 entities and 0 collections)
	0 ns executing 0 pre-partial-flushes
	0 ns executing 0 partial-flushes (flushing a total of 0 entities and 0 collections)

2026-07-26T13:27:21.069-04:00 DEBUG 29692 --- [lecturas] [restartedMain] org.hibernate.orm.core                   : HHH006588: Opening session [tenant=null]
2026-07-26T13:27:21.070-04:00 DEBUG 29692 --- [lecturas] [restartedMain] org.hibernate.session.metrics            : HHH000401: Logging session metrics:
	0 ns acquiring 0 JDBC connections
	0 ns releasing 0 JDBC connections
	0 ns preparing 0 JDBC statements
	0 ns executing 0 JDBC statements
	0 ns executing 0 JDBC batches
	0 ns performing 0 second-level cache puts
	0 ns performing 0 second-level cache hits
	0 ns performing 0 second-level cache misses
	0 ns executing 0 flushes (flushing a total of 0 entities and 0 collections)
	0 ns executing 0 pre-partial-flushes
	0 ns executing 0 partial-flushes (flushing a total of 0 entities and 0 collections)

2026-07-26T13:27:21.071-04:00 DEBUG 29692 --- [lecturas] [restartedMain] o.s.d.jpa.repository.query.NamedQuery    : Looking up named query 'Libro.existsByTituloIgnoreCase'
2026-07-26T13:27:21.071-04:00 DEBUG 29692 --- [lecturas] [restartedMain] org.hibernate.orm.core                   : HHH006588: Opening session [tenant=null]
2026-07-26T13:27:21.071-04:00 DEBUG 29692 --- [lecturas] [restartedMain] org.hibernate.session.metrics            : HHH000401: Logging session metrics:
	0 ns acquiring 0 JDBC connections
	0 ns releasing 0 JDBC connections
	0 ns preparing 0 JDBC statements
	0 ns executing 0 JDBC statements
	0 ns executing 0 JDBC batches
	0 ns performing 0 second-level cache puts
	0 ns performing 0 second-level cache hits
	0 ns performing 0 second-level cache misses
	0 ns executing 0 flushes (flushing a total of 0 entities and 0 collections)
	0 ns executing 0 pre-partial-flushes
	0 ns executing 0 partial-flushes (flushing a total of 0 entities and 0 collections)

2026-07-26T13:27:21.071-04:00 DEBUG 29692 --- [lecturas] [restartedMain] o.s.d.jpa.repository.query.NamedQuery    : Did not find named query Libro.existsByTituloIgnoreCase
2026-07-26T13:27:21.075-04:00 DEBUG 29692 --- [lecturas] [restartedMain] o.s.d.r.c.s.RepositoryFactorySupport     : Finished creation of repository instance for com.libreriadelosmilpetalos.lecturas.repository.LibroRepository.
2026-07-26T13:27:21.076-04:00 DEBUG 29692 --- [lecturas] [restartedMain] o.s.b.f.s.DefaultListableBeanFactory     : Creating shared instance of singleton bean 'etiquetaService'
2026-07-26T13:27:21.077-04:00 DEBUG 29692 --- [lecturas] [restartedMain] o.s.b.f.s.DefaultListableBeanFactory     : Creating shared instance of singleton bean 'etiquetaRepository'
2026-07-26T13:27:21.078-04:00 DEBUG 29692 --- [lecturas] [restartedMain] o.s.b.f.s.DefaultListableBeanFactory     : Creating shared instance of singleton bean 'jpa.named-queries#1'
2026-07-26T13:27:21.079-04:00 DEBUG 29692 --- [lecturas] [restartedMain] o.s.b.f.s.DefaultListableBeanFactory     : Creating shared instance of singleton bean 'jpa.EtiquetaRepository.fragments#0'
2026-07-26T13:27:21.080-04:00 DEBUG 29692 --- [lecturas] [restartedMain] o.s.d.r.c.s.RepositoryFactorySupport     : Initializing repository instance for com.libreriadelosmilpetalos.lecturas.repository.EtiquetaRepository…
2026-07-26T13:27:21.081-04:00 DEBUG 29692 --- [lecturas] [restartedMain] o.s.d.jpa.repository.query.NamedQuery    : Looking up named query 'Etiqueta.findByLibro'
2026-07-26T13:27:21.081-04:00 DEBUG 29692 --- [lecturas] [restartedMain] org.hibernate.orm.core                   : HHH006588: Opening session [tenant=null]
2026-07-26T13:27:21.082-04:00 DEBUG 29692 --- [lecturas] [restartedMain] org.hibernate.session.metrics            : HHH000401: Logging session metrics:
	0 ns acquiring 0 JDBC connections
	0 ns releasing 0 JDBC connections
	0 ns preparing 0 JDBC statements
	0 ns executing 0 JDBC statements
	0 ns executing 0 JDBC batches
	0 ns performing 0 second-level cache puts
	0 ns performing 0 second-level cache hits
	0 ns performing 0 second-level cache misses
	0 ns executing 0 flushes (flushing a total of 0 entities and 0 collections)
	0 ns executing 0 pre-partial-flushes
	0 ns executing 0 partial-flushes (flushing a total of 0 entities and 0 collections)

2026-07-26T13:27:21.082-04:00 DEBUG 29692 --- [lecturas] [restartedMain] o.s.d.jpa.repository.query.NamedQuery    : Did not find named query Etiqueta.findByLibro
2026-07-26T13:27:21.084-04:00 DEBUG 29692 --- [lecturas] [restartedMain] o.s.d.r.c.s.RepositoryFactorySupport     : Finished creation of repository instance for com.libreriadelosmilpetalos.lecturas.repository.EtiquetaRepository.
2026-07-26T13:27:21.085-04:00 DEBUG 29692 --- [lecturas] [restartedMain] o.s.b.f.s.DefaultListableBeanFactory     : Autowiring by type from bean name 'etiquetaService' via constructor to bean named 'etiquetaRepository'
2026-07-26T13:27:21.091-04:00 DEBUG 29692 --- [lecturas] [restartedMain] o.s.b.f.s.DefaultListableBeanFactory     : Autowiring by type from bean name 'libroService' via constructor to bean named 'libroRepository'
2026-07-26T13:27:21.091-04:00 DEBUG 29692 --- [lecturas] [restartedMain] o.s.b.f.s.DefaultListableBeanFactory     : Autowiring by type from bean name 'libroService' via constructor to bean named 'etiquetaService'
2026-07-26T13:27:21.094-04:00 DEBUG 29692 --- [lecturas] [HikariPool-2:connection-adder] com.zaxxer.hikari.pool.HikariPool        : HikariPool-2 - After adding stats (total=4/10, idle=4/10, active=0, waiting=0)
2026-07-26T13:27:21.094-04:00 DEBUG 29692 --- [lecturas] [HikariPool-2:connection-adder] com.zaxxer.hikari.pool.PoolBase          : HikariPool-2 - Attempting to create/setup new connection (bc6b6314-c326-4619-9a37-06c31c61a873)
2026-07-26T13:27:21.094-04:00 DEBUG 29692 --- [lecturas] [HikariPool-2:connection-adder] org.postgresql.Driver                    : Connecting with URL: jdbc:postgresql://localhost:5432/BD_LIBRO
2026-07-26T13:27:21.094-04:00 DEBUG 29692 --- [lecturas] [HikariPool-2:connection-adder] org.postgresql.jdbc.PgConnection         : PostgreSQL JDBC Driver 42.7.4
2026-07-26T13:27:21.094-04:00 DEBUG 29692 --- [lecturas] [HikariPool-2:connection-adder] org.postgresql.jdbc.PgConnection         :   setDefaultFetchSize = 0
2026-07-26T13:27:21.094-04:00 DEBUG 29692 --- [lecturas] [HikariPool-2:connection-adder] org.postgresql.jdbc.PgConnection         :   setPrepareThreshold = 5
2026-07-26T13:27:21.094-04:00 DEBUG 29692 --- [lecturas] [HikariPool-2:connection-adder] o.p.core.v3.ConnectionFactoryImpl        : Trying to establish a protocol version 3 connection to localhost:5432
2026-07-26T13:27:21.095-04:00 DEBUG 29692 --- [lecturas] [HikariPool-2:connection-adder] o.p.core.v3.ConnectionFactoryImpl        : Receive Buffer Size is 65.536
2026-07-26T13:27:21.095-04:00 DEBUG 29692 --- [lecturas] [HikariPool-2:connection-adder] o.p.core.v3.ConnectionFactoryImpl        : Send Buffer Size is 65.536
2026-07-26T13:27:21.095-04:00 DEBUG 29692 --- [lecturas] [restartedMain] o.s.b.f.s.DefaultListableBeanFactory     : Autowiring by type from bean name 'libroController' via constructor to bean named 'libroService'
2026-07-26T13:27:21.096-04:00 DEBUG 29692 --- [lecturas] [restartedMain] o.s.b.f.s.DefaultListableBeanFactory     : Creating shared instance of singleton bean 'globalExceptionHandler'
2026-07-26T13:27:21.097-04:00 DEBUG 29692 --- [lecturas] [restartedMain] o.s.b.f.s.DefaultListableBeanFactory     : Creating shared instance of singleton bean 'org.springframework.boot.autoconfigure.context.PropertyPlaceholderAutoConfiguration'
2026-07-26T13:27:21.097-04:00 DEBUG 29692 --- [lecturas] [restartedMain] o.s.b.f.s.DefaultListableBeanFactory     : Creating shared instance of singleton bean 'org.springframework.boot.webmvc.autoconfigure.DispatcherServletAutoConfiguration'
2026-07-26T13:27:21.097-04:00 DEBUG 29692 --- [lecturas] [restartedMain] o.s.b.f.s.DefaultListableBeanFactory     : Creating shared instance of singleton bean 'org.springframework.boot.autoconfigure.task.TaskExecutorConfigurations$SimpleAsyncTaskExecutorBuilderConfiguration'
2026-07-26T13:27:21.099-04:00 DEBUG 29692 --- [lecturas] [restartedMain] o.s.b.f.s.DefaultListableBeanFactory     : Autowiring by type from bean name 'org.springframework.boot.autoconfigure.task.TaskExecutorConfigurations$SimpleAsyncTaskExecutorBuilderConfiguration' via constructor to bean named 'spring.task.execution-org.springframework.boot.autoconfigure.task.TaskExecutionProperties'
2026-07-26T13:27:21.099-04:00 DEBUG 29692 --- [lecturas] [restartedMain] o.s.b.f.s.DefaultListableBeanFactory     : Creating shared instance of singleton bean 'simpleAsyncTaskExecutorBuilder'
2026-07-26T13:27:21.100-04:00 DEBUG 29692 --- [lecturas] [restartedMain] o.s.b.f.s.DefaultListableBeanFactory     : Creating shared instance of singleton bean 'org.springframework.boot.autoconfigure.task.TaskExecutorConfigurations$AsyncConfigurerConfiguration'
2026-07-26T13:27:21.100-04:00 DEBUG 29692 --- [lecturas] [restartedMain] o.s.b.f.s.DefaultListableBeanFactory     : Creating shared instance of singleton bean 'applicationTaskExecutorAsyncConfigurer'
2026-07-26T13:27:21.100-04:00 DEBUG 29692 --- [lecturas] [restartedMain] o.s.b.f.s.DefaultListableBeanFactory     : Autowiring by type from bean name 'applicationTaskExecutorAsyncConfigurer' via factory method to bean named 'org.springframework.beans.factory.support.DefaultListableBeanFactory@32a6d156'
2026-07-26T13:27:21.100-04:00 DEBUG 29692 --- [lecturas] [restartedMain] o.s.b.f.s.DefaultListableBeanFactory     : Creating shared instance of singleton bean 'org.springframework.boot.autoconfigure.task.TaskExecutorConfigurations$BootstrapExecutorConfiguration'
2026-07-26T13:27:21.100-04:00 DEBUG 29692 --- [lecturas] [restartedMain] o.s.b.f.s.DefaultListableBeanFactory     : Creating shared instance of singleton bean 'org.springframework.boot.autoconfigure.task.TaskExecutionAutoConfiguration'
2026-07-26T13:27:21.101-04:00 DEBUG 29692 --- [lecturas] [restartedMain] o.s.b.f.s.DefaultListableBeanFactory     : Creating shared instance of singleton bean 'org.springframework.boot.validation.autoconfigure.ValidationAutoConfiguration'
2026-07-26T13:27:21.101-04:00 DEBUG 29692 --- [lecturas] [restartedMain] o.s.b.f.s.DefaultListableBeanFactory     : Creating shared instance of singleton bean 'defaultValidator'
2026-07-26T13:27:21.101-04:00 DEBUG 29692 --- [lecturas] [restartedMain] o.s.b.f.s.DefaultListableBeanFactory     : Autowiring by type from bean name 'defaultValidator' via factory method to bean named 'org.springframework.boot.web.server.servlet.context.AnnotationConfigServletWebServerApplicationContext@65bfe393'
2026-07-26T13:27:21.101-04:00 DEBUG 29692 --- [lecturas] [restartedMain] .h.v.m.ResourceBundleMessageInterpolator : Loaded expression factory via original TCCL
2026-07-26T13:27:21.101-04:00 DEBUG 29692 --- [lecturas] [restartedMain] o.h.v.i.e.AbstractConfigurationImpl      : Setting custom MessageInterpolator of type org.springframework.validation.beanvalidation.LocaleContextMessageInterpolator
2026-07-26T13:27:21.101-04:00 DEBUG 29692 --- [lecturas] [restartedMain] o.h.v.i.e.AbstractConfigurationImpl      : Setting custom ConstraintValidatorFactory of type org.springframework.validation.beanvalidation.SpringConstraintValidatorFactory
2026-07-26T13:27:21.102-04:00 DEBUG 29692 --- [lecturas] [restartedMain] o.h.v.i.xml.config.ValidationXmlParser   : Trying to load META-INF/validation.xml for XML based Validator configuration.
2026-07-26T13:27:21.102-04:00 DEBUG 29692 --- [lecturas] [restartedMain] o.h.v.i.xml.config.ResourceLoaderHelper  : Trying to load META-INF/validation.xml via user class loader
2026-07-26T13:27:21.102-04:00 DEBUG 29692 --- [lecturas] [restartedMain] o.h.v.i.xml.config.ResourceLoaderHelper  : Trying to load META-INF/validation.xml via TCCL
2026-07-26T13:27:21.103-04:00 DEBUG 29692 --- [lecturas] [restartedMain] o.h.v.i.xml.config.ResourceLoaderHelper  : Trying to load META-INF/validation.xml via Hibernate Validator's class loader
2026-07-26T13:27:21.103-04:00 DEBUG 29692 --- [lecturas] [restartedMain] o.h.v.i.xml.config.ValidationXmlParser   : No META-INF/validation.xml found. Using annotation based configuration only.
2026-07-26T13:27:21.103-04:00 DEBUG 29692 --- [lecturas] [restartedMain] o.h.v.i.e.resolver.TraversableResolvers  : Found jakarta.persistence.Persistence on classpath containing 'getPersistenceUtil'. Assuming Jakarta Persistence environment. Trying to instantiate Jakarta Persistence aware TraversableResolver
2026-07-26T13:27:21.103-04:00 DEBUG 29692 --- [lecturas] [restartedMain] o.h.v.i.e.resolver.TraversableResolvers  : Instantiated Jakarta Persistence aware TraversableResolver of type org.hibernate.validator.internal.engine.resolver.JPATraversableResolver.
2026-07-26T13:27:21.104-04:00 DEBUG 29692 --- [lecturas] [restartedMain] .i.e.ValidatorFactoryConfigurationHelper : HV000252: Using org.hibernate.validator.internal.engine.DefaultPropertyNodeNameProvider as property node name provider.
2026-07-26T13:27:21.104-04:00 DEBUG 29692 --- [lecturas] [restartedMain] .i.e.ValidatorFactoryConfigurationHelper : HV000234: Using org.springframework.validation.beanvalidation.LocaleContextMessageInterpolator as ValidatorFactory-scoped message interpolator.
2026-07-26T13:27:21.104-04:00 DEBUG 29692 --- [lecturas] [restartedMain] .i.e.ValidatorFactoryConfigurationHelper : HV000234: Using org.hibernate.validator.internal.engine.resolver.JPATraversableResolver as ValidatorFactory-scoped traversable resolver.
2026-07-26T13:27:21.104-04:00 DEBUG 29692 --- [lecturas] [restartedMain] .i.e.ValidatorFactoryConfigurationHelper : HV000234: Using org.hibernate.validator.internal.util.ExecutableParameterNameProvider as ValidatorFactory-scoped parameter name provider.
2026-07-26T13:27:21.104-04:00 DEBUG 29692 --- [lecturas] [restartedMain] .i.e.ValidatorFactoryConfigurationHelper : HV000234: Using org.hibernate.validator.internal.engine.DefaultClockProvider as ValidatorFactory-scoped clock provider.
2026-07-26T13:27:21.105-04:00 DEBUG 29692 --- [lecturas] [restartedMain] .i.e.ValidatorFactoryConfigurationHelper : HV000234: Using org.hibernate.validator.internal.engine.scripting.DefaultScriptEvaluatorFactory as ValidatorFactory-scoped script evaluator factory.
2026-07-26T13:27:21.106-04:00 DEBUG 29692 --- [lecturas] [restartedMain] o.s.b.f.s.DefaultListableBeanFactory     : Creating shared instance of singleton bean 'org.springframework.boot.webmvc.autoconfigure.error.ErrorMvcAutoConfiguration$WhitelabelErrorViewConfiguration'
2026-07-26T13:27:21.106-04:00 DEBUG 29692 --- [lecturas] [restartedMain] o.s.b.f.s.DefaultListableBeanFactory     : Creating shared instance of singleton bean 'error'
2026-07-26T13:27:21.106-04:00 DEBUG 29692 --- [lecturas] [restartedMain] o.s.b.f.s.DefaultListableBeanFactory     : Creating shared instance of singleton bean 'beanNameViewResolver'
2026-07-26T13:27:21.106-04:00 DEBUG 29692 --- [lecturas] [restartedMain] o.s.b.f.s.DefaultListableBeanFactory     : Creating shared instance of singleton bean 'org.springframework.boot.webmvc.autoconfigure.error.ErrorMvcAutoConfiguration$DefaultErrorViewResolverConfiguration'
2026-07-26T13:27:21.108-04:00 DEBUG 29692 --- [lecturas] [restartedMain] o.s.b.f.s.DefaultListableBeanFactory     : Autowiring by type from bean name 'org.springframework.boot.webmvc.autoconfigure.error.ErrorMvcAutoConfiguration$DefaultErrorViewResolverConfiguration' via constructor to bean named 'org.springframework.boot.web.server.servlet.context.AnnotationConfigServletWebServerApplicationContext@65bfe393'
2026-07-26T13:27:21.108-04:00 DEBUG 29692 --- [lecturas] [restartedMain] o.s.b.f.s.DefaultListableBeanFactory     : Autowiring by type from bean name 'org.springframework.boot.webmvc.autoconfigure.error.ErrorMvcAutoConfiguration$DefaultErrorViewResolverConfiguration' via constructor to bean named 'spring.web-org.springframework.boot.autoconfigure.web.WebProperties'
2026-07-26T13:27:21.108-04:00 DEBUG 29692 --- [lecturas] [restartedMain] o.s.b.f.s.DefaultListableBeanFactory     : Creating shared instance of singleton bean 'conventionErrorViewResolver'
2026-07-26T13:27:21.108-04:00 DEBUG 29692 --- [lecturas] [restartedMain] o.s.b.f.s.DefaultListableBeanFactory     : Creating shared instance of singleton bean 'errorAttributes'
2026-07-26T13:27:21.109-04:00 DEBUG 29692 --- [lecturas] [restartedMain] o.s.b.f.s.DefaultListableBeanFactory     : Creating shared instance of singleton bean 'basicErrorController'
2026-07-26T13:27:21.109-04:00 DEBUG 29692 --- [lecturas] [restartedMain] o.s.b.f.s.DefaultListableBeanFactory     : Autowiring by type from bean name 'basicErrorController' via factory method to bean named 'errorAttributes'
2026-07-26T13:27:21.109-04:00 DEBUG 29692 --- [lecturas] [restartedMain] o.s.b.f.s.DefaultListableBeanFactory     : Creating shared instance of singleton bean 'org.springframework.boot.webmvc.autoconfigure.WebMvcAutoConfiguration$EnableWebMvcConfiguration'
2026-07-26T13:27:21.110-04:00 DEBUG 29692 --- [lecturas] [restartedMain] o.s.b.f.s.DefaultListableBeanFactory     : Autowiring by type from bean name 'org.springframework.boot.webmvc.autoconfigure.WebMvcAutoConfiguration$EnableWebMvcConfiguration' via constructor to bean named 'spring.mvc-org.springframework.boot.webmvc.autoconfigure.WebMvcProperties'
2026-07-26T13:27:21.110-04:00 DEBUG 29692 --- [lecturas] [restartedMain] o.s.b.f.s.DefaultListableBeanFactory     : Autowiring by type from bean name 'org.springframework.boot.webmvc.autoconfigure.WebMvcAutoConfiguration$EnableWebMvcConfiguration' via constructor to bean named 'spring.web-org.springframework.boot.autoconfigure.web.WebProperties'
2026-07-26T13:27:21.110-04:00 DEBUG 29692 --- [lecturas] [restartedMain] o.s.b.f.s.DefaultListableBeanFactory     : Autowiring by type from bean name 'org.springframework.boot.webmvc.autoconfigure.WebMvcAutoConfiguration$EnableWebMvcConfiguration' via constructor to bean named 'org.springframework.beans.factory.support.DefaultListableBeanFactory@32a6d156'
2026-07-26T13:27:21.111-04:00 DEBUG 29692 --- [lecturas] [restartedMain] o.s.b.f.s.DefaultListableBeanFactory     : Creating shared instance of singleton bean 'org.springframework.boot.webmvc.autoconfigure.WebMvcAutoConfiguration$WebMvcAutoConfigurationAdapter'
2026-07-26T13:27:21.111-04:00 DEBUG 29692 --- [lecturas] [restartedMain] o.s.b.f.s.DefaultListableBeanFactory     : Autowiring by type from bean name 'org.springframework.boot.webmvc.autoconfigure.WebMvcAutoConfiguration$WebMvcAutoConfigurationAdapter' via constructor to bean named 'spring.web-org.springframework.boot.autoconfigure.web.WebProperties'
2026-07-26T13:27:21.111-04:00 DEBUG 29692 --- [lecturas] [restartedMain] o.s.b.f.s.DefaultListableBeanFactory     : Autowiring by type from bean name 'org.springframework.boot.webmvc.autoconfigure.WebMvcAutoConfiguration$WebMvcAutoConfigurationAdapter' via constructor to bean named 'spring.mvc-org.springframework.boot.webmvc.autoconfigure.WebMvcProperties'
2026-07-26T13:27:21.111-04:00 DEBUG 29692 --- [lecturas] [restartedMain] o.s.b.f.s.DefaultListableBeanFactory     : Autowiring by type from bean name 'org.springframework.boot.webmvc.autoconfigure.WebMvcAutoConfiguration$WebMvcAutoConfigurationAdapter' via constructor to bean named 'org.springframework.beans.factory.support.DefaultListableBeanFactory@32a6d156'
2026-07-26T13:27:21.112-04:00 DEBUG 29692 --- [lecturas] [restartedMain] o.s.b.f.s.DefaultListableBeanFactory     : Creating shared instance of singleton bean 'resourceHandlerRegistrationCustomizer'
2026-07-26T13:27:21.112-04:00 DEBUG 29692 --- [lecturas] [restartedMain] o.s.b.f.s.DefaultListableBeanFactory     : Creating shared instance of singleton bean 'org.springframework.boot.webmvc.autoconfigure.WebMvcAutoConfiguration$ResourceChainCustomizerConfiguration'
2026-07-26T13:27:21.112-04:00 DEBUG 29692 --- [lecturas] [restartedMain] o.s.b.f.s.DefaultListableBeanFactory     : Autowiring by type from bean name 'resourceHandlerRegistrationCustomizer' via factory method to bean named 'spring.web-org.springframework.boot.autoconfigure.web.WebProperties'
2026-07-26T13:27:21.112-04:00 DEBUG 29692 --- [lecturas] [restartedMain] o.s.b.f.s.DefaultListableBeanFactory     : Creating shared instance of singleton bean 'swaggerWebMvcConfigurer'
2026-07-26T13:27:21.112-04:00 DEBUG 29692 --- [lecturas] [restartedMain] o.s.b.f.s.DefaultListableBeanFactory     : Creating shared instance of singleton bean 'org.springdoc.webmvc.ui.SwaggerConfig'
2026-07-26T13:27:21.113-04:00 DEBUG 29692 --- [lecturas] [restartedMain] o.s.b.f.s.DefaultListableBeanFactory     : Creating shared instance of singleton bean 'org.springdoc.core.properties.SwaggerUiConfigProperties'
2026-07-26T13:27:21.115-04:00 DEBUG 29692 --- [lecturas] [restartedMain] o.s.b.f.s.DefaultListableBeanFactory     : Creating shared instance of singleton bean 'indexPageTransformer'
2026-07-26T13:27:21.116-04:00 DEBUG 29692 --- [lecturas] [restartedMain] o.s.b.f.s.DefaultListableBeanFactory     : Creating shared instance of singleton bean 'org.springdoc.core.properties.SwaggerUiOAuthProperties'
2026-07-26T13:27:21.117-04:00 DEBUG 29692 --- [lecturas] [restartedMain] o.s.b.f.s.DefaultListableBeanFactory     : Creating shared instance of singleton bean 'swaggerWelcome'
2026-07-26T13:27:21.117-04:00 DEBUG 29692 --- [lecturas] [restartedMain] o.s.b.f.s.DefaultListableBeanFactory     : Creating shared instance of singleton bean 'org.springdoc.core.properties.SpringDocConfigProperties'
2026-07-26T13:27:21.119-04:00 DEBUG 29692 --- [lecturas] [restartedMain] o.s.b.f.s.DefaultListableBeanFactory     : Autowiring by type from bean name 'swaggerWelcome' via factory method to bean named 'org.springdoc.core.properties.SwaggerUiConfigProperties'
2026-07-26T13:27:21.119-04:00 DEBUG 29692 --- [lecturas] [restartedMain] o.s.b.f.s.DefaultListableBeanFactory     : Autowiring by type from bean name 'swaggerWelcome' via factory method to bean named 'org.springdoc.core.properties.SpringDocConfigProperties'
2026-07-26T13:27:21.121-04:00 DEBUG 29692 --- [lecturas] [restartedMain] o.s.b.f.s.DefaultListableBeanFactory     : Creating shared instance of singleton bean 'springdocObjectMapperProvider'
2026-07-26T13:27:21.121-04:00 DEBUG 29692 --- [lecturas] [restartedMain] o.s.b.f.s.DefaultListableBeanFactory     : Creating shared instance of singleton bean 'org.springdoc.core.configuration.SpringDocConfiguration'
2026-07-26T13:27:21.122-04:00 DEBUG 29692 --- [lecturas] [restartedMain] o.s.b.f.s.DefaultListableBeanFactory     : Autowiring by type from bean name 'springdocObjectMapperProvider' via factory method to bean named 'org.springdoc.core.properties.SpringDocConfigProperties'
2026-07-26T13:27:21.122-04:00 DEBUG 29692 --- [lecturas] [restartedMain] o.s.b.f.s.DefaultListableBeanFactory     : Autowiring by type from bean name 'indexPageTransformer' via factory method to bean named 'org.springdoc.core.properties.SwaggerUiConfigProperties'
2026-07-26T13:27:21.123-04:00 DEBUG 29692 --- [lecturas] [restartedMain] o.s.b.f.s.DefaultListableBeanFactory     : Autowiring by type from bean name 'indexPageTransformer' via factory method to bean named 'org.springdoc.core.properties.SwaggerUiOAuthProperties'
2026-07-26T13:27:21.123-04:00 DEBUG 29692 --- [lecturas] [restartedMain] o.s.b.f.s.DefaultListableBeanFactory     : Autowiring by type from bean name 'indexPageTransformer' via factory method to bean named 'swaggerWelcome'
2026-07-26T13:27:21.123-04:00 DEBUG 29692 --- [lecturas] [restartedMain] o.s.b.f.s.DefaultListableBeanFactory     : Autowiring by type from bean name 'indexPageTransformer' via factory method to bean named 'springdocObjectMapperProvider'
2026-07-26T13:27:21.123-04:00 DEBUG 29692 --- [lecturas] [restartedMain] o.s.b.f.s.DefaultListableBeanFactory     : Creating shared instance of singleton bean 'swaggerResourceResolver'
2026-07-26T13:27:21.123-04:00 DEBUG 29692 --- [lecturas] [restartedMain] o.s.b.f.s.DefaultListableBeanFactory     : Autowiring by type from bean name 'swaggerResourceResolver' via factory method to bean named 'org.springdoc.core.properties.SwaggerUiConfigProperties'
2026-07-26T13:27:21.124-04:00 DEBUG 29692 --- [lecturas] [restartedMain] o.s.b.f.s.DefaultListableBeanFactory     : Autowiring by type from bean name 'swaggerWebMvcConfigurer' via factory method to bean named 'org.springdoc.core.properties.SwaggerUiConfigProperties'
2026-07-26T13:27:21.124-04:00 DEBUG 29692 --- [lecturas] [restartedMain] o.s.b.f.s.DefaultListableBeanFactory     : Autowiring by type from bean name 'swaggerWebMvcConfigurer' via factory method to bean named 'spring.web-org.springframework.boot.autoconfigure.web.WebProperties'
2026-07-26T13:27:21.124-04:00 DEBUG 29692 --- [lecturas] [restartedMain] o.s.b.f.s.DefaultListableBeanFactory     : Autowiring by type from bean name 'swaggerWebMvcConfigurer' via factory method to bean named 'spring.mvc-org.springframework.boot.webmvc.autoconfigure.WebMvcProperties'
2026-07-26T13:27:21.124-04:00 DEBUG 29692 --- [lecturas] [restartedMain] o.s.b.f.s.DefaultListableBeanFactory     : Autowiring by type from bean name 'swaggerWebMvcConfigurer' via factory method to bean named 'indexPageTransformer'
2026-07-26T13:27:21.124-04:00 DEBUG 29692 --- [lecturas] [restartedMain] o.s.b.f.s.DefaultListableBeanFactory     : Autowiring by type from bean name 'swaggerWebMvcConfigurer' via factory method to bean named 'swaggerResourceResolver'
2026-07-26T13:27:21.124-04:00 DEBUG 29692 --- [lecturas] [restartedMain] o.s.b.f.s.DefaultListableBeanFactory     : Autowiring by type from bean name 'swaggerWebMvcConfigurer' via factory method to bean named 'swaggerWelcome'
2026-07-26T13:27:21.124-04:00 DEBUG 29692 --- [lecturas] [restartedMain] o.s.b.f.s.DefaultListableBeanFactory     : Creating shared instance of singleton bean 'org.springframework.data.web.config.SpringDataWebConfiguration'
2026-07-26T13:27:21.125-04:00 DEBUG 29692 --- [lecturas] [restartedMain] o.s.b.f.s.DefaultListableBeanFactory     : Autowiring by type from bean name 'org.springframework.data.web.config.SpringDataWebConfiguration' via constructor to bean named 'org.springframework.boot.web.server.servlet.context.AnnotationConfigServletWebServerApplicationContext@65bfe393'
2026-07-26T13:27:21.125-04:00 DEBUG 29692 --- [lecturas] [restartedMain] o.s.b.f.s.DefaultListableBeanFactory     : Creating shared instance of singleton bean 'openEntityManagerInViewInterceptorConfigurer'
2026-07-26T13:27:21.125-04:00 DEBUG 29692 --- [lecturas] [restartedMain] o.s.b.f.s.DefaultListableBeanFactory     : Creating shared instance of singleton bean 'org.springframework.boot.jpa.autoconfigure.JpaBaseConfiguration$JpaWebConfiguration'
2026-07-26T13:27:21.125-04:00 DEBUG 29692 --- [lecturas] [restartedMain] o.s.b.f.s.DefaultListableBeanFactory     : Autowiring by type from bean name 'org.springframework.boot.jpa.autoconfigure.JpaBaseConfiguration$JpaWebConfiguration' via constructor to bean named 'spring.jpa-org.springframework.boot.jpa.autoconfigure.JpaProperties'
2026-07-26T13:27:21.126-04:00 DEBUG 29692 --- [lecturas] [restartedMain] o.s.b.f.s.DefaultListableBeanFactory     : Creating shared instance of singleton bean 'openEntityManagerInViewInterceptor'
2026-07-26T13:27:21.126-04:00  WARN 29692 --- [lecturas] [restartedMain] JpaBaseConfiguration$JpaWebConfiguration : spring.jpa.open-in-view is enabled by default. Therefore, database queries may be performed during view rendering. Explicitly configure spring.jpa.open-in-view to disable this warning
2026-07-26T13:27:21.126-04:00 DEBUG 29692 --- [lecturas] [restartedMain] o.s.b.f.s.DefaultListableBeanFactory     : Autowiring by type from bean name 'openEntityManagerInViewInterceptorConfigurer' via factory method to bean named 'openEntityManagerInViewInterceptor'
2026-07-26T13:27:21.128-04:00 DEBUG 29692 --- [lecturas] [restartedMain] o.s.b.f.s.DefaultListableBeanFactory     : Creating shared instance of singleton bean 'welcomePageHandlerMapping'
2026-07-26T13:27:21.129-04:00 DEBUG 29692 --- [lecturas] [restartedMain] o.s.b.f.s.DefaultListableBeanFactory     : Creating shared instance of singleton bean 'mvcConversionService'
2026-07-26T13:27:21.130-04:00 DEBUG 29692 --- [lecturas] [restartedMain] o.s.b.f.s.DefaultListableBeanFactory     : Creating shared instance of singleton bean 'mvcResourceUrlProvider'
2026-07-26T13:27:21.131-04:00 DEBUG 29692 --- [lecturas] [restartedMain] o.s.b.f.s.DefaultListableBeanFactory     : Autowiring by type from bean name 'welcomePageHandlerMapping' via factory method to bean named 'org.springframework.boot.web.server.servlet.context.AnnotationConfigServletWebServerApplicationContext@65bfe393'
2026-07-26T13:27:21.131-04:00 DEBUG 29692 --- [lecturas] [restartedMain] o.s.b.f.s.DefaultListableBeanFactory     : Autowiring by type from bean name 'welcomePageHandlerMapping' via factory method to bean named 'mvcConversionService'
2026-07-26T13:27:21.131-04:00 DEBUG 29692 --- [lecturas] [restartedMain] o.s.b.f.s.DefaultListableBeanFactory     : Autowiring by type from bean name 'welcomePageHandlerMapping' via factory method to bean named 'mvcResourceUrlProvider'
2026-07-26T13:27:21.132-04:00 DEBUG 29692 --- [lecturas] [restartedMain] org.apache.catalina.webresources.Cache   : Increased cache size by [521] for item [org.apache.catalina.webresources.CachedResource@2058a8d7] at [/index.html] making total cache size [1052]
2026-07-26T13:27:21.134-04:00 DEBUG 29692 --- [lecturas] [restartedMain] o.s.b.f.s.DefaultListableBeanFactory     : Creating shared instance of singleton bean 'welcomePageNotAcceptableHandlerMapping'
2026-07-26T13:27:21.134-04:00 DEBUG 29692 --- [lecturas] [restartedMain] o.s.b.f.s.DefaultListableBeanFactory     : Autowiring by type from bean name 'welcomePageNotAcceptableHandlerMapping' via factory method to bean named 'org.springframework.boot.web.server.servlet.context.AnnotationConfigServletWebServerApplicationContext@65bfe393'
2026-07-26T13:27:21.134-04:00 DEBUG 29692 --- [lecturas] [restartedMain] o.s.b.f.s.DefaultListableBeanFactory     : Autowiring by type from bean name 'welcomePageNotAcceptableHandlerMapping' via factory method to bean named 'mvcConversionService'
2026-07-26T13:27:21.134-04:00 DEBUG 29692 --- [lecturas] [restartedMain] o.s.b.f.s.DefaultListableBeanFactory     : Autowiring by type from bean name 'welcomePageNotAcceptableHandlerMapping' via factory method to bean named 'mvcResourceUrlProvider'
2026-07-26T13:27:21.136-04:00 DEBUG 29692 --- [lecturas] [restartedMain] o.s.b.f.s.DefaultListableBeanFactory     : Creating shared instance of singleton bean 'localeResolver'
2026-07-26T13:27:21.136-04:00 DEBUG 29692 --- [lecturas] [restartedMain] o.s.b.f.s.DefaultListableBeanFactory     : Creating shared instance of singleton bean 'flashMapManager'
2026-07-26T13:27:21.137-04:00 DEBUG 29692 --- [lecturas] [restartedMain] o.s.b.f.s.DefaultListableBeanFactory     : Creating shared instance of singleton bean 'viewNameTranslator'
2026-07-26T13:27:21.137-04:00 DEBUG 29692 --- [lecturas] [restartedMain] o.s.b.f.s.DefaultListableBeanFactory     : Creating shared instance of singleton bean 'mvcValidator'
2026-07-26T13:27:21.138-04:00 DEBUG 29692 --- [lecturas] [restartedMain] o.s.b.f.s.DefaultListableBeanFactory     : Creating shared instance of singleton bean 'requestMappingHandlerMapping'
2026-07-26T13:27:21.138-04:00 DEBUG 29692 --- [lecturas] [restartedMain] o.s.b.f.s.DefaultListableBeanFactory     : Creating shared instance of singleton bean 'mvcContentNegotiationManager'
2026-07-26T13:27:21.138-04:00 DEBUG 29692 --- [lecturas] [restartedMain] o.s.b.f.s.DefaultListableBeanFactory     : Creating shared instance of singleton bean 'stringHttpMessageConvertersCustomizer'
2026-07-26T13:27:21.138-04:00 DEBUG 29692 --- [lecturas] [restartedMain] o.s.b.f.s.DefaultListableBeanFactory     : Creating shared instance of singleton bean 'org.springframework.boot.http.converter.autoconfigure.HttpMessageConvertersAutoConfiguration$StringHttpMessageConverterConfiguration'
2026-07-26T13:27:21.139-04:00 DEBUG 29692 --- [lecturas] [restartedMain] o.s.b.f.s.DefaultListableBeanFactory     : Creating shared instance of singleton bean 'spring.http.converters-org.springframework.boot.http.converter.autoconfigure.HttpMessageConvertersProperties'
2026-07-26T13:27:21.139-04:00 DEBUG 29692 --- [lecturas] [restartedMain] o.s.b.f.s.DefaultListableBeanFactory     : Autowiring by type from bean name 'stringHttpMessageConvertersCustomizer' via factory method to bean named 'spring.http.converters-org.springframework.boot.http.converter.autoconfigure.HttpMessageConvertersProperties'
2026-07-26T13:27:21.140-04:00 DEBUG 29692 --- [lecturas] [restartedMain] o.s.b.f.s.DefaultListableBeanFactory     : Creating shared instance of singleton bean 'jacksonJsonHttpMessageConvertersCustomizer'
2026-07-26T13:27:21.140-04:00 DEBUG 29692 --- [lecturas] [restartedMain] o.s.b.f.s.DefaultListableBeanFactory     : Creating shared instance of singleton bean 'org.springframework.boot.http.converter.autoconfigure.JacksonHttpMessageConvertersConfiguration$JacksonJsonHttpMessageConverterConfiguration'
2026-07-26T13:27:21.140-04:00 DEBUG 29692 --- [lecturas] [HikariPool-2:connection-adder] com.zaxxer.hikari.pool.PoolBase          : HikariPool-2 - Established new connection (bc6b6314-c326-4619-9a37-06c31c61a873)
2026-07-26T13:27:21.140-04:00 DEBUG 29692 --- [lecturas] [HikariPool-2:connection-adder] com.zaxxer.hikari.pool.HikariPool        : HikariPool-2 - Added connection org.postgresql.jdbc.PgConnection@7c2bea70
2026-07-26T13:27:21.140-04:00 DEBUG 29692 --- [lecturas] [restartedMain] o.s.b.f.s.DefaultListableBeanFactory     : Creating shared instance of singleton bean 'jacksonJsonMapper'
2026-07-26T13:27:21.140-04:00 DEBUG 29692 --- [lecturas] [restartedMain] o.s.b.f.s.DefaultListableBeanFactory     : Creating shared instance of singleton bean 'org.springframework.boot.jackson.autoconfigure.JacksonAutoConfiguration'
2026-07-26T13:27:21.140-04:00 DEBUG 29692 --- [lecturas] [restartedMain] o.s.b.f.s.DefaultListableBeanFactory     : Creating shared instance of singleton bean 'problemDetailJsonMapperBuilderCustomizer'
2026-07-26T13:27:21.140-04:00 DEBUG 29692 --- [lecturas] [restartedMain] o.s.b.f.s.DefaultListableBeanFactory     : Creating shared instance of singleton bean 'org.springframework.boot.jackson.autoconfigure.JacksonAutoConfiguration$JsonProblemDetailsConfiguration'
2026-07-26T13:27:21.141-04:00 DEBUG 29692 --- [lecturas] [restartedMain] o.s.b.f.s.DefaultListableBeanFactory     : Creating shared instance of singleton bean 'standardJsonMapperBuilderCustomizer'
2026-07-26T13:27:21.141-04:00 DEBUG 29692 --- [lecturas] [restartedMain] o.s.b.f.s.DefaultListableBeanFactory     : Creating shared instance of singleton bean 'org.springframework.boot.jackson.autoconfigure.JacksonAutoConfiguration$JacksonJsonMapperBuilderCustomizerConfiguration'
2026-07-26T13:27:21.141-04:00 DEBUG 29692 --- [lecturas] [restartedMain] o.s.b.f.s.DefaultListableBeanFactory     : Creating shared instance of singleton bean 'spring.jackson-org.springframework.boot.jackson.autoconfigure.JacksonProperties'
2026-07-26T13:27:21.142-04:00 DEBUG 29692 --- [lecturas] [restartedMain] o.s.b.f.s.DefaultListableBeanFactory     : Autowiring by type from bean name 'standardJsonMapperBuilderCustomizer' via factory method to bean named 'spring.jackson-org.springframework.boot.jackson.autoconfigure.JacksonProperties'
2026-07-26T13:27:21.142-04:00 DEBUG 29692 --- [lecturas] [restartedMain] o.s.b.f.s.DefaultListableBeanFactory     : Creating shared instance of singleton bean 'jackson3GeoModule'
2026-07-26T13:27:21.142-04:00 DEBUG 29692 --- [lecturas] [restartedMain] o.s.b.f.s.DefaultListableBeanFactory     : Creating shared instance of singleton bean 'org.springframework.data.web.config.SpringDataJackson3Configuration'
2026-07-26T13:27:21.143-04:00 DEBUG 29692 --- [lecturas] [restartedMain] o.s.b.f.s.DefaultListableBeanFactory     : Creating shared instance of singleton bean 'springDataWebSettings'
2026-07-26T13:27:21.143-04:00 DEBUG 29692 --- [lecturas] [restartedMain] o.s.b.f.s.DefaultListableBeanFactory     : Creating shared instance of singleton bean 'org.springframework.boot.data.autoconfigure.web.DataWebAutoConfiguration'
2026-07-26T13:27:21.143-04:00 DEBUG 29692 --- [lecturas] [restartedMain] o.s.b.f.s.DefaultListableBeanFactory     : Creating shared instance of singleton bean 'spring.data.web-org.springframework.boot.data.autoconfigure.web.DataWebProperties'
2026-07-26T13:27:21.143-04:00 DEBUG 29692 --- [lecturas] [restartedMain] o.s.b.f.s.DefaultListableBeanFactory     : Autowiring by type from bean name 'org.springframework.boot.data.autoconfigure.web.DataWebAutoConfiguration' via constructor to bean named 'spring.data.web-org.springframework.boot.data.autoconfigure.web.DataWebProperties'
2026-07-26T13:27:21.144-04:00 DEBUG 29692 --- [lecturas] [restartedMain] o.s.b.f.s.DefaultListableBeanFactory     : Creating shared instance of singleton bean 'jackson3pageModule'
2026-07-26T13:27:21.144-04:00 DEBUG 29692 --- [lecturas] [restartedMain] o.s.b.f.s.DefaultListableBeanFactory     : Creating shared instance of singleton bean 'jacksonMixinModule'
2026-07-26T13:27:21.145-04:00 DEBUG 29692 --- [lecturas] [restartedMain] o.s.b.f.s.DefaultListableBeanFactory     : Creating shared instance of singleton bean 'org.springframework.boot.jackson.autoconfigure.JacksonAutoConfiguration$JacksonMixinConfiguration'
2026-07-26T13:27:21.145-04:00 DEBUG 29692 --- [lecturas] [restartedMain] o.s.b.f.s.DefaultListableBeanFactory     : Creating shared instance of singleton bean 'jacksonMixinModuleEntries'
2026-07-26T13:27:21.145-04:00 DEBUG 29692 --- [lecturas] [restartedMain] o.s.b.f.s.DefaultListableBeanFactory     : Autowiring by type from bean name 'jacksonMixinModuleEntries' via factory method to bean named 'org.springframework.boot.web.server.servlet.context.AnnotationConfigServletWebServerApplicationContext@65bfe393'
2026-07-26T13:27:21.147-04:00 DEBUG 29692 --- [lecturas] [restartedMain] o.s.b.f.s.DefaultListableBeanFactory     : Autowiring by type from bean name 'jacksonMixinModule' via factory method to bean named 'org.springframework.boot.web.server.servlet.context.AnnotationConfigServletWebServerApplicationContext@65bfe393'
2026-07-26T13:27:21.148-04:00 DEBUG 29692 --- [lecturas] [restartedMain] o.s.b.f.s.DefaultListableBeanFactory     : Autowiring by type from bean name 'jacksonMixinModule' via factory method to bean named 'jacksonMixinModuleEntries'
2026-07-26T13:27:21.148-04:00 DEBUG 29692 --- [lecturas] [restartedMain] o.s.b.f.s.DefaultListableBeanFactory     : Creating shared instance of singleton bean 'jsonComponentModule'
2026-07-26T13:27:21.150-04:00 DEBUG 29692 --- [lecturas] [restartedMain] o.s.b.f.s.DefaultListableBeanFactory     : Autowiring by type from bean name 'jsonMapperBuilder' via factory method to bean named 'problemDetailJsonMapperBuilderCustomizer'
2026-07-26T13:27:21.150-04:00 DEBUG 29692 --- [lecturas] [restartedMain] o.s.b.f.s.DefaultListableBeanFactory     : Autowiring by type from bean name 'jsonMapperBuilder' via factory method to bean named 'standardJsonMapperBuilderCustomizer'
2026-07-26T13:27:21.152-04:00 DEBUG 29692 --- [lecturas] [restartedMain] o.s.b.f.s.DefaultListableBeanFactory     : Autowiring by type from bean name 'jacksonJsonMapper' via factory method to bean named 'jsonMapperBuilder'
2026-07-26T13:27:21.153-04:00 DEBUG 29692 --- [lecturas] [restartedMain] o.s.b.f.s.DefaultListableBeanFactory     : Autowiring by type from bean name 'jacksonJsonHttpMessageConvertersCustomizer' via factory method to bean named 'jacksonJsonMapper'
2026-07-26T13:27:21.153-04:00 DEBUG 29692 --- [lecturas] [restartedMain] o.s.b.f.s.DefaultListableBeanFactory     : Creating shared instance of singleton bean 'serverConvertersCustomizer'
2026-07-26T13:27:21.153-04:00 DEBUG 29692 --- [lecturas] [restartedMain] o.s.b.f.s.DefaultListableBeanFactory     : Creating shared instance of singleton bean 'org.springframework.boot.http.converter.autoconfigure.HttpMessageConvertersAutoConfiguration'
2026-07-26T13:27:21.156-04:00 DEBUG 29692 --- [lecturas] [restartedMain] o.s.b.f.s.DefaultListableBeanFactory     : Creating shared instance of singleton bean 'mvcApiVersionStrategy'
2026-07-26T13:27:21.157-04:00 DEBUG 29692 --- [lecturas] [restartedMain] o.s.b.f.s.DefaultListableBeanFactory     : Autowiring by type from bean name 'requestMappingHandlerMapping' via factory method to bean named 'mvcContentNegotiationManager'
2026-07-26T13:27:21.157-04:00 DEBUG 29692 --- [lecturas] [restartedMain] o.s.b.f.s.DefaultListableBeanFactory     : Autowiring by type from bean name 'requestMappingHandlerMapping' via factory method to bean named 'mvcApiVersionStrategy'
2026-07-26T13:27:21.157-04:00 DEBUG 29692 --- [lecturas] [restartedMain] o.s.b.f.s.DefaultListableBeanFactory     : Autowiring by type from bean name 'requestMappingHandlerMapping' via factory method to bean named 'mvcConversionService'
2026-07-26T13:27:21.158-04:00 DEBUG 29692 --- [lecturas] [restartedMain] o.s.b.f.s.DefaultListableBeanFactory     : Autowiring by type from bean name 'requestMappingHandlerMapping' via factory method to bean named 'mvcResourceUrlProvider'
2026-07-26T13:27:21.160-04:00 DEBUG 29692 --- [lecturas] [restartedMain] _.s.web.servlet.HandlerMapping.Mappings  : 
	c.l.l.c.LibroController:
	{GET [/api/v1/libros/search]}: buscarPorTituloAutor(String,Pageable)
	{POST [/api/v1/libros/search]}: buscarPorGeneroEtiqueta(GeneroEtiquetaDTO,Pageable)
	{GET [/api/v1/libros]}: mostrarTodosLibros(Pageable)
	{PUT [/api/v1/libros]}: actualizarLibro(LibroDTO)
	{DELETE [/api/v1/libros/{titulo}]}: eliminarLibro(String)
	{POST [/api/v1/libros]}: agregarLibro(LibroDTO)
	{GET [/api/v1/libros/entrefechas]}: buscarEntreFechas(LocalDate,LocalDate,Pageable)
	{GET [/api/v1/libros/{titulo}]}: buscarPorTitulo(String)
2026-07-26T13:27:21.163-04:00 DEBUG 29692 --- [lecturas] [restartedMain] _.s.web.servlet.HandlerMapping.Mappings  : 
	o.s.b.w.a.e.BasicErrorController:
	{ [/error]}: error(HttpServletRequest)
	{ [/error], produces [text/html]}: errorHtml(HttpServletRequest,HttpServletResponse)
2026-07-26T13:27:21.167-04:00 DEBUG 29692 --- [lecturas] [restartedMain] _.s.web.servlet.HandlerMapping.Mappings  : 
	o.s.w.a.OpenApiWebMvcResource:
	{GET [/v3/api-docs.yaml], produces [application/vnd.oai.openapi]}: openapiYaml(HttpServletRequest,String,Locale)
	{GET [/v3/api-docs], produces [application/json]}: openapiJson(HttpServletRequest,String,Locale)
2026-07-26T13:27:21.168-04:00 DEBUG 29692 --- [lecturas] [restartedMain] _.s.web.servlet.HandlerMapping.Mappings  : 
	o.s.w.u.SwaggerWelcomeWebMvc:
	{GET [/swagger-ui.html]}: redirectToUi(HttpServletRequest)
2026-07-26T13:27:21.169-04:00 DEBUG 29692 --- [lecturas] [restartedMain] _.s.web.servlet.HandlerMapping.Mappings  : 
	o.s.w.u.SwaggerConfigResource:
	{GET [/v3/api-docs/swagger-config], produces [application/json]}: openapiJson(HttpServletRequest)
2026-07-26T13:27:21.170-04:00 DEBUG 29692 --- [lecturas] [HikariPool-2:connection-adder] com.zaxxer.hikari.pool.HikariPool        : HikariPool-2 - After adding stats (total=5/10, idle=5/10, active=0, waiting=0)
2026-07-26T13:27:21.170-04:00 DEBUG 29692 --- [lecturas] [HikariPool-2:connection-adder] com.zaxxer.hikari.pool.PoolBase          : HikariPool-2 - Attempting to create/setup new connection (ac5d1bc7-978f-435c-b441-a3c55d9a096a)
2026-07-26T13:27:21.170-04:00 DEBUG 29692 --- [lecturas] [restartedMain] s.w.s.m.m.a.RequestMappingHandlerMapping : 14 mappings in 'requestMappingHandlerMapping'
2026-07-26T13:27:21.170-04:00 DEBUG 29692 --- [lecturas] [HikariPool-2:connection-adder] org.postgresql.Driver                    : Connecting with URL: jdbc:postgresql://localhost:5432/BD_LIBRO
2026-07-26T13:27:21.170-04:00 DEBUG 29692 --- [lecturas] [HikariPool-2:connection-adder] org.postgresql.jdbc.PgConnection         : PostgreSQL JDBC Driver 42.7.4
2026-07-26T13:27:21.170-04:00 DEBUG 29692 --- [lecturas] [HikariPool-2:connection-adder] org.postgresql.jdbc.PgConnection         :   setDefaultFetchSize = 0
2026-07-26T13:27:21.170-04:00 DEBUG 29692 --- [lecturas] [HikariPool-2:connection-adder] org.postgresql.jdbc.PgConnection         :   setPrepareThreshold = 5
2026-07-26T13:27:21.170-04:00 DEBUG 29692 --- [lecturas] [HikariPool-2:connection-adder] o.p.core.v3.ConnectionFactoryImpl        : Trying to establish a protocol version 3 connection to localhost:5432
2026-07-26T13:27:21.171-04:00 DEBUG 29692 --- [lecturas] [restartedMain] o.s.b.f.s.DefaultListableBeanFactory     : Creating shared instance of singleton bean 'mvcPatternParser'
2026-07-26T13:27:21.171-04:00 DEBUG 29692 --- [lecturas] [restartedMain] o.s.b.f.s.DefaultListableBeanFactory     : Creating shared instance of singleton bean 'mvcUrlPathHelper'
2026-07-26T13:27:21.171-04:00 DEBUG 29692 --- [lecturas] [HikariPool-2:connection-adder] o.p.core.v3.ConnectionFactoryImpl        : Receive Buffer Size is 65.536
2026-07-26T13:27:21.171-04:00 DEBUG 29692 --- [lecturas] [HikariPool-2:connection-adder] o.p.core.v3.ConnectionFactoryImpl        : Send Buffer Size is 65.536
2026-07-26T13:27:21.171-04:00 DEBUG 29692 --- [lecturas] [restartedMain] o.s.b.f.s.DefaultListableBeanFactory     : Creating shared instance of singleton bean 'mvcPathMatcher'
2026-07-26T13:27:21.173-04:00 DEBUG 29692 --- [lecturas] [restartedMain] o.s.b.f.s.DefaultListableBeanFactory     : Creating shared instance of singleton bean 'viewControllerHandlerMapping'
2026-07-26T13:27:21.173-04:00 DEBUG 29692 --- [lecturas] [restartedMain] o.s.b.f.s.DefaultListableBeanFactory     : Autowiring by type from bean name 'viewControllerHandlerMapping' via factory method to bean named 'mvcConversionService'
2026-07-26T13:27:21.173-04:00 DEBUG 29692 --- [lecturas] [restartedMain] o.s.b.f.s.DefaultListableBeanFactory     : Autowiring by type from bean name 'viewControllerHandlerMapping' via factory method to bean named 'mvcResourceUrlProvider'
2026-07-26T13:27:21.173-04:00 DEBUG 29692 --- [lecturas] [restartedMain] o.s.b.f.s.DefaultListableBeanFactory     : Creating shared instance of singleton bean 'beanNameHandlerMapping'
2026-07-26T13:27:21.173-04:00 DEBUG 29692 --- [lecturas] [restartedMain] o.s.b.f.s.DefaultListableBeanFactory     : Autowiring by type from bean name 'beanNameHandlerMapping' via factory method to bean named 'mvcConversionService'
2026-07-26T13:27:21.173-04:00 DEBUG 29692 --- [lecturas] [restartedMain] o.s.b.f.s.DefaultListableBeanFactory     : Autowiring by type from bean name 'beanNameHandlerMapping' via factory method to bean named 'mvcResourceUrlProvider'
2026-07-26T13:27:21.174-04:00 DEBUG 29692 --- [lecturas] [restartedMain] _.s.web.servlet.HandlerMapping.Mappings  : 'beanNameHandlerMapping' {}
2026-07-26T13:27:21.175-04:00 DEBUG 29692 --- [lecturas] [restartedMain] o.s.b.f.s.DefaultListableBeanFactory     : Creating shared instance of singleton bean 'routerFunctionMapping'
2026-07-26T13:27:21.176-04:00 DEBUG 29692 --- [lecturas] [restartedMain] o.s.b.f.s.DefaultListableBeanFactory     : Autowiring by type from bean name 'routerFunctionMapping' via factory method to bean named 'mvcConversionService'
2026-07-26T13:27:21.176-04:00 DEBUG 29692 --- [lecturas] [restartedMain] o.s.b.f.s.DefaultListableBeanFactory     : Autowiring by type from bean name 'routerFunctionMapping' via factory method to bean named 'mvcResourceUrlProvider'
2026-07-26T13:27:21.176-04:00 DEBUG 29692 --- [lecturas] [restartedMain] o.s.b.f.s.DefaultListableBeanFactory     : Autowiring by type from bean name 'routerFunctionMapping' via factory method to bean named 'mvcApiVersionStrategy'
2026-07-26T13:27:21.178-04:00 DEBUG 29692 --- [lecturas] [restartedMain] o.s.b.f.s.DefaultListableBeanFactory     : Creating shared instance of singleton bean 'resourceHandlerMapping'
2026-07-26T13:27:21.178-04:00 DEBUG 29692 --- [lecturas] [restartedMain] o.s.b.f.s.DefaultListableBeanFactory     : Autowiring by type from bean name 'resourceHandlerMapping' via factory method to bean named 'mvcContentNegotiationManager'
2026-07-26T13:27:21.178-04:00 DEBUG 29692 --- [lecturas] [restartedMain] o.s.b.f.s.DefaultListableBeanFactory     : Autowiring by type from bean name 'resourceHandlerMapping' via factory method to bean named 'mvcConversionService'
2026-07-26T13:27:21.178-04:00 DEBUG 29692 --- [lecturas] [restartedMain] o.s.b.f.s.DefaultListableBeanFactory     : Autowiring by type from bean name 'resourceHandlerMapping' via factory method to bean named 'mvcResourceUrlProvider'
2026-07-26T13:27:21.181-04:00 DEBUG 29692 --- [lecturas] [restartedMain] _.s.web.servlet.HandlerMapping.Mappings  : 'resourceHandlerMapping' {/webjars/**=ResourceHttpRequestHandler [classpath [META-INF/resources/webjars/]], /**=ResourceHttpRequestHandler [classpath [META-INF/resources/], classpath [resources/], classpath [static/], classpath [public/], ServletContext [/]], /swagger-ui/**=ResourceHttpRequestHandler [classpath [META-INF/resources/webjars/swagger-ui/5.32.0/]], /swagger-ui/*swagger-initializer.js=ResourceHttpRequestHandler [classpath [META-INF/resources/webjars/swagger-ui/5.32.0/]], /webjars/*swagger-ui/**=ResourceHttpRequestHandler [classpath [META-INF/resources/webjars/]], /webjars/*swagger-ui/*swagger-initializer.js=ResourceHttpRequestHandler [classpath [META-INF/resources/webjars/]], /webjars/*swagger-ui/5.32.0/*swagger-initializer.js=ResourceHttpRequestHandler [classpath [META-INF/resources/webjars/]]}
2026-07-26T13:27:21.182-04:00 DEBUG 29692 --- [lecturas] [restartedMain] o.s.b.f.s.DefaultListableBeanFactory     : Creating shared instance of singleton bean 'defaultServletHandlerMapping'
2026-07-26T13:27:21.183-04:00 DEBUG 29692 --- [lecturas] [restartedMain] o.s.b.f.s.DefaultListableBeanFactory     : Creating shared instance of singleton bean 'requestMappingHandlerAdapter'
2026-07-26T13:27:21.183-04:00 DEBUG 29692 --- [lecturas] [restartedMain] o.s.b.f.s.DefaultListableBeanFactory     : Autowiring by type from bean name 'requestMappingHandlerAdapter' via factory method to bean named 'mvcContentNegotiationManager'
2026-07-26T13:27:21.183-04:00 DEBUG 29692 --- [lecturas] [restartedMain] o.s.b.f.s.DefaultListableBeanFactory     : Autowiring by type from bean name 'requestMappingHandlerAdapter' via factory method to bean named 'mvcConversionService'
2026-07-26T13:27:21.183-04:00 DEBUG 29692 --- [lecturas] [restartedMain] o.s.b.f.s.DefaultListableBeanFactory     : Autowiring by type from bean name 'requestMappingHandlerAdapter' via factory method to bean named 'mvcValidator'
2026-07-26T13:27:21.184-04:00 DEBUG 29692 --- [lecturas] [restartedMain] o.s.b.f.s.DefaultListableBeanFactory     : Creating shared instance of singleton bean 'sortResolver'
2026-07-26T13:27:21.184-04:00 DEBUG 29692 --- [lecturas] [restartedMain] o.s.b.f.s.DefaultListableBeanFactory     : Creating shared instance of singleton bean 'sortCustomizer'
2026-07-26T13:27:21.185-04:00 DEBUG 29692 --- [lecturas] [restartedMain] o.s.b.f.s.DefaultListableBeanFactory     : Creating shared instance of singleton bean 'pageableResolver'
2026-07-26T13:27:21.185-04:00 DEBUG 29692 --- [lecturas] [restartedMain] o.s.b.f.s.DefaultListableBeanFactory     : Creating shared instance of singleton bean 'pageableCustomizer'
2026-07-26T13:27:21.187-04:00 DEBUG 29692 --- [lecturas] [restartedMain] o.s.b.f.s.DefaultListableBeanFactory     : Creating shared instance of singleton bean 'org.springdoc.core.configuration.SpringDocConfiguration$OpenApiResourceAdvice'
2026-07-26T13:27:21.187-04:00 DEBUG 29692 --- [lecturas] [restartedMain] o.s.b.f.s.DefaultListableBeanFactory     : Autowiring by type from bean name 'org.springdoc.core.configuration.SpringDocConfiguration$OpenApiResourceAdvice' via constructor to bean named 'org.springdoc.core.configuration.SpringDocConfiguration'
2026-07-26T13:27:21.189-04:00 DEBUG 29692 --- [lecturas] [restartedMain] s.w.s.m.m.a.RequestMappingHandlerAdapter : ControllerAdvice beans: 0 @ModelAttribute, 0 @InitBinder, 2 RequestBodyAdvice, 1 ResponseBodyAdvice
2026-07-26T13:27:21.189-04:00 DEBUG 29692 --- [lecturas] [restartedMain] o.s.b.f.s.DefaultListableBeanFactory     : Creating shared instance of singleton bean 'mvcViewResolver'
2026-07-26T13:27:21.189-04:00 DEBUG 29692 --- [lecturas] [restartedMain] o.s.b.f.s.DefaultListableBeanFactory     : Autowiring by type from bean name 'mvcViewResolver' via factory method to bean named 'mvcContentNegotiationManager'
2026-07-26T13:27:21.192-04:00 DEBUG 29692 --- [lecturas] [restartedMain] o.s.b.f.s.DefaultListableBeanFactory     : Creating shared instance of singleton bean 'defaultViewResolver'
2026-07-26T13:27:21.192-04:00 DEBUG 29692 --- [lecturas] [restartedMain] o.s.b.f.s.DefaultListableBeanFactory     : Creating shared instance of singleton bean 'viewResolver'
2026-07-26T13:27:21.192-04:00 DEBUG 29692 --- [lecturas] [restartedMain] o.s.b.f.s.DefaultListableBeanFactory     : Autowiring by type from bean name 'viewResolver' via factory method to bean named 'org.springframework.beans.factory.support.DefaultListableBeanFactory@32a6d156'
2026-07-26T13:27:21.192-04:00 DEBUG 29692 --- [lecturas] [restartedMain] o.s.b.f.s.DefaultListableBeanFactory     : Creating shared instance of singleton bean 'viewResolver'
2026-07-26T13:27:21.194-04:00 DEBUG 29692 --- [lecturas] [restartedMain] o.s.b.f.s.DefaultListableBeanFactory     : Creating shared instance of singleton bean 'handlerFunctionAdapter'
2026-07-26T13:27:21.194-04:00 DEBUG 29692 --- [lecturas] [restartedMain] o.s.b.f.s.DefaultListableBeanFactory     : Creating shared instance of singleton bean 'mvcUriComponentsContributor'
2026-07-26T13:27:21.194-04:00 DEBUG 29692 --- [lecturas] [restartedMain] o.s.b.f.s.DefaultListableBeanFactory     : Autowiring by type from bean name 'mvcUriComponentsContributor' via factory method to bean named 'mvcConversionService'
2026-07-26T13:27:21.194-04:00 DEBUG 29692 --- [lecturas] [restartedMain] o.s.b.f.s.DefaultListableBeanFactory     : Autowiring by type from bean name 'mvcUriComponentsContributor' via factory method to bean named 'requestMappingHandlerAdapter'
2026-07-26T13:27:21.194-04:00 DEBUG 29692 --- [lecturas] [restartedMain] o.s.b.f.s.DefaultListableBeanFactory     : Creating shared instance of singleton bean 'httpRequestHandlerAdapter'
2026-07-26T13:27:21.194-04:00 DEBUG 29692 --- [lecturas] [restartedMain] o.s.b.f.s.DefaultListableBeanFactory     : Creating shared instance of singleton bean 'simpleControllerHandlerAdapter'
2026-07-26T13:27:21.196-04:00 DEBUG 29692 --- [lecturas] [restartedMain] o.s.b.f.s.DefaultListableBeanFactory     : Creating shared instance of singleton bean 'handlerExceptionResolver'
2026-07-26T13:27:21.196-04:00 DEBUG 29692 --- [lecturas] [restartedMain] o.s.b.f.s.DefaultListableBeanFactory     : Autowiring by type from bean name 'handlerExceptionResolver' via factory method to bean named 'mvcContentNegotiationManager'
2026-07-26T13:27:21.196-04:00 DEBUG 29692 --- [lecturas] [restartedMain] .m.m.a.ExceptionHandlerExceptionResolver : ControllerAdvice beans: 2 @ExceptionHandler, 1 ResponseBodyAdvice
2026-07-26T13:27:21.198-04:00 DEBUG 29692 --- [lecturas] [restartedMain] o.s.b.f.s.DefaultListableBeanFactory     : Creating shared instance of singleton bean 'org.springdoc.core.configuration.SpringDocConfiguration$QuerydslProvider'
2026-07-26T13:27:21.198-04:00 DEBUG 29692 --- [lecturas] [restartedMain] o.s.b.f.s.DefaultListableBeanFactory     : Creating shared instance of singleton bean 'queryDslQuerydslPredicateOperationCustomizer'
2026-07-26T13:27:21.198-04:00 DEBUG 29692 --- [lecturas] [restartedMain] o.s.b.f.s.DefaultListableBeanFactory     : Autowiring by type from bean name 'queryDslQuerydslPredicateOperationCustomizer' via factory method to bean named 'org.springdoc.core.properties.SpringDocConfigProperties'
2026-07-26T13:27:21.198-04:00 DEBUG 29692 --- [lecturas] [restartedMain] o.s.b.f.s.DefaultListableBeanFactory     : Creating shared instance of singleton bean 'org.springdoc.core.configuration.SpringDocConfiguration$SpringDocSpringDataWebPropertiesProvider'
2026-07-26T13:27:21.198-04:00 DEBUG 29692 --- [lecturas] [restartedMain] o.s.b.f.s.DefaultListableBeanFactory     : Creating shared instance of singleton bean 'springDataWebPropertiesProvider'
2026-07-26T13:27:21.198-04:00 DEBUG 29692 --- [lecturas] [restartedMain] o.s.b.f.s.DefaultListableBeanFactory     : Autowiring by type from bean name 'springDataWebPropertiesProvider' via factory method to bean named 'spring.data.web-org.springframework.boot.data.autoconfigure.web.DataWebProperties'
2026-07-26T13:27:21.198-04:00 DEBUG 29692 --- [lecturas] [restartedMain] o.s.b.f.s.DefaultListableBeanFactory     : Creating shared instance of singleton bean 'org.springdoc.core.configuration.SpringDocConfiguration$WebConversionServiceConfiguration'
2026-07-26T13:27:21.200-04:00 DEBUG 29692 --- [lecturas] [restartedMain] o.s.b.f.s.DefaultListableBeanFactory     : Creating shared instance of singleton bean 'webConversionServiceProvider'
2026-07-26T13:27:21.200-04:00 DEBUG 29692 --- [lecturas] [restartedMain] o.s.b.f.s.DefaultListableBeanFactory     : Creating shared instance of singleton bean 'initExtraSchemas'
2026-07-26T13:27:21.200-04:00 DEBUG 29692 --- [lecturas] [restartedMain] o.s.b.f.s.DefaultListableBeanFactory     : Creating shared instance of singleton bean 'localSpringDocParameterNameDiscoverer'
2026-07-26T13:27:21.200-04:00 DEBUG 29692 --- [lecturas] [restartedMain] o.s.b.f.s.DefaultListableBeanFactory     : Creating shared instance of singleton bean 'additionalModelsConverter'
2026-07-26T13:27:21.200-04:00 DEBUG 29692 --- [lecturas] [restartedMain] o.s.b.f.s.DefaultListableBeanFactory     : Autowiring by type from bean name 'additionalModelsConverter' via factory method to bean named 'springdocObjectMapperProvider'
2026-07-26T13:27:21.200-04:00 DEBUG 29692 --- [lecturas] [restartedMain] o.s.b.f.s.DefaultListableBeanFactory     : Creating shared instance of singleton bean 'fileSupportConverter'
2026-07-26T13:27:21.201-04:00 DEBUG 29692 --- [lecturas] [restartedMain] o.s.b.f.s.DefaultListableBeanFactory     : Autowiring by type from bean name 'fileSupportConverter' via factory method to bean named 'springdocObjectMapperProvider'
2026-07-26T13:27:21.201-04:00 DEBUG 29692 --- [lecturas] [restartedMain] o.s.b.f.s.DefaultListableBeanFactory     : Creating shared instance of singleton bean 'responseSupportConverter'
2026-07-26T13:27:21.201-04:00 DEBUG 29692 --- [lecturas] [restartedMain] o.s.b.f.s.DefaultListableBeanFactory     : Autowiring by type from bean name 'responseSupportConverter' via factory method to bean named 'springdocObjectMapperProvider'
2026-07-26T13:27:21.201-04:00 DEBUG 29692 --- [lecturas] [restartedMain] o.s.b.f.s.DefaultListableBeanFactory     : Creating shared instance of singleton bean 'schemaPropertyDeprecatingConverter'
2026-07-26T13:27:21.201-04:00 DEBUG 29692 --- [lecturas] [restartedMain] o.s.b.f.s.DefaultListableBeanFactory     : Creating shared instance of singleton bean 'polymorphicModelConverter'
2026-07-26T13:27:21.201-04:00 DEBUG 29692 --- [lecturas] [restartedMain] o.s.b.f.s.DefaultListableBeanFactory     : Autowiring by type from bean name 'polymorphicModelConverter' via factory method to bean named 'springdocObjectMapperProvider'
2026-07-26T13:27:21.201-04:00 DEBUG 29692 --- [lecturas] [restartedMain] o.s.b.f.s.DefaultListableBeanFactory     : Creating shared instance of singleton bean 'openAPIBuilder'
2026-07-26T13:27:21.202-04:00 DEBUG 29692 --- [lecturas] [restartedMain] o.s.b.f.s.DefaultListableBeanFactory     : Creating shared instance of singleton bean 'securityParser'
2026-07-26T13:27:21.202-04:00 DEBUG 29692 --- [lecturas] [restartedMain] o.s.b.f.s.DefaultListableBeanFactory     : Creating shared instance of singleton bean 'propertyResolverUtils'
2026-07-26T13:27:21.202-04:00 DEBUG 29692 --- [lecturas] [restartedMain] o.s.b.f.s.DefaultListableBeanFactory     : Autowiring by type from bean name 'propertyResolverUtils' via factory method to bean named 'org.springframework.beans.factory.support.DefaultListableBeanFactory@32a6d156'
2026-07-26T13:27:21.203-04:00 DEBUG 29692 --- [lecturas] [restartedMain] o.s.b.f.s.DefaultListableBeanFactory     : Autowiring by type from bean name 'propertyResolverUtils' via factory method to bean named 'messageSource'
2026-07-26T13:27:21.203-04:00 DEBUG 29692 --- [lecturas] [restartedMain] o.s.b.f.s.DefaultListableBeanFactory     : Autowiring by type from bean name 'propertyResolverUtils' via factory method to bean named 'org.springdoc.core.properties.SpringDocConfigProperties'
2026-07-26T13:27:21.203-04:00 DEBUG 29692 --- [lecturas] [restartedMain] o.s.b.f.s.DefaultListableBeanFactory     : Autowiring by type from bean name 'securityParser' via factory method to bean named 'propertyResolverUtils'
2026-07-26T13:27:21.203-04:00 DEBUG 29692 --- [lecturas] [restartedMain] o.s.b.f.s.DefaultListableBeanFactory     : Autowiring by type from bean name 'openAPIBuilder' via factory method to bean named 'securityParser'
2026-07-26T13:27:21.204-04:00 DEBUG 29692 --- [lecturas] [restartedMain] o.s.b.f.s.DefaultListableBeanFactory     : Autowiring by type from bean name 'openAPIBuilder' via factory method to bean named 'org.springdoc.core.properties.SpringDocConfigProperties'
2026-07-26T13:27:21.204-04:00 DEBUG 29692 --- [lecturas] [restartedMain] o.s.b.f.s.DefaultListableBeanFactory     : Autowiring by type from bean name 'openAPIBuilder' via factory method to bean named 'propertyResolverUtils'
2026-07-26T13:27:21.204-04:00 DEBUG 29692 --- [lecturas] [restartedMain] o.s.b.f.s.DefaultListableBeanFactory     : Creating shared instance of singleton bean 'modelConverterRegistrar'
2026-07-26T13:27:21.204-04:00 DEBUG 29692 --- [lecturas] [restartedMain] o.s.b.f.s.DefaultListableBeanFactory     : Creating shared instance of singleton bean 'pageableOpenAPIConverter'
2026-07-26T13:27:21.204-04:00 DEBUG 29692 --- [lecturas] [restartedMain] o.s.b.f.s.DefaultListableBeanFactory     : Creating shared instance of singleton bean 'org.springdoc.core.configuration.SpringDocPageableConfiguration'
2026-07-26T13:27:21.205-04:00 DEBUG 29692 --- [lecturas] [restartedMain] o.s.b.f.s.DefaultListableBeanFactory     : Autowiring by type from bean name 'pageableOpenAPIConverter' via factory method to bean named 'springdocObjectMapperProvider'
2026-07-26T13:27:21.206-04:00 DEBUG 29692 --- [lecturas] [restartedMain] o.s.b.f.s.DefaultListableBeanFactory     : Creating shared instance of singleton bean 'pageOpenAPIConverter'
2026-07-26T13:27:21.206-04:00 DEBUG 29692 --- [lecturas] [restartedMain] o.s.b.f.s.DefaultListableBeanFactory     : Autowiring by type from bean name 'pageOpenAPIConverter' via factory method to bean named 'springDataWebSettings'
2026-07-26T13:27:21.206-04:00 DEBUG 29692 --- [lecturas] [restartedMain] o.s.b.f.s.DefaultListableBeanFactory     : Autowiring by type from bean name 'pageOpenAPIConverter' via factory method to bean named 'springdocObjectMapperProvider'
2026-07-26T13:27:21.206-04:00 DEBUG 29692 --- [lecturas] [restartedMain] o.s.b.f.s.DefaultListableBeanFactory     : Creating shared instance of singleton bean 'sortOpenAPIConverter'
2026-07-26T13:27:21.206-04:00 DEBUG 29692 --- [lecturas] [restartedMain] o.s.b.f.s.DefaultListableBeanFactory     : Creating shared instance of singleton bean 'org.springdoc.core.configuration.SpringDocSortConfiguration'
2026-07-26T13:27:21.206-04:00 DEBUG 29692 --- [lecturas] [restartedMain] o.s.b.f.s.DefaultListableBeanFactory     : Autowiring by type from bean name 'sortOpenAPIConverter' via factory method to bean named 'springdocObjectMapperProvider'
2026-07-26T13:27:21.206-04:00 DEBUG 29692 --- [lecturas] [restartedMain] o.s.b.f.s.DefaultListableBeanFactory     : Autowiring by type from bean name 'modelConverterRegistrar' via factory method to bean named 'additionalModelsConverter'
2026-07-26T13:27:21.206-04:00 DEBUG 29692 --- [lecturas] [restartedMain] o.s.b.f.s.DefaultListableBeanFactory     : Autowiring by type from bean name 'modelConverterRegistrar' via factory method to bean named 'fileSupportConverter'
2026-07-26T13:27:21.206-04:00 DEBUG 29692 --- [lecturas] [restartedMain] o.s.b.f.s.DefaultListableBeanFactory     : Autowiring by type from bean name 'modelConverterRegistrar' via factory method to bean named 'responseSupportConverter'
2026-07-26T13:27:21.206-04:00 DEBUG 29692 --- [lecturas] [restartedMain] o.s.b.f.s.DefaultListableBeanFactory     : Autowiring by type from bean name 'modelConverterRegistrar' via factory method to bean named 'schemaPropertyDeprecatingConverter'
2026-07-26T13:27:21.206-04:00 DEBUG 29692 --- [lecturas] [restartedMain] o.s.b.f.s.DefaultListableBeanFactory     : Autowiring by type from bean name 'modelConverterRegistrar' via factory method to bean named 'polymorphicModelConverter'
2026-07-26T13:27:21.206-04:00 DEBUG 29692 --- [lecturas] [restartedMain] o.s.b.f.s.DefaultListableBeanFactory     : Autowiring by type from bean name 'modelConverterRegistrar' via factory method to bean named 'pageableOpenAPIConverter'
2026-07-26T13:27:21.206-04:00 DEBUG 29692 --- [lecturas] [restartedMain] o.s.b.f.s.DefaultListableBeanFactory     : Autowiring by type from bean name 'modelConverterRegistrar' via factory method to bean named 'pageOpenAPIConverter'
2026-07-26T13:27:21.206-04:00 DEBUG 29692 --- [lecturas] [restartedMain] o.s.b.f.s.DefaultListableBeanFactory     : Autowiring by type from bean name 'modelConverterRegistrar' via factory method to bean named 'sortOpenAPIConverter'
2026-07-26T13:27:21.206-04:00 DEBUG 29692 --- [lecturas] [restartedMain] o.s.b.f.s.DefaultListableBeanFactory     : Autowiring by type from bean name 'modelConverterRegistrar' via factory method to bean named 'org.springdoc.core.properties.SpringDocConfigProperties'
2026-07-26T13:27:21.206-04:00 DEBUG 29692 --- [lecturas] [restartedMain] o.s.b.f.s.DefaultListableBeanFactory     : Creating shared instance of singleton bean 'operationBuilder'
2026-07-26T13:27:21.206-04:00 DEBUG 29692 --- [lecturas] [restartedMain] o.s.b.f.s.DefaultListableBeanFactory     : Creating shared instance of singleton bean 'parameterBuilder'
2026-07-26T13:27:21.210-04:00 DEBUG 29692 --- [lecturas] [restartedMain] o.s.b.f.s.DefaultListableBeanFactory     : Autowiring by type from bean name 'parameterBuilder' via factory method to bean named 'propertyResolverUtils'
2026-07-26T13:27:21.210-04:00 DEBUG 29692 --- [lecturas] [restartedMain] o.s.b.f.s.DefaultListableBeanFactory     : Autowiring by type from bean name 'parameterBuilder' via factory method to bean named 'webConversionServiceProvider'
2026-07-26T13:27:21.210-04:00 DEBUG 29692 --- [lecturas] [restartedMain] o.s.b.f.s.DefaultListableBeanFactory     : Autowiring by type from bean name 'parameterBuilder' via factory method to bean named 'springdocObjectMapperProvider'
2026-07-26T13:27:21.210-04:00 DEBUG 29692 --- [lecturas] [restartedMain] o.s.b.f.s.DefaultListableBeanFactory     : Creating shared instance of singleton bean 'requestBodyBuilder'
2026-07-26T13:27:21.210-04:00 DEBUG 29692 --- [lecturas] [restartedMain] o.s.b.f.s.DefaultListableBeanFactory     : Autowiring by type from bean name 'requestBodyBuilder' via factory method to bean named 'parameterBuilder'
2026-07-26T13:27:21.210-04:00 DEBUG 29692 --- [lecturas] [restartedMain] o.s.b.f.s.DefaultListableBeanFactory     : Autowiring by type from bean name 'requestBodyBuilder' via factory method to bean named 'propertyResolverUtils'
2026-07-26T13:27:21.212-04:00 DEBUG 29692 --- [lecturas] [restartedMain] o.s.b.f.s.DefaultListableBeanFactory     : Autowiring by type from bean name 'operationBuilder' via factory method to bean named 'parameterBuilder'
2026-07-26T13:27:21.212-04:00 DEBUG 29692 --- [lecturas] [restartedMain] o.s.b.f.s.DefaultListableBeanFactory     : Autowiring by type from bean name 'operationBuilder' via factory method to bean named 'requestBodyBuilder'
2026-07-26T13:27:21.212-04:00 DEBUG 29692 --- [lecturas] [restartedMain] o.s.b.f.s.DefaultListableBeanFactory     : Autowiring by type from bean name 'operationBuilder' via factory method to bean named 'securityParser'
2026-07-26T13:27:21.212-04:00 DEBUG 29692 --- [lecturas] [restartedMain] o.s.b.f.s.DefaultListableBeanFactory     : Autowiring by type from bean name 'operationBuilder' via factory method to bean named 'propertyResolverUtils'
2026-07-26T13:27:21.212-04:00 DEBUG 29692 --- [lecturas] [restartedMain] o.s.b.f.s.DefaultListableBeanFactory     : Creating shared instance of singleton bean 'springDocProviders'
2026-07-26T13:27:21.213-04:00 DEBUG 29692 --- [lecturas] [restartedMain] o.s.b.f.s.DefaultListableBeanFactory     : Creating shared instance of singleton bean 'routerFunctionProvider'
2026-07-26T13:27:21.213-04:00 DEBUG 29692 --- [lecturas] [restartedMain] o.s.b.f.s.DefaultListableBeanFactory     : Creating shared instance of singleton bean 'org.springdoc.webmvc.core.configuration.SpringDocWebMvcConfiguration$SpringDocWebMvcRouterConfiguration'
2026-07-26T13:27:21.213-04:00 DEBUG 29692 --- [lecturas] [restartedMain] o.s.b.f.s.DefaultListableBeanFactory     : Creating shared instance of singleton bean 'springWebProvider'
2026-07-26T13:27:21.213-04:00 DEBUG 29692 --- [lecturas] [restartedMain] o.s.b.f.s.DefaultListableBeanFactory     : Creating shared instance of singleton bean 'org.springdoc.webmvc.core.configuration.SpringDocWebMvcConfiguration'
2026-07-26T13:27:21.213-04:00 DEBUG 29692 --- [lecturas] [restartedMain] o.s.b.f.s.DefaultListableBeanFactory     : Autowiring by type from bean name 'springWebProvider' via factory method to bean named 'mvcApiVersionStrategy'
2026-07-26T13:27:21.213-04:00 DEBUG 29692 --- [lecturas] [restartedMain] o.s.b.f.s.DefaultListableBeanFactory     : Autowiring by type from bean name 'springDocProviders' via factory method to bean named 'routerFunctionProvider'
2026-07-26T13:27:21.213-04:00 DEBUG 29692 --- [lecturas] [restartedMain] o.s.b.f.s.DefaultListableBeanFactory     : Autowiring by type from bean name 'springDocProviders' via factory method to bean named 'springWebProvider'
2026-07-26T13:27:21.213-04:00 DEBUG 29692 --- [lecturas] [restartedMain] o.s.b.f.s.DefaultListableBeanFactory     : Autowiring by type from bean name 'springDocProviders' via factory method to bean named 'springdocObjectMapperProvider'
2026-07-26T13:27:21.213-04:00 DEBUG 29692 --- [lecturas] [restartedMain] o.s.b.f.s.DefaultListableBeanFactory     : Creating shared instance of singleton bean 'springDocCustomizers'
2026-07-26T13:27:21.213-04:00 DEBUG 29692 --- [lecturas] [restartedMain] o.s.b.f.s.DefaultListableBeanFactory     : Creating shared instance of singleton bean 'globalOpenApiCustomizer'
2026-07-26T13:27:21.219-04:00 DEBUG 29692 --- [lecturas] [restartedMain] o.s.b.f.s.DefaultListableBeanFactory     : Creating shared instance of singleton bean 'parameterObjectNamingStrategyCustomizer'
2026-07-26T13:27:21.219-04:00 DEBUG 29692 --- [lecturas] [restartedMain] o.s.b.f.s.DefaultListableBeanFactory     : Creating shared instance of singleton bean 'dataRestDelegatingMethodParameterCustomizer'
2026-07-26T13:27:21.219-04:00 DEBUG 29692 --- [lecturas] [restartedMain] o.s.b.f.s.DefaultListableBeanFactory     : Autowiring by type from bean name 'dataRestDelegatingMethodParameterCustomizer' via factory method to bean named 'springDataWebPropertiesProvider'
2026-07-26T13:27:21.222-04:00 DEBUG 29692 --- [lecturas] [HikariPool-2:connection-adder] com.zaxxer.hikari.pool.PoolBase          : HikariPool-2 - Established new connection (ac5d1bc7-978f-435c-b441-a3c55d9a096a)
2026-07-26T13:27:21.222-04:00 DEBUG 29692 --- [lecturas] [HikariPool-2:connection-adder] com.zaxxer.hikari.pool.HikariPool        : HikariPool-2 - Added connection org.postgresql.jdbc.PgConnection@4783f6a4
2026-07-26T13:27:21.222-04:00 DEBUG 29692 --- [lecturas] [restartedMain] o.s.b.f.s.DefaultListableBeanFactory     : Autowiring by type from bean name 'springDocCustomizers' via factory method to bean named 'globalOpenApiCustomizer'
2026-07-26T13:27:21.222-04:00 DEBUG 29692 --- [lecturas] [restartedMain] o.s.b.f.s.DefaultListableBeanFactory     : Autowiring by type from bean name 'springDocCustomizers' via factory method to bean named 'parameterObjectNamingStrategyCustomizer'
2026-07-26T13:27:21.222-04:00 DEBUG 29692 --- [lecturas] [restartedMain] o.s.b.f.s.DefaultListableBeanFactory     : Autowiring by type from bean name 'springDocCustomizers' via factory method to bean named 'dataRestDelegatingMethodParameterCustomizer'
2026-07-26T13:27:21.223-04:00 DEBUG 29692 --- [lecturas] [restartedMain] o.s.b.f.s.DefaultListableBeanFactory     : Creating shared instance of singleton bean 'schemaUtils'
2026-07-26T13:27:21.223-04:00 DEBUG 29692 --- [lecturas] [restartedMain] o.s.b.f.s.DefaultListableBeanFactory     : Creating shared instance of singleton bean 'methodParameterPojoExtractor'
2026-07-26T13:27:21.223-04:00 DEBUG 29692 --- [lecturas] [restartedMain] o.s.b.f.s.DefaultListableBeanFactory     : Autowiring by type from bean name 'methodParameterPojoExtractor' via factory method to bean named 'schemaUtils'
2026-07-26T13:27:21.223-04:00 DEBUG 29692 --- [lecturas] [restartedMain] o.s.b.f.s.DefaultListableBeanFactory     : Creating shared instance of singleton bean 'springDocAppInitializer'
2026-07-26T13:27:21.223-04:00 DEBUG 29692 --- [lecturas] [restartedMain] o.s.b.f.s.DefaultListableBeanFactory     : Autowiring by type from bean name 'springDocAppInitializer' via factory method to bean named 'org.springdoc.core.properties.SpringDocConfigProperties'
2026-07-26T13:27:21.223-04:00 DEBUG 29692 --- [lecturas] [restartedMain] o.s.b.f.s.DefaultListableBeanFactory     : Creating shared instance of singleton bean 'org.springdoc.core.configuration.SpringDocWebServerConfiguration$EmbeddedWebServerConfiguration'
2026-07-26T13:27:21.223-04:00 DEBUG 29692 --- [lecturas] [restartedMain] o.s.b.f.s.DefaultListableBeanFactory     : Creating shared instance of singleton bean 'webServerPortProvider'
2026-07-26T13:27:21.223-04:00 DEBUG 29692 --- [lecturas] [restartedMain] o.s.b.f.s.DefaultListableBeanFactory     : Creating shared instance of singleton bean 'org.springdoc.webmvc.core.configuration.SpringDocWebMvcConfiguration$SpringDocWebMvcActuatorConfiguration'
2026-07-26T13:27:21.223-04:00 DEBUG 29692 --- [lecturas] [restartedMain] o.s.b.f.s.DefaultListableBeanFactory     : Creating shared instance of singleton bean 'openApiResource'
2026-07-26T13:27:21.223-04:00 DEBUG 29692 --- [lecturas] [restartedMain] o.s.b.f.s.DefaultListableBeanFactory     : Creating shared instance of singleton bean 'requestBuilder'
2026-07-26T13:27:21.223-04:00 DEBUG 29692 --- [lecturas] [restartedMain] o.s.b.f.s.DefaultListableBeanFactory     : Autowiring by type from bean name 'requestBuilder' via factory method to bean named 'parameterBuilder'
2026-07-26T13:27:21.223-04:00 DEBUG 29692 --- [lecturas] [restartedMain] o.s.b.f.s.DefaultListableBeanFactory     : Autowiring by type from bean name 'requestBuilder' via factory method to bean named 'requestBodyBuilder'
2026-07-26T13:27:21.223-04:00 DEBUG 29692 --- [lecturas] [restartedMain] o.s.b.f.s.DefaultListableBeanFactory     : Autowiring by type from bean name 'requestBuilder' via factory method to bean named 'springDocCustomizers'
2026-07-26T13:27:21.223-04:00 DEBUG 29692 --- [lecturas] [restartedMain] o.s.b.f.s.DefaultListableBeanFactory     : Autowiring by type from bean name 'requestBuilder' via factory method to bean named 'localSpringDocParameterNameDiscoverer'
2026-07-26T13:27:21.223-04:00 DEBUG 29692 --- [lecturas] [restartedMain] o.s.b.f.s.DefaultListableBeanFactory     : Autowiring by type from bean name 'requestBuilder' via factory method to bean named 'methodParameterPojoExtractor'
2026-07-26T13:27:21.223-04:00 DEBUG 29692 --- [lecturas] [restartedMain] o.s.b.f.s.DefaultListableBeanFactory     : Creating shared instance of singleton bean 'responseBuilder'
2026-07-26T13:27:21.223-04:00 DEBUG 29692 --- [lecturas] [restartedMain] o.s.b.f.s.DefaultListableBeanFactory     : Autowiring by type from bean name 'responseBuilder' via factory method to bean named 'operationBuilder'
2026-07-26T13:27:21.223-04:00 DEBUG 29692 --- [lecturas] [restartedMain] o.s.b.f.s.DefaultListableBeanFactory     : Autowiring by type from bean name 'responseBuilder' via factory method to bean named 'org.springdoc.core.properties.SpringDocConfigProperties'
2026-07-26T13:27:21.223-04:00 DEBUG 29692 --- [lecturas] [restartedMain] o.s.b.f.s.DefaultListableBeanFactory     : Autowiring by type from bean name 'responseBuilder' via factory method to bean named 'propertyResolverUtils'
2026-07-26T13:27:21.223-04:00 DEBUG 29692 --- [lecturas] [restartedMain] o.s.b.f.s.DefaultListableBeanFactory     : Autowiring by type from bean name 'openApiResource' via factory method to bean named 'requestBuilder'
2026-07-26T13:27:21.223-04:00 DEBUG 29692 --- [lecturas] [restartedMain] o.s.b.f.s.DefaultListableBeanFactory     : Autowiring by type from bean name 'openApiResource' via factory method to bean named 'responseBuilder'
2026-07-26T13:27:21.223-04:00 DEBUG 29692 --- [lecturas] [restartedMain] o.s.b.f.s.DefaultListableBeanFactory     : Autowiring by type from bean name 'openApiResource' via factory method to bean named 'operationBuilder'
2026-07-26T13:27:21.223-04:00 DEBUG 29692 --- [lecturas] [restartedMain] o.s.b.f.s.DefaultListableBeanFactory     : Autowiring by type from bean name 'openApiResource' via factory method to bean named 'org.springdoc.core.properties.SpringDocConfigProperties'
2026-07-26T13:27:21.223-04:00 DEBUG 29692 --- [lecturas] [restartedMain] o.s.b.f.s.DefaultListableBeanFactory     : Autowiring by type from bean name 'openApiResource' via factory method to bean named 'springDocProviders'
2026-07-26T13:27:21.223-04:00 DEBUG 29692 --- [lecturas] [restartedMain] o.s.b.f.s.DefaultListableBeanFactory     : Autowiring by type from bean name 'openApiResource' via factory method to bean named 'springDocCustomizers'
2026-07-26T13:27:21.223-04:00 DEBUG 29692 --- [lecturas] [restartedMain] o.s.b.f.s.DefaultListableBeanFactory     : Creating shared instance of singleton bean 'springDocApiVersionCustomizer'
2026-07-26T13:27:21.223-04:00 DEBUG 29692 --- [lecturas] [restartedMain] o.s.b.f.s.DefaultListableBeanFactory     : Autowiring by type from bean name 'springDocApiVersionCustomizer' via factory method to bean named 'mvcApiVersionStrategy'
2026-07-26T13:27:21.223-04:00 DEBUG 29692 --- [lecturas] [restartedMain] o.s.b.f.s.DefaultListableBeanFactory     : Autowiring by type from bean name 'springDocApiVersionCustomizer' via factory method to bean named 'org.springdoc.core.properties.SpringDocConfigProperties'
2026-07-26T13:27:21.223-04:00 DEBUG 29692 --- [lecturas] [restartedMain] o.s.b.f.s.DefaultListableBeanFactory     : Autowiring by type from bean name 'springDocApiVersionCustomizer' via factory method to bean named 'org.springdoc.core.properties.SwaggerUiConfigProperties'
2026-07-26T13:27:21.223-04:00 DEBUG 29692 --- [lecturas] [restartedMain] o.s.b.f.s.DefaultListableBeanFactory     : Autowiring by type from bean name 'springDocApiVersionCustomizer' via factory method to bean named 'requestMappingHandlerMapping'
2026-07-26T13:27:21.223-04:00 DEBUG 29692 --- [lecturas] [restartedMain] o.s.b.f.s.DefaultListableBeanFactory     : Creating shared instance of singleton bean 'swaggerConfigResource'
2026-07-26T13:27:21.223-04:00 DEBUG 29692 --- [lecturas] [restartedMain] o.s.b.f.s.DefaultListableBeanFactory     : Autowiring by type from bean name 'swaggerConfigResource' via factory method to bean named 'swaggerWelcome'
2026-07-26T13:27:21.223-04:00 DEBUG 29692 --- [lecturas] [restartedMain] o.s.b.f.s.DefaultListableBeanFactory     : Creating shared instance of singleton bean 'springDocSwaggerInitializer'
2026-07-26T13:27:21.223-04:00 DEBUG 29692 --- [lecturas] [restartedMain] o.s.b.f.s.DefaultListableBeanFactory     : Autowiring by type from bean name 'springDocSwaggerInitializer' via factory method to bean named 'org.springdoc.core.properties.SwaggerUiConfigProperties'
2026-07-26T13:27:21.223-04:00 DEBUG 29692 --- [lecturas] [restartedMain] o.s.b.f.s.DefaultListableBeanFactory     : Creating shared instance of singleton bean 'org.springframework.boot.autoconfigure.aop.AopAutoConfiguration$AspectJAutoProxyingConfiguration$CglibAutoProxyConfiguration'
2026-07-26T13:27:21.223-04:00 DEBUG 29692 --- [lecturas] [restartedMain] o.s.b.f.s.DefaultListableBeanFactory     : Creating shared instance of singleton bean 'org.springframework.boot.autoconfigure.aop.AopAutoConfiguration$AspectJAutoProxyingConfiguration'
2026-07-26T13:27:21.223-04:00 DEBUG 29692 --- [lecturas] [restartedMain] o.s.b.f.s.DefaultListableBeanFactory     : Creating shared instance of singleton bean 'org.springframework.boot.autoconfigure.aop.AopAutoConfiguration'
2026-07-26T13:27:21.223-04:00 DEBUG 29692 --- [lecturas] [restartedMain] o.s.b.f.s.DefaultListableBeanFactory     : Creating shared instance of singleton bean 'org.springframework.boot.autoconfigure.availability.ApplicationAvailabilityAutoConfiguration'
2026-07-26T13:27:21.223-04:00 DEBUG 29692 --- [lecturas] [restartedMain] o.s.b.f.s.DefaultListableBeanFactory     : Creating shared instance of singleton bean 'applicationAvailability'
2026-07-26T13:27:21.223-04:00 DEBUG 29692 --- [lecturas] [restartedMain] o.s.b.f.s.DefaultListableBeanFactory     : Creating shared instance of singleton bean 'org.springframework.boot.autoconfigure.context.ConfigurationPropertiesAutoConfiguration'
2026-07-26T13:27:21.223-04:00 DEBUG 29692 --- [lecturas] [restartedMain] o.s.b.f.s.DefaultListableBeanFactory     : Creating shared instance of singleton bean 'org.springframework.boot.autoconfigure.context.LifecycleAutoConfiguration'
2026-07-26T13:27:21.223-04:00 DEBUG 29692 --- [lecturas] [restartedMain] o.s.b.f.s.DefaultListableBeanFactory     : Creating shared instance of singleton bean 'lifecycleProcessor'
2026-07-26T13:27:21.223-04:00 DEBUG 29692 --- [lecturas] [restartedMain] o.s.b.f.s.DefaultListableBeanFactory     : Creating shared instance of singleton bean 'spring.lifecycle-org.springframework.boot.autoconfigure.context.LifecycleProperties'
2026-07-26T13:27:21.233-04:00 DEBUG 29692 --- [lecturas] [restartedMain] o.s.b.f.s.DefaultListableBeanFactory     : Autowiring by type from bean name 'lifecycleProcessor' via factory method to bean named 'spring.lifecycle-org.springframework.boot.autoconfigure.context.LifecycleProperties'
2026-07-26T13:27:21.233-04:00 DEBUG 29692 --- [lecturas] [restartedMain] o.s.b.f.s.DefaultListableBeanFactory     : Creating shared instance of singleton bean 'org.springframework.boot.autoconfigure.info.ProjectInfoAutoConfiguration'
2026-07-26T13:27:21.234-04:00 DEBUG 29692 --- [lecturas] [restartedMain] o.s.b.f.s.DefaultListableBeanFactory     : Creating shared instance of singleton bean 'spring.info-org.springframework.boot.autoconfigure.info.ProjectInfoProperties'
2026-07-26T13:27:21.235-04:00 DEBUG 29692 --- [lecturas] [restartedMain] o.s.b.f.s.DefaultListableBeanFactory     : Autowiring by type from bean name 'org.springframework.boot.autoconfigure.info.ProjectInfoAutoConfiguration' via constructor to bean named 'spring.info-org.springframework.boot.autoconfigure.info.ProjectInfoProperties'
2026-07-26T13:27:21.235-04:00 DEBUG 29692 --- [lecturas] [restartedMain] o.s.b.f.s.DefaultListableBeanFactory     : Creating shared instance of singleton bean 'org.springframework.boot.autoconfigure.task.TaskSchedulingConfigurations$ThreadPoolTaskSchedulerBuilderConfiguration'
2026-07-26T13:27:21.235-04:00 DEBUG 29692 --- [lecturas] [restartedMain] o.s.b.f.s.DefaultListableBeanFactory     : Creating shared instance of singleton bean 'threadPoolTaskSchedulerBuilder'
2026-07-26T13:27:21.235-04:00 DEBUG 29692 --- [lecturas] [restartedMain] o.s.b.f.s.DefaultListableBeanFactory     : Creating shared instance of singleton bean 'spring.task.scheduling-org.springframework.boot.autoconfigure.task.TaskSchedulingProperties'
2026-07-26T13:27:21.235-04:00 DEBUG 29692 --- [lecturas] [restartedMain] o.s.b.f.s.DefaultListableBeanFactory     : Autowiring by type from bean name 'threadPoolTaskSchedulerBuilder' via factory method to bean named 'spring.task.scheduling-org.springframework.boot.autoconfigure.task.TaskSchedulingProperties'
2026-07-26T13:27:21.235-04:00 DEBUG 29692 --- [lecturas] [restartedMain] o.s.b.f.s.DefaultListableBeanFactory     : Creating shared instance of singleton bean 'org.springframework.boot.autoconfigure.task.TaskSchedulingConfigurations$SimpleAsyncTaskSchedulerBuilderConfiguration'
2026-07-26T13:27:21.237-04:00 DEBUG 29692 --- [lecturas] [restartedMain] o.s.b.f.s.DefaultListableBeanFactory     : Autowiring by type from bean name 'org.springframework.boot.autoconfigure.task.TaskSchedulingConfigurations$SimpleAsyncTaskSchedulerBuilderConfiguration' via constructor to bean named 'spring.task.scheduling-org.springframework.boot.autoconfigure.task.TaskSchedulingProperties'
2026-07-26T13:27:21.237-04:00 DEBUG 29692 --- [lecturas] [restartedMain] o.s.b.f.s.DefaultListableBeanFactory     : Creating shared instance of singleton bean 'simpleAsyncTaskSchedulerBuilder'
2026-07-26T13:27:21.237-04:00 DEBUG 29692 --- [lecturas] [restartedMain] o.s.b.f.s.DefaultListableBeanFactory     : Creating shared instance of singleton bean 'org.springframework.boot.autoconfigure.task.TaskSchedulingAutoConfiguration'
2026-07-26T13:27:21.239-04:00 DEBUG 29692 --- [lecturas] [restartedMain] o.s.b.f.s.DefaultListableBeanFactory     : Creating shared instance of singleton bean 'org.springframework.data.web.config.ProjectingArgumentResolverRegistrar'
2026-07-26T13:27:21.239-04:00 DEBUG 29692 --- [lecturas] [restartedMain] o.s.b.f.s.DefaultListableBeanFactory     : Creating shared instance of singleton bean 'offsetResolver'
2026-07-26T13:27:21.239-04:00 DEBUG 29692 --- [lecturas] [restartedMain] o.s.b.f.s.DefaultListableBeanFactory     : Creating shared instance of singleton bean 'org.springframework.data.web.config.SpringDataJacksonConfiguration'
2026-07-26T13:27:21.239-04:00 DEBUG 29692 --- [lecturas] [restartedMain] o.s.b.f.s.DefaultListableBeanFactory     : Creating shared instance of singleton bean 'jacksonGeoModule'
2026-07-26T13:27:21.239-04:00 DEBUG 29692 --- [lecturas] [restartedMain] o.s.b.f.s.DefaultListableBeanFactory     : Creating shared instance of singleton bean 'pageModule'
2026-07-26T13:27:21.239-04:00 DEBUG 29692 --- [lecturas] [restartedMain] o.s.b.f.s.DefaultListableBeanFactory     : Creating shared instance of singleton bean 'org.springframework.boot.transaction.jta.autoconfigure.JtaAutoConfiguration'
2026-07-26T13:27:21.239-04:00 DEBUG 29692 --- [lecturas] [restartedMain] o.s.b.f.s.DefaultListableBeanFactory     : Creating shared instance of singleton bean 'org.springframework.boot.jdbc.autoconfigure.DataSourcePoolMetadataProvidersConfiguration'
2026-07-26T13:27:21.239-04:00 DEBUG 29692 --- [lecturas] [restartedMain] o.s.b.f.s.DefaultListableBeanFactory     : Creating shared instance of singleton bean 'org.springframework.boot.jdbc.autoconfigure.DataSourceAutoConfiguration'
2026-07-26T13:27:21.239-04:00 DEBUG 29692 --- [lecturas] [restartedMain] o.s.b.f.s.DefaultListableBeanFactory     : Creating shared instance of singleton bean 'org.springframework.boot.transaction.autoconfigure.TransactionManagerCustomizationAutoConfiguration'
2026-07-26T13:27:21.239-04:00 DEBUG 29692 --- [lecturas] [restartedMain] o.s.b.f.s.DefaultListableBeanFactory     : Creating shared instance of singleton bean 'platformTransactionManagerCustomizers'
2026-07-26T13:27:21.239-04:00 DEBUG 29692 --- [lecturas] [restartedMain] o.s.b.f.s.DefaultListableBeanFactory     : Creating shared instance of singleton bean 'transactionExecutionListeners'
2026-07-26T13:27:21.243-04:00 DEBUG 29692 --- [lecturas] [restartedMain] o.s.b.f.s.DefaultListableBeanFactory     : Creating shared instance of singleton bean 'spring.transaction-org.springframework.boot.transaction.autoconfigure.TransactionProperties'
2026-07-26T13:27:21.243-04:00 DEBUG 29692 --- [lecturas] [restartedMain] o.s.b.f.s.DefaultListableBeanFactory     : Creating shared instance of singleton bean 'org.springframework.boot.jpa.autoconfigure.JpaBaseConfiguration$PersistenceManagedTypesConfiguration'
2026-07-26T13:27:21.243-04:00 DEBUG 29692 --- [lecturas] [restartedMain] o.s.b.f.s.DefaultListableBeanFactory     : Creating shared instance of singleton bean 'transactionManager'
2026-07-26T13:27:21.243-04:00 DEBUG 29692 --- [lecturas] [restartedMain] o.s.b.f.s.DefaultListableBeanFactory     : Creating shared instance of singleton bean 'org.springframework.boot.hibernate.autoconfigure.HibernateJpaAutoConfiguration'
2026-07-26T13:27:21.243-04:00 DEBUG 29692 --- [lecturas] [restartedMain] o.s.b.f.s.DefaultListableBeanFactory     : Creating shared instance of singleton bean 'org.springframework.boot.data.jpa.autoconfigure.DataJpaRepositoriesAutoConfiguration'
2026-07-26T13:27:21.245-04:00 DEBUG 29692 --- [lecturas] [restartedMain] o.s.b.f.s.DefaultListableBeanFactory     : Creating shared instance of singleton bean 'eagerJpaMetamodelCacheCleanup'
2026-07-26T13:27:21.245-04:00 DEBUG 29692 --- [lecturas] [restartedMain] o.s.b.f.s.DefaultListableBeanFactory     : Creating shared instance of singleton bean 'org.springframework.data.jpa.util.JpaMetamodelCacheCleanup'
2026-07-26T13:27:21.245-04:00 DEBUG 29692 --- [lecturas] [restartedMain] o.s.b.f.s.DefaultListableBeanFactory     : Creating shared instance of singleton bean 'org.springframework.data.jpa.repository.support.JpaEvaluationContextExtension'
2026-07-26T13:27:21.245-04:00 DEBUG 29692 --- [lecturas] [restartedMain] o.s.b.f.s.DefaultListableBeanFactory     : Creating shared instance of singleton bean 'data-jpa.repository-aot-processor#0'
2026-07-26T13:27:21.245-04:00 DEBUG 29692 --- [lecturas] [restartedMain] o.s.b.f.s.DefaultListableBeanFactory     : Creating shared instance of singleton bean 'org.springframework.boot.devtools.autoconfigure.DevToolsDataSourceAutoConfiguration$DatabaseShutdownExecutorEntityManagerFactoryDependsOnConfiguration'
2026-07-26T13:27:21.245-04:00 DEBUG 29692 --- [lecturas] [restartedMain] o.s.b.f.s.DefaultListableBeanFactory     : Creating shared instance of singleton bean 'org.springframework.boot.devtools.autoconfigure.LocalDevToolsAutoConfiguration$RestartConfiguration'
2026-07-26T13:27:21.247-04:00 DEBUG 29692 --- [lecturas] [restartedMain] o.s.b.f.s.DefaultListableBeanFactory     : Creating shared instance of singleton bean 'spring.devtools-org.springframework.boot.devtools.autoconfigure.DevToolsProperties'
2026-07-26T13:27:21.247-04:00 DEBUG 29692 --- [lecturas] [restartedMain] o.s.b.f.s.DefaultListableBeanFactory     : Autowiring by type from bean name 'org.springframework.boot.devtools.autoconfigure.LocalDevToolsAutoConfiguration$RestartConfiguration' via constructor to bean named 'spring.devtools-org.springframework.boot.devtools.autoconfigure.DevToolsProperties'
2026-07-26T13:27:21.247-04:00 DEBUG 29692 --- [lecturas] [restartedMain] o.s.b.f.s.DefaultListableBeanFactory     : Creating shared instance of singleton bean 'restartingClassPathChangedEventListener'
2026-07-26T13:27:21.247-04:00 DEBUG 29692 --- [lecturas] [restartedMain] o.s.b.f.s.DefaultListableBeanFactory     : Creating shared instance of singleton bean 'fileSystemWatcherFactory'
2026-07-26T13:27:21.247-04:00 DEBUG 29692 --- [lecturas] [restartedMain] o.s.b.f.s.DefaultListableBeanFactory     : Autowiring by type from bean name 'restartingClassPathChangedEventListener' via factory method to bean named 'fileSystemWatcherFactory'
2026-07-26T13:27:21.247-04:00 DEBUG 29692 --- [lecturas] [restartedMain] o.s.b.f.s.DefaultListableBeanFactory     : Creating shared instance of singleton bean 'classPathFileSystemWatcher'
2026-07-26T13:27:21.247-04:00 DEBUG 29692 --- [lecturas] [restartedMain] o.s.b.f.s.DefaultListableBeanFactory     : Creating shared instance of singleton bean 'classPathRestartStrategy'
2026-07-26T13:27:21.247-04:00 DEBUG 29692 --- [lecturas] [restartedMain] o.s.b.f.s.DefaultListableBeanFactory     : Autowiring by type from bean name 'classPathFileSystemWatcher' via factory method to bean named 'fileSystemWatcherFactory'
2026-07-26T13:27:21.247-04:00 DEBUG 29692 --- [lecturas] [restartedMain] o.s.b.f.s.DefaultListableBeanFactory     : Autowiring by type from bean name 'classPathFileSystemWatcher' via factory method to bean named 'classPathRestartStrategy'
2026-07-26T13:27:21.247-04:00 DEBUG 29692 --- [lecturas] [restartedMain] o.s.b.f.s.DefaultListableBeanFactory     : Creating shared instance of singleton bean 'conditionEvaluationDeltaLoggingListener'
2026-07-26T13:27:21.247-04:00 DEBUG 29692 --- [lecturas] [restartedMain] o.s.b.f.s.DefaultListableBeanFactory     : Creating shared instance of singleton bean 'org.springframework.boot.devtools.autoconfigure.LocalDevToolsAutoConfiguration'
2026-07-26T13:27:21.247-04:00 DEBUG 29692 --- [lecturas] [restartedMain] o.s.b.f.s.DefaultListableBeanFactory     : Creating shared instance of singleton bean 'org.springframework.boot.flyway.autoconfigure.FlywayAutoConfiguration'
2026-07-26T13:27:21.247-04:00 DEBUG 29692 --- [lecturas] [restartedMain] o.s.b.f.s.DefaultListableBeanFactory     : Creating shared instance of singleton bean 'flywayDefaultDdlModeProvider'
2026-07-26T13:27:21.250-04:00 DEBUG 29692 --- [lecturas] [restartedMain] o.s.b.f.s.DefaultListableBeanFactory     : Creating shared instance of singleton bean 'org.springframework.boot.http.converter.autoconfigure.JacksonHttpMessageConvertersConfiguration'
2026-07-26T13:27:21.250-04:00 DEBUG 29692 --- [lecturas] [restartedMain] o.s.b.f.s.DefaultListableBeanFactory     : Creating shared instance of singleton bean 'org.springframework.boot.http.converter.autoconfigure.Jackson2HttpMessageConvertersConfiguration'
2026-07-26T13:27:21.250-04:00 DEBUG 29692 --- [lecturas] [restartedMain] o.s.b.f.s.DefaultListableBeanFactory     : Creating shared instance of singleton bean 'clientConvertersCustomizer'
2026-07-26T13:27:21.250-04:00 DEBUG 29692 --- [lecturas] [restartedMain] o.s.b.f.s.DefaultListableBeanFactory     : Creating shared instance of singleton bean 'org.springframework.boot.jdbc.autoconfigure.JdbcTemplateConfiguration'
2026-07-26T13:27:21.250-04:00 DEBUG 29692 --- [lecturas] [restartedMain] o.s.b.f.s.DefaultListableBeanFactory     : Creating shared instance of singleton bean 'jdbcTemplate'
2026-07-26T13:27:21.252-04:00 DEBUG 29692 --- [lecturas] [restartedMain] o.s.b.f.s.DefaultListableBeanFactory     : Creating shared instance of singleton bean 'spring.jdbc-org.springframework.boot.jdbc.autoconfigure.JdbcProperties'
2026-07-26T13:27:21.252-04:00 DEBUG 29692 --- [lecturas] [restartedMain] o.s.b.f.s.DefaultListableBeanFactory     : Autowiring by type from bean name 'jdbcTemplate' via factory method to bean named 'dataSource'
2026-07-26T13:27:21.252-04:00 DEBUG 29692 --- [lecturas] [restartedMain] o.s.b.f.s.DefaultListableBeanFactory     : Autowiring by type from bean name 'jdbcTemplate' via factory method to bean named 'spring.jdbc-org.springframework.boot.jdbc.autoconfigure.JdbcProperties'
2026-07-26T13:27:21.253-04:00 DEBUG 29692 --- [lecturas] [HikariPool-2:connection-adder] com.zaxxer.hikari.pool.HikariPool        : HikariPool-2 - After adding stats (total=6/10, idle=6/10, active=0, waiting=0)
2026-07-26T13:27:21.253-04:00 DEBUG 29692 --- [lecturas] [HikariPool-2:connection-adder] com.zaxxer.hikari.pool.PoolBase          : HikariPool-2 - Attempting to create/setup new connection (48e4117e-f446-490c-a1e1-dc9b0711b6f0)
2026-07-26T13:27:21.253-04:00 DEBUG 29692 --- [lecturas] [HikariPool-2:connection-adder] org.postgresql.Driver                    : Connecting with URL: jdbc:postgresql://localhost:5432/BD_LIBRO
2026-07-26T13:27:21.253-04:00 DEBUG 29692 --- [lecturas] [HikariPool-2:connection-adder] org.postgresql.jdbc.PgConnection         : PostgreSQL JDBC Driver 42.7.4
2026-07-26T13:27:21.253-04:00 DEBUG 29692 --- [lecturas] [HikariPool-2:connection-adder] org.postgresql.jdbc.PgConnection         :   setDefaultFetchSize = 0
2026-07-26T13:27:21.253-04:00 DEBUG 29692 --- [lecturas] [HikariPool-2:connection-adder] org.postgresql.jdbc.PgConnection         :   setPrepareThreshold = 5
2026-07-26T13:27:21.253-04:00 DEBUG 29692 --- [lecturas] [HikariPool-2:connection-adder] o.p.core.v3.ConnectionFactoryImpl        : Trying to establish a protocol version 3 connection to localhost:5432
2026-07-26T13:27:21.254-04:00 DEBUG 29692 --- [lecturas] [restartedMain] o.s.b.f.s.DefaultListableBeanFactory     : Creating shared instance of singleton bean 'org.springframework.boot.jdbc.autoconfigure.NamedParameterJdbcTemplateConfiguration'
2026-07-26T13:27:21.254-04:00 DEBUG 29692 --- [lecturas] [restartedMain] o.s.b.f.s.DefaultListableBeanFactory     : Creating shared instance of singleton bean 'namedParameterJdbcTemplate'
2026-07-26T13:27:21.254-04:00 DEBUG 29692 --- [lecturas] [restartedMain] o.s.b.f.s.DefaultListableBeanFactory     : Autowiring by type from bean name 'namedParameterJdbcTemplate' via factory method to bean named 'jdbcTemplate'
2026-07-26T13:27:21.254-04:00 DEBUG 29692 --- [lecturas] [HikariPool-2:connection-adder] o.p.core.v3.ConnectionFactoryImpl        : Receive Buffer Size is 65.536
2026-07-26T13:27:21.254-04:00 DEBUG 29692 --- [lecturas] [HikariPool-2:connection-adder] o.p.core.v3.ConnectionFactoryImpl        : Send Buffer Size is 65.536
2026-07-26T13:27:21.257-04:00 DEBUG 29692 --- [lecturas] [restartedMain] o.s.b.f.s.DefaultListableBeanFactory     : Creating shared instance of singleton bean 'org.springframework.boot.jdbc.autoconfigure.JdbcTemplateAutoConfiguration'
2026-07-26T13:27:21.257-04:00 DEBUG 29692 --- [lecturas] [restartedMain] o.s.b.f.s.DefaultListableBeanFactory     : Creating shared instance of singleton bean 'org.springframework.boot.jdbc.autoconfigure.JdbcClientAutoConfiguration'
2026-07-26T13:27:21.257-04:00 DEBUG 29692 --- [lecturas] [restartedMain] o.s.b.f.s.DefaultListableBeanFactory     : Creating shared instance of singleton bean 'jdbcClient'
2026-07-26T13:27:21.257-04:00 DEBUG 29692 --- [lecturas] [restartedMain] o.s.b.f.s.DefaultListableBeanFactory     : Autowiring by type from bean name 'jdbcClient' via factory method to bean named 'namedParameterJdbcTemplate'
2026-07-26T13:27:21.259-04:00 DEBUG 29692 --- [lecturas] [restartedMain] o.s.b.f.s.DefaultListableBeanFactory     : Creating shared instance of singleton bean 'org.springframework.boot.persistence.autoconfigure.PersistenceExceptionTranslationAutoConfiguration'
2026-07-26T13:27:21.259-04:00 DEBUG 29692 --- [lecturas] [restartedMain] o.s.b.f.s.DefaultListableBeanFactory     : Creating shared instance of singleton bean 'multipartResolver'
2026-07-26T13:27:21.259-04:00 DEBUG 29692 --- [lecturas] [restartedMain] o.s.b.f.s.DefaultListableBeanFactory     : Creating shared instance of singleton bean 'org.springframework.boot.jdbc.autoconfigure.DataSourceTransactionManagerAutoConfiguration$JdbcTransactionManagerConfiguration'
2026-07-26T13:27:21.259-04:00 DEBUG 29692 --- [lecturas] [restartedMain] o.s.b.f.s.DefaultListableBeanFactory     : Creating shared instance of singleton bean 'org.springframework.boot.jdbc.autoconfigure.DataSourceTransactionManagerAutoConfiguration'
2026-07-26T13:27:21.259-04:00 DEBUG 29692 --- [lecturas] [restartedMain] o.s.b.f.s.DefaultListableBeanFactory     : Creating shared instance of singleton bean 'org.springframework.boot.transaction.autoconfigure.TransactionAutoConfiguration$EnableTransactionManagementConfiguration$CglibAutoProxyConfiguration'
2026-07-26T13:27:21.259-04:00 DEBUG 29692 --- [lecturas] [restartedMain] o.s.b.f.s.DefaultListableBeanFactory     : Creating shared instance of singleton bean 'org.springframework.boot.transaction.autoconfigure.TransactionAutoConfiguration$EnableTransactionManagementConfiguration'
2026-07-26T13:27:21.259-04:00 DEBUG 29692 --- [lecturas] [restartedMain] o.s.b.f.s.DefaultListableBeanFactory     : Creating shared instance of singleton bean 'org.springframework.boot.transaction.autoconfigure.TransactionAutoConfiguration$TransactionTemplateConfiguration'
2026-07-26T13:27:21.259-04:00 DEBUG 29692 --- [lecturas] [restartedMain] o.s.b.f.s.DefaultListableBeanFactory     : Creating shared instance of singleton bean 'transactionTemplate'
2026-07-26T13:27:21.259-04:00 DEBUG 29692 --- [lecturas] [restartedMain] o.s.b.f.s.DefaultListableBeanFactory     : Autowiring by type from bean name 'transactionTemplate' via factory method to bean named 'transactionManager'
2026-07-26T13:27:21.259-04:00 DEBUG 29692 --- [lecturas] [restartedMain] o.s.b.f.s.DefaultListableBeanFactory     : Creating shared instance of singleton bean 'org.springframework.boot.transaction.autoconfigure.TransactionAutoConfiguration'
2026-07-26T13:27:21.264-04:00 DEBUG 29692 --- [lecturas] [restartedMain] o.s.c.e.EventListenerMethodProcessor     : 1 @EventListener methods processed on bean 'springDocAppInitializer': {public void org.springdoc.core.events.SpringDocAppInitializer.init()=@org.springframework.context.event.EventListener(classes={org.springframework.boot.context.event.ApplicationReadyEvent.class}, condition="", defaultExecution=true, id="", value={org.springframework.boot.context.event.ApplicationReadyEvent.class})}
2026-07-26T13:27:21.266-04:00 DEBUG 29692 --- [lecturas] [restartedMain] o.s.c.e.EventListenerMethodProcessor     : 1 @EventListener methods processed on bean 'springDocSwaggerInitializer': {public void org.springdoc.core.events.SpringDocAppInitializer.init()=@org.springframework.context.event.EventListener(classes={org.springframework.boot.context.event.ApplicationReadyEvent.class}, condition="", defaultExecution=true, id="", value={org.springframework.boot.context.event.ApplicationReadyEvent.class})}
2026-07-26T13:27:21.271-04:00 DEBUG 29692 --- [lecturas] [restartedMain] o.s.c.support.DefaultLifecycleProcessor  : Starting beans in phase -2147483647
2026-07-26T13:27:21.271-04:00 DEBUG 29692 --- [lecturas] [restartedMain] o.s.c.support.DefaultLifecycleProcessor  : Successfully started bean 'springBootLoggingLifecycle'
2026-07-26T13:27:21.272-04:00 DEBUG 29692 --- [lecturas] [restartedMain] o.s.c.support.DefaultLifecycleProcessor  : Starting beans in phase 1073741823
2026-07-26T13:27:21.272-04:00 DEBUG 29692 --- [lecturas] [restartedMain] o.s.c.support.DefaultLifecycleProcessor  : Starting beans in phase 2147481599
2026-07-26T13:27:21.274-04:00  INFO 29692 --- [lecturas] [restartedMain] o.s.boot.tomcat.TomcatWebServer          : Tomcat started on port 8081 (http) with context path '/'
2026-07-26T13:27:21.274-04:00 DEBUG 29692 --- [lecturas] [restartedMain] o.s.c.support.DefaultLifecycleProcessor  : Successfully started bean 'webServerStartStop'
2026-07-26T13:27:21.274-04:00 DEBUG 29692 --- [lecturas] [restartedMain] o.s.c.support.DefaultLifecycleProcessor  : Starting beans in phase 2147482623
2026-07-26T13:27:21.274-04:00 DEBUG 29692 --- [lecturas] [restartedMain] o.s.c.support.DefaultLifecycleProcessor  : Successfully started bean 'webServerGracefulShutdown'
2026-07-26T13:27:21.276-04:00 DEBUG 29692 --- [lecturas] [restartedMain] .s.b.a.l.ConditionEvaluationReportLogger : 


============================
CONDITIONS EVALUATION REPORT
============================


Positive matches:
-----------------

   AopAutoConfiguration matched:
      - @ConditionalOnBooleanProperty (spring.aop.auto=true) matched (OnPropertyCondition)

   AopAutoConfiguration.AspectJAutoProxyingConfiguration matched:
      - @ConditionalOnClass found required class 'org.aspectj.weaver.Advice' (OnClassCondition)

   AopAutoConfiguration.AspectJAutoProxyingConfiguration.CglibAutoProxyConfiguration matched:
      - @ConditionalOnBooleanProperty (spring.aop.proxy-target-class=true) matched (OnPropertyCondition)

   ApplicationAvailabilityAutoConfiguration#applicationAvailability matched:
      - @ConditionalOnMissingBean (types: org.springframework.boot.availability.ApplicationAvailability; SearchStrategy: all) did not find any beans (OnBeanCondition)

   DataJpaRepositoriesAutoConfiguration matched:
      - @ConditionalOnClass found required class 'org.springframework.data.jpa.repository.JpaRepository' (OnClassCondition)
      - @ConditionalOnBooleanProperty (spring.data.jpa.repositories.enabled=true) matched (OnPropertyCondition)
      - @ConditionalOnBean (types: javax.sql.DataSource; SearchStrategy: all) found bean 'dataSource'; @ConditionalOnMissingBean (types: org.springframework.data.jpa.repository.support.JpaRepositoryFactoryBean,org.springframework.data.jpa.repository.config.JpaRepositoryConfigExtension; SearchStrategy: all) did not find any beans (OnBeanCondition)

   DataSourceAutoConfiguration matched:
      - @ConditionalOnClass found required classes 'javax.sql.DataSource', 'org.springframework.jdbc.datasource.embedded.EmbeddedDatabaseType' (OnClassCondition)
      - @ConditionalOnMissingBean (types: io.r2dbc.spi.ConnectionFactory; SearchStrategy: all) did not find any beans (OnBeanCondition)

   DataSourceAutoConfiguration.PooledDataSourceConfiguration matched:
      - AnyNestedCondition 1 matched 1 did not; NestedCondition on DataSourceAutoConfiguration.PooledDataSourceCondition.PooledDataSourceAvailable PooledDataSource found supported DataSource; NestedCondition on DataSourceAutoConfiguration.PooledDataSourceCondition.ExplicitType @ConditionalOnProperty (spring.datasource.type) did not find property 'spring.datasource.type' (DataSourceAutoConfiguration.PooledDataSourceCondition)
      - @ConditionalOnMissingBean (types: javax.sql.DataSource,javax.sql.XADataSource; SearchStrategy: all) did not find any beans (OnBeanCondition)

   DataSourceAutoConfiguration.PooledDataSourceConfiguration#jdbcConnectionDetails matched:
      - @ConditionalOnMissingBean (types: org.springframework.boot.jdbc.autoconfigure.JdbcConnectionDetails; SearchStrategy: all) did not find any beans (OnBeanCondition)

   DataSourceConfiguration.Hikari matched:
      - @ConditionalOnClass found required class 'com.zaxxer.hikari.HikariDataSource' (OnClassCondition)
      - @ConditionalOnProperty (spring.datasource.type=com.zaxxer.hikari.HikariDataSource) matched (OnPropertyCondition)
      - @ConditionalOnMissingBean (types: javax.sql.DataSource; SearchStrategy: all) did not find any beans (OnBeanCondition)

   DataSourceInitializationAutoConfiguration matched:
      - @ConditionalOnClass found required class 'org.springframework.jdbc.datasource.init.DatabasePopulator' (OnClassCondition)
      - SQL InitializationDatabase Initialization default value is EMBEDDED (OnSqlInitializationCondition)
      - @ConditionalOnSingleCandidate (types: javax.sql.DataSource; SearchStrategy: all) found a single bean 'dataSource'; @ConditionalOnMissingBean (types: org.springframework.boot.sql.autoconfigure.init.ApplicationScriptDatabaseInitializer; SearchStrategy: all) did not find any beans (OnBeanCondition)

   DataSourcePoolMetadataProvidersConfiguration.HikariPoolDataSourceMetadataProviderConfiguration matched:
      - @ConditionalOnClass found required class 'com.zaxxer.hikari.HikariDataSource' (OnClassCondition)

   DataSourceTransactionManagerAutoConfiguration matched:
      - @ConditionalOnClass found required classes 'javax.sql.DataSource', 'org.springframework.jdbc.core.JdbcTemplate', 'org.springframework.transaction.TransactionManager' (OnClassCondition)

   DataSourceTransactionManagerAutoConfiguration.JdbcTransactionManagerConfiguration matched:
      - @ConditionalOnSingleCandidate (types: javax.sql.DataSource; SearchStrategy: all) found a single bean 'dataSource' (OnBeanCondition)

   DataWebAutoConfiguration matched:
      - @ConditionalOnClass found required classes 'org.springframework.data.web.PageableHandlerMethodArgumentResolver', 'org.springframework.web.servlet.config.annotation.WebMvcConfigurer' (OnClassCondition)
      - found 'session' scope (OnWebApplicationCondition)
      - @ConditionalOnMissingBean (types: org.springframework.data.web.PageableHandlerMethodArgumentResolver; SearchStrategy: all) did not find any beans (OnBeanCondition)

   DataWebAutoConfiguration#pageableCustomizer matched:
      - @ConditionalOnMissingBean (types: org.springframework.data.web.config.PageableHandlerMethodArgumentResolverCustomizer; SearchStrategy: all) did not find any beans (OnBeanCondition)

   DataWebAutoConfiguration#sortCustomizer matched:
      - @ConditionalOnMissingBean (types: org.springframework.data.web.config.SortHandlerMethodArgumentResolverCustomizer; SearchStrategy: all) did not find any beans (OnBeanCondition)

   DataWebAutoConfiguration#springDataWebSettings matched:
      - @ConditionalOnMissingBean (types: org.springframework.data.web.config.SpringDataWebSettings; SearchStrategy: all) did not find any beans (OnBeanCondition)

   DevToolsDataSourceAutoConfiguration matched:
      - @ConditionalOnClass found required class 'javax.sql.DataSource' (OnClassCondition)
      - Devtools devtools enabled. (OnEnabledDevToolsCondition)
      - DevTools DataSource Condition found auto-configured DataSource (DevToolsDataSourceAutoConfiguration.DevToolsDataSourceCondition)

   DevToolsDataSourceAutoConfiguration.DatabaseShutdownExecutorEntityManagerFactoryDependsOnConfiguration matched:
      - @ConditionalOnClass found required classes 'org.springframework.boot.jpa.autoconfigure.EntityManagerFactoryDependsOnPostProcessor', 'org.springframework.orm.jpa.LocalContainerEntityManagerFactoryBean' (OnClassCondition)
      - @ConditionalOnBean (types: org.springframework.orm.jpa.AbstractEntityManagerFactoryBean; SearchStrategy: all) found bean '&entityManagerFactory' (OnBeanCondition)

   DispatcherServletAutoConfiguration matched:
      - @ConditionalOnClass found required class 'org.springframework.web.servlet.DispatcherServlet' (OnClassCondition)
      - found 'session' scope (OnWebApplicationCondition)

   DispatcherServletAutoConfiguration.DispatcherServletConfiguration matched:
      - @ConditionalOnClass found required class 'jakarta.servlet.ServletRegistration' (OnClassCondition)
      - Default DispatcherServlet did not find dispatcher servlet beans (DispatcherServletAutoConfiguration.DefaultDispatcherServletCondition)

   DispatcherServletAutoConfiguration.DispatcherServletRegistrationConfiguration matched:
      - @ConditionalOnClass found required class 'jakarta.servlet.ServletRegistration' (OnClassCondition)
      - DispatcherServlet Registration did not find servlet registration bean (DispatcherServletAutoConfiguration.DispatcherServletRegistrationCondition)

   DispatcherServletAutoConfiguration.DispatcherServletRegistrationConfiguration#dispatcherServletRegistration matched:
      - @ConditionalOnBean (names: dispatcherServlet types: org.springframework.web.servlet.DispatcherServlet; SearchStrategy: all) found bean 'dispatcherServlet' (OnBeanCondition)

   ErrorMvcAutoConfiguration matched:
      - @ConditionalOnClass found required classes 'jakarta.servlet.Servlet', 'org.springframework.web.servlet.DispatcherServlet' (OnClassCondition)
      - found 'session' scope (OnWebApplicationCondition)

   ErrorMvcAutoConfiguration#basicErrorController matched:
      - @ConditionalOnMissingBean (types: org.springframework.boot.webmvc.error.ErrorController; SearchStrategy: current) did not find any beans (OnBeanCondition)

   ErrorMvcAutoConfiguration#errorAttributes matched:
      - @ConditionalOnMissingBean (types: org.springframework.boot.webmvc.error.ErrorAttributes; SearchStrategy: current) did not find any beans (OnBeanCondition)

   ErrorMvcAutoConfiguration.DefaultErrorViewResolverConfiguration#conventionErrorViewResolver matched:
      - @ConditionalOnBean (types: org.springframework.web.servlet.DispatcherServlet; SearchStrategy: all) found bean 'dispatcherServlet'; @ConditionalOnMissingBean (types: org.springframework.boot.webmvc.autoconfigure.error.ErrorViewResolver; SearchStrategy: all) did not find any beans (OnBeanCondition)

   ErrorMvcAutoConfiguration.WhitelabelErrorViewConfiguration matched:
      - @ConditionalOnBooleanProperty (spring.web.error.whitelabel.enabled=true) matched (OnPropertyCondition)
      - ErrorTemplate Missing did not find error template view (ErrorMvcAutoConfiguration.ErrorTemplateMissingCondition)

   ErrorMvcAutoConfiguration.WhitelabelErrorViewConfiguration#beanNameViewResolver matched:
      - @ConditionalOnMissingBean (types: org.springframework.web.servlet.view.BeanNameViewResolver; SearchStrategy: all) did not find any beans (OnBeanCondition)

   ErrorMvcAutoConfiguration.WhitelabelErrorViewConfiguration#defaultErrorView matched:
      - @ConditionalOnMissingBean (names: error; SearchStrategy: all) did not find any beans (OnBeanCondition)

   FlywayAutoConfiguration matched:
      - @ConditionalOnClass found required class 'org.flywaydb.core.Flyway' (OnClassCondition)
      - @ConditionalOnBooleanProperty (spring.flyway.enabled=true) matched (OnPropertyCondition)
      - AnyNestedCondition 2 matched 1 did not; NestedCondition on FlywayAutoConfiguration.FlywayDataSourceCondition.FlywayUrlCondition @ConditionalOnProperty (spring.flyway.url) did not find property 'spring.flyway.url'; NestedCondition on FlywayAutoConfiguration.FlywayDataSourceCondition.JdbcConnectionDetailsCondition @ConditionalOnBean (types: org.springframework.boot.jdbc.autoconfigure.JdbcConnectionDetails; SearchStrategy: all) found bean 'jdbcConnectionDetails'; NestedCondition on FlywayAutoConfiguration.FlywayDataSourceCondition.DataSourceBeanCondition @ConditionalOnBean (types: javax.sql.DataSource; SearchStrategy: all) found bean 'dataSource' (FlywayAutoConfiguration.FlywayDataSourceCondition)

   FlywayAutoConfiguration.FlywayConfiguration matched:
      - @ConditionalOnClass found required class 'org.springframework.jdbc.support.JdbcUtils' (OnClassCondition)
      - @ConditionalOnMissingBean (types: org.flywaydb.core.Flyway; SearchStrategy: all) did not find any beans (OnBeanCondition)

   FlywayAutoConfiguration.FlywayConfiguration#flywayConnectionDetails matched:
      - @ConditionalOnMissingBean (types: org.springframework.boot.flyway.autoconfigure.FlywayConnectionDetails; SearchStrategy: all) did not find any beans (OnBeanCondition)

   FlywayAutoConfiguration.FlywayConfiguration#flywayInitializer matched:
      - @ConditionalOnMissingBean (types: org.springframework.boot.flyway.autoconfigure.FlywayMigrationInitializer; SearchStrategy: all) did not find any beans (OnBeanCondition)

   FlywayAutoConfiguration.FlywayConfiguration.PostgresqlConfiguration matched:
      - @ConditionalOnClass found required class 'org.flywaydb.database.postgresql.PostgreSQLConfigurationExtension' (OnClassCondition)

   HibernateJpaAutoConfiguration matched:
      - @ConditionalOnClass found required classes 'org.springframework.orm.jpa.LocalContainerEntityManagerFactoryBean', 'jakarta.persistence.EntityManager', 'org.hibernate.engine.spi.SessionImplementor' (OnClassCondition)

   HibernateJpaConfiguration matched:
      - @ConditionalOnSingleCandidate (types: javax.sql.DataSource; SearchStrategy: all) found a single bean 'dataSource' (OnBeanCondition)

   HttpEncodingAutoConfiguration matched:
      - @ConditionalOnClass found required class 'org.springframework.web.filter.CharacterEncodingFilter' (OnClassCondition)
      - found 'session' scope (OnWebApplicationCondition)
      - @ConditionalOnBooleanProperty (spring.servlet.encoding.enabled=true) matched (OnPropertyCondition)

   HttpEncodingAutoConfiguration#characterEncodingFilter matched:
      - @ConditionalOnMissingBean (types: org.springframework.web.filter.CharacterEncodingFilter; SearchStrategy: all) did not find any beans (OnBeanCondition)

   HttpMessageConvertersAutoConfiguration matched:
      - @ConditionalOnClass found required class 'org.springframework.http.converter.HttpMessageConverter' (OnClassCondition)
      - NoneNestedConditions 0 matched 1 did not; NestedCondition on HttpMessageConvertersAutoConfiguration.NotReactiveWebApplicationCondition.ReactiveWebApplication did not find reactive web application classes (HttpMessageConvertersAutoConfiguration.NotReactiveWebApplicationCondition)

   HttpMessageConvertersAutoConfiguration.StringHttpMessageConverterConfiguration#stringHttpMessageConvertersCustomizer matched:
      - @ConditionalOnMissingBean (types: org.springframework.http.converter.StringHttpMessageConverter; SearchStrategy: all) did not find any beans (OnBeanCondition)

   JacksonAutoConfiguration matched:
      - @ConditionalOnClass found required class 'tools.jackson.databind.json.JsonMapper' (OnClassCondition)

   JacksonAutoConfiguration#jacksonJsonMapper matched:
      - @ConditionalOnMissingBean (types: tools.jackson.databind.json.JsonMapper; SearchStrategy: all) did not find any beans (OnBeanCondition)

   JacksonAutoConfiguration#jsonMapperBuilder matched:
      - @ConditionalOnMissingBean (types: tools.jackson.databind.json.JsonMapper$Builder; SearchStrategy: all) did not find any beans (OnBeanCondition)

   JacksonAutoConfiguration.JsonProblemDetailsConfiguration matched:
      - @ConditionalOnClass found required class 'org.springframework.http.ProblemDetail' (OnClassCondition)

   JacksonHttpMessageConvertersConfiguration.JacksonJsonHttpMessageConverterConfiguration matched:
      - @ConditionalOnClass found required class 'tools.jackson.databind.json.JsonMapper' (OnClassCondition)
      - @ConditionalOnProperty (spring.http.converters.preferred-json-mapper=jackson) matched (OnPropertyCondition)
      - @ConditionalOnBean (types: tools.jackson.databind.json.JsonMapper; SearchStrategy: all) found bean 'jacksonJsonMapper' (OnBeanCondition)

   JacksonHttpMessageConvertersConfiguration.JacksonJsonHttpMessageConverterConfiguration#jacksonJsonHttpMessageConvertersCustomizer matched:
      - @ConditionalOnMissingBean (types: org.springframework.http.converter.json.JacksonJsonHttpMessageConverter ignored: org.springframework.hateoas.server.mvc.TypeConstrainedJacksonJsonHttpMessageConverter,org.springframework.data.rest.webmvc.alps.AlpsJacksonJsonHttpMessageConverter; SearchStrategy: all) did not find any beans (OnBeanCondition)

   JdbcClientAutoConfiguration matched:
      - @ConditionalOnSingleCandidate (types: org.springframework.jdbc.core.namedparam.NamedParameterJdbcTemplate; SearchStrategy: all) found a single bean 'namedParameterJdbcTemplate'; @ConditionalOnMissingBean (types: org.springframework.jdbc.core.simple.JdbcClient; SearchStrategy: all) did not find any beans (OnBeanCondition)

   JdbcTemplateAutoConfiguration matched:
      - @ConditionalOnClass found required classes 'javax.sql.DataSource', 'org.springframework.jdbc.core.JdbcTemplate' (OnClassCondition)
      - @ConditionalOnSingleCandidate (types: javax.sql.DataSource; SearchStrategy: all) found a single bean 'dataSource' (OnBeanCondition)

   JdbcTemplateConfiguration matched:
      - @ConditionalOnMissingBean (types: org.springframework.jdbc.core.JdbcOperations; SearchStrategy: all) did not find any beans (OnBeanCondition)

   JpaBaseConfiguration#entityManagerFactory matched:
      - @ConditionalOnMissingBean (types: org.springframework.orm.jpa.LocalContainerEntityManagerFactoryBean,jakarta.persistence.EntityManagerFactory; SearchStrategy: all) did not find any beans (OnBeanCondition)

   JpaBaseConfiguration#entityManagerFactoryBuilder matched:
      - @ConditionalOnMissingBean (types: org.springframework.boot.jpa.EntityManagerFactoryBuilder; SearchStrategy: all) did not find any beans (OnBeanCondition)

   JpaBaseConfiguration#jpaVendorAdapter matched:
      - @ConditionalOnMissingBean (types: org.springframework.orm.jpa.JpaVendorAdapter; SearchStrategy: all) did not find any beans (OnBeanCondition)

   JpaBaseConfiguration#transactionManager matched:
      - @ConditionalOnMissingBean (types: org.springframework.transaction.TransactionManager; SearchStrategy: all) did not find any beans (OnBeanCondition)

   JpaBaseConfiguration.JpaWebConfiguration matched:
      - @ConditionalOnClass found required class 'org.springframework.web.servlet.config.annotation.WebMvcConfigurer' (OnClassCondition)
      - found 'session' scope (OnWebApplicationCondition)
      - @ConditionalOnBooleanProperty (spring.jpa.open-in-view=true) matched (OnPropertyCondition)
      - @ConditionalOnMissingBean (types: org.springframework.orm.jpa.support.OpenEntityManagerInViewInterceptor,org.springframework.orm.jpa.support.OpenEntityManagerInViewFilter; SearchStrategy: all) did not find any beans (OnBeanCondition)

   JpaBaseConfiguration.PersistenceManagedTypesConfiguration matched:
      - @ConditionalOnMissingBean (types: org.springframework.orm.jpa.LocalContainerEntityManagerFactoryBean,jakarta.persistence.EntityManagerFactory; SearchStrategy: all) did not find any beans (OnBeanCondition)

   JpaBaseConfiguration.PersistenceManagedTypesConfiguration#persistenceManagedTypes matched:
      - @ConditionalOnMissingBean (types: org.springframework.orm.jpa.persistenceunit.PersistenceManagedTypes; SearchStrategy: all) did not find any beans (OnBeanCondition)

   JtaAutoConfiguration matched:
      - @ConditionalOnClass found required class 'jakarta.transaction.Transaction' (OnClassCondition)
      - @ConditionalOnBooleanProperty (spring.jta.enabled=true) matched (OnPropertyCondition)

   LifecycleAutoConfiguration#defaultLifecycleProcessor matched:
      - @ConditionalOnMissingBean (names: lifecycleProcessor; SearchStrategy: current) did not find any beans (OnBeanCondition)

   LocalDevToolsAutoConfiguration matched:
      - Initialized Restarter Condition available and initialized (OnInitializedRestarterCondition)

   LocalDevToolsAutoConfiguration.RestartConfiguration matched:
      - @ConditionalOnBooleanProperty (spring.devtools.restart.enabled=true) matched (OnPropertyCondition)

   LocalDevToolsAutoConfiguration.RestartConfiguration#classPathFileSystemWatcher matched:
      - @ConditionalOnMissingBean (types: org.springframework.boot.devtools.classpath.ClassPathFileSystemWatcher; SearchStrategy: all) did not find any beans (OnBeanCondition)

   LocalDevToolsAutoConfiguration.RestartConfiguration#classPathRestartStrategy matched:
      - @ConditionalOnMissingBean (types: org.springframework.boot.devtools.classpath.ClassPathRestartStrategy; SearchStrategy: all) did not find any beans (OnBeanCondition)

   LocalDevToolsAutoConfiguration.RestartConfiguration#conditionEvaluationDeltaLoggingListener matched:
      - @ConditionalOnBooleanProperty (spring.devtools.restart.log-condition-evaluation-delta=true) matched (OnPropertyCondition)

   MultipartAutoConfiguration matched:
      - @ConditionalOnClass found required classes 'jakarta.servlet.Servlet', 'org.springframework.web.multipart.support.StandardServletMultipartResolver', 'jakarta.servlet.MultipartConfigElement' (OnClassCondition)
      - found 'session' scope (OnWebApplicationCondition)
      - @ConditionalOnBooleanProperty (spring.servlet.multipart.enabled=true) matched (OnPropertyCondition)

   MultipartAutoConfiguration#multipartConfigElement matched:
      - @ConditionalOnMissingBean (types: jakarta.servlet.MultipartConfigElement; SearchStrategy: all) did not find any beans (OnBeanCondition)

   MultipartAutoConfiguration#multipartResolver matched:
      - @ConditionalOnMissingBean (types: org.springframework.web.multipart.MultipartResolver; SearchStrategy: all) did not find any beans (OnBeanCondition)

   NamedParameterJdbcTemplateConfiguration matched:
      - @ConditionalOnSingleCandidate (types: org.springframework.jdbc.core.JdbcTemplate; SearchStrategy: all) found a single bean 'jdbcTemplate'; @ConditionalOnMissingBean (types: org.springframework.jdbc.core.namedparam.NamedParameterJdbcOperations; SearchStrategy: all) did not find any beans (OnBeanCondition)

   PersistenceExceptionTranslationAutoConfiguration matched:
      - @ConditionalOnClass found required class 'org.springframework.dao.annotation.PersistenceExceptionTranslationPostProcessor' (OnClassCondition)

   PersistenceExceptionTranslationAutoConfiguration#persistenceExceptionTranslationPostProcessor matched:
      - @ConditionalOnBooleanProperty (spring.persistence.exceptiontranslation.enabled=true) matched (OnPropertyCondition)
      - @ConditionalOnMissingBean (types: org.springframework.dao.annotation.PersistenceExceptionTranslationPostProcessor; SearchStrategy: all) did not find any beans (OnBeanCondition)

   PropertyPlaceholderAutoConfiguration#propertySourcesPlaceholderConfigurer matched:
      - @ConditionalOnMissingBean (types: org.springframework.context.support.PropertySourcesPlaceholderConfigurer; SearchStrategy: current) did not find any beans (OnBeanCondition)

   SpringDocConfigProperties matched:
      - @ConditionalOnProperty (springdoc.api-docs.enabled) matched (OnPropertyCondition)
      - @ConditionalOnBean (types: org.springdoc.core.configuration.SpringDocConfiguration; SearchStrategy: all) found bean 'org.springdoc.core.configuration.SpringDocConfiguration' (OnBeanCondition)

   SpringDocConfiguration matched:
      - @ConditionalOnWebApplication (required) found 'session' scope (OnWebApplicationCondition)
      - @ConditionalOnProperty (springdoc.api-docs.enabled) matched (OnPropertyCondition)

   SpringDocConfiguration#fileSupportConverter matched:
      - @ConditionalOnMissingBean (types: org.springdoc.core.converters.FileSupportConverter; SearchStrategy: all) did not find any beans (OnBeanCondition)

   SpringDocConfiguration#globalOpenApiCustomizer matched:
      - @ConditionalOnMissingBean (names: globalOpenApiCustomizer; SearchStrategy: all) did not find any beans (OnBeanCondition)

   SpringDocConfiguration#initExtraSchemas matched:
      - @ConditionalOnProperty (springdoc.enable-extra-schemas) matched (OnPropertyCondition)

   SpringDocConfiguration#methodParameterPojoExtractor matched:
      - @ConditionalOnMissingBean (types: org.springdoc.core.extractor.MethodParameterPojoExtractor; SearchStrategy: all) did not find any beans (OnBeanCondition)

   SpringDocConfiguration#openAPIBuilder matched:
      - @ConditionalOnMissingBean (types: org.springdoc.core.service.OpenAPIService; SearchStrategy: all) did not find any beans (OnBeanCondition)

   SpringDocConfiguration#operationBuilder matched:
      - @ConditionalOnMissingBean (types: org.springdoc.core.service.OperationService; SearchStrategy: all) did not find any beans (OnBeanCondition)

   SpringDocConfiguration#parameterBuilder matched:
      - @ConditionalOnMissingBean (types: org.springdoc.core.service.GenericParameterService; SearchStrategy: all) did not find any beans (OnBeanCondition)

   SpringDocConfiguration#parameterObjectNamingStrategyCustomizer matched:
      - @ConditionalOnMissingBean (types: org.springdoc.core.customizers.ParameterObjectNamingStrategyCustomizer; SearchStrategy: all) did not find any beans (OnBeanCondition)

   SpringDocConfiguration#polymorphicModelConverter matched:
      - @ConditionalOnProperty (springdoc.model-converters.polymorphic-converter.enabled) matched (OnPropertyCondition)
      - @ConditionalOnMissingBean (types: org.springdoc.core.converters.PolymorphicModelConverter; SearchStrategy: all) did not find any beans (OnBeanCondition)

   SpringDocConfiguration#requestBodyBuilder matched:
      - @ConditionalOnMissingBean (types: org.springdoc.core.service.RequestBodyService; SearchStrategy: all) did not find any beans (OnBeanCondition)

   SpringDocConfiguration#responseSupportConverter matched:
      - @ConditionalOnMissingBean (types: org.springdoc.core.converters.ResponseSupportConverter; SearchStrategy: all) did not find any beans (OnBeanCondition)

   SpringDocConfiguration#schemaPropertyDeprecatingConverter matched:
      - @ConditionalOnProperty (springdoc.model-converters.deprecating-converter.enabled) matched (OnPropertyCondition)
      - @ConditionalOnMissingBean (types: org.springdoc.core.converters.SchemaPropertyDeprecatingConverter; SearchStrategy: all) did not find any beans (OnBeanCondition)

   SpringDocConfiguration#schemaUtils matched:
      - @ConditionalOnMissingBean (types: org.springdoc.core.utils.SchemaUtils; SearchStrategy: all) did not find any beans (OnBeanCondition)

   SpringDocConfiguration#securityParser matched:
      - @ConditionalOnMissingBean (types: org.springdoc.core.service.SecurityService; SearchStrategy: all) did not find any beans (OnBeanCondition)

   SpringDocConfiguration#springDocAppInitializer matched:
      - @ConditionalOnMissingBean (names: springDocAppInitializer; SearchStrategy: all) did not find any beans (OnBeanCondition)

   SpringDocConfiguration#springDocCustomizers matched:
      - @ConditionalOnMissingBean (types: org.springdoc.core.customizers.SpringDocCustomizers; SearchStrategy: all) did not find any beans (OnBeanCondition)

   SpringDocConfiguration#springDocProviders matched:
      - @ConditionalOnMissingBean (types: org.springdoc.core.providers.SpringDocProviders; SearchStrategy: all) did not find any beans (OnBeanCondition)

   SpringDocConfiguration#springdocObjectMapperProvider matched:
      - @ConditionalOnMissingBean (types: org.springdoc.core.providers.ObjectMapperProvider; SearchStrategy: all) did not find any beans (OnBeanCondition)

   SpringDocConfiguration.QuerydslProvider matched:
      - @ConditionalOnClass found required class 'org.springframework.data.querydsl.binding.QuerydslBindingsFactory' (OnClassCondition)

   SpringDocConfiguration.QuerydslProvider#queryDslQuerydslPredicateOperationCustomizer matched:
      - @ConditionalOnMissingBean (types: org.springdoc.core.customizers.QuerydslPredicateOperationCustomizer; SearchStrategy: all) did not find any beans (OnBeanCondition)

   SpringDocConfiguration.SpringDocSpringDataWebPropertiesProvider matched:
      - @ConditionalOnClass found required class 'org.springframework.boot.data.autoconfigure.web.DataWebProperties' (OnClassCondition)

   SpringDocConfiguration.SpringDocSpringDataWebPropertiesProvider#springDataWebPropertiesProvider matched:
      - @ConditionalOnMissingBean (types: org.springdoc.core.providers.SpringDataWebPropertiesProvider; SearchStrategy: all) did not find any beans (OnBeanCondition)

   SpringDocConfiguration.WebConversionServiceConfiguration matched:
      - @ConditionalOnClass found required class 'org.springframework.boot.autoconfigure.web.format.WebConversionService' (OnClassCondition)

   SpringDocPageableConfiguration matched:
      - @ConditionalOnClass found required class 'org.springframework.data.domain.Pageable' (OnClassCondition)
      - @ConditionalOnWebApplication (required) found 'session' scope (OnWebApplicationCondition)
      - @ConditionalOnProperty (springdoc.api-docs.enabled) matched (OnPropertyCondition)
      - @ConditionalOnBean (types: org.springdoc.core.configuration.SpringDocConfiguration; SearchStrategy: all) found bean 'org.springdoc.core.configuration.SpringDocConfiguration' (OnBeanCondition)

   SpringDocPageableConfiguration#dataRestDelegatingMethodParameterCustomizer matched:
      - @ConditionalOnMissingBean (types: org.springdoc.core.customizers.DataRestDelegatingMethodParameterCustomizer; SearchStrategy: all) did not find any beans (OnBeanCondition)

   SpringDocPageableConfiguration#pageOpenAPIConverter matched:
      - @ConditionalOnClass found required classes 'org.springframework.data.web.PagedModel', 'org.springframework.data.web.config.SpringDataWebSettings' (OnClassCondition)
      - @ConditionalOnMissingBean (types: org.springdoc.core.converters.PageOpenAPIConverter; SearchStrategy: all) did not find any beans (OnBeanCondition)

   SpringDocPageableConfiguration#pageableOpenAPIConverter matched:
      - @ConditionalOnProperty (springdoc.model-converters.pageable-converter.enabled) matched (OnPropertyCondition)
      - @ConditionalOnMissingBean (types: org.springdoc.core.converters.PageableOpenAPIConverter; SearchStrategy: all) did not find any beans (OnBeanCondition)

   SpringDocSortConfiguration matched:
      - @ConditionalOnClass found required class 'org.springframework.data.domain.Sort' (OnClassCondition)
      - @ConditionalOnWebApplication (required) found 'session' scope (OnWebApplicationCondition)
      - @ConditionalOnProperty (springdoc.api-docs.enabled) matched (OnPropertyCondition)
      - @ConditionalOnBean (types: org.springdoc.core.configuration.SpringDocConfiguration; SearchStrategy: all) found bean 'org.springdoc.core.configuration.SpringDocConfiguration' (OnBeanCondition)

   SpringDocSortConfiguration#sortOpenAPIConverter matched:
      - @ConditionalOnProperty (springdoc.sort-converter.enabled) matched (OnPropertyCondition)
      - @ConditionalOnMissingBean (types: org.springdoc.core.converters.SortOpenAPIConverter; SearchStrategy: all) did not find any beans (OnBeanCondition)

   SpringDocWebMvcConfiguration matched:
      - found 'session' scope (OnWebApplicationCondition)
      - @ConditionalOnProperty (springdoc.api-docs.enabled) matched (OnPropertyCondition)
      - @ConditionalOnBean (types: org.springdoc.core.configuration.SpringDocConfiguration; SearchStrategy: all) found bean 'org.springdoc.core.configuration.SpringDocConfiguration' (OnBeanCondition)

   SpringDocWebMvcConfiguration#openApiResource matched:
      - @ConditionalOnExpression (#{(${springdoc.use-management-port:false} == false ) and ${springdoc.enable-default-api-docs:true}}) resulted in true (OnExpressionCondition)
      - @ConditionalOnMissingBean (types: org.springdoc.webmvc.api.OpenApiWebMvcResource; SearchStrategy: all) did not find any beans (OnBeanCondition)

   SpringDocWebMvcConfiguration#requestBuilder matched:
      - @ConditionalOnMissingBean (types: org.springdoc.webmvc.core.service.RequestService; SearchStrategy: all) did not find any beans (OnBeanCondition)

   SpringDocWebMvcConfiguration#responseBuilder matched:
      - @ConditionalOnMissingBean (types: org.springdoc.core.service.GenericResponseService; SearchStrategy: all) did not find any beans (OnBeanCondition)

   SpringDocWebMvcConfiguration#springWebProvider matched:
      - @ConditionalOnMissingBean (types: org.springdoc.core.providers.SpringWebProvider; SearchStrategy: all) did not find any beans (OnBeanCondition)

   SpringDocWebMvcConfiguration.SpringDocWebMvcActuatorConfiguration matched:
      - @ConditionalOnClass found required class 'org.springframework.boot.webmvc.actuate.endpoint.web.WebMvcEndpointHandlerMapping' (OnClassCondition)

   SpringDocWebMvcConfiguration.SpringDocWebMvcRouterConfiguration matched:
      - @ConditionalOnClass found required class 'org.springframework.web.servlet.function.RouterFunction' (OnClassCondition)

   SpringDocWebMvcConfiguration.SpringDocWebMvcRouterConfiguration#routerFunctionProvider matched:
      - @ConditionalOnMissingBean (types: org.springdoc.webmvc.core.providers.RouterFunctionWebMvcProvider; SearchStrategy: all) did not find any beans (OnBeanCondition)

   SpringDocWebServerConfiguration.EmbeddedWebServerConfiguration matched:
      - @ConditionalOnClass found required classes 'org.springframework.boot.web.server.context.WebServerInitializedEvent', 'org.springframework.boot.web.server.autoconfigure.ServerProperties' (OnClassCondition)

   SslAutoConfiguration#sslBundleRegistry matched:
      - @ConditionalOnMissingBean (types: org.springframework.boot.ssl.SslBundleRegistry,org.springframework.boot.ssl.SslBundles; SearchStrategy: all) did not find any beans (OnBeanCondition)

   SwaggerConfig matched:
      - found 'session' scope (OnWebApplicationCondition)
      - @ConditionalOnProperty (springdoc.swagger-ui.enabled) matched (OnPropertyCondition)
      - @ConditionalOnBean (types: org.springdoc.core.configuration.SpringDocConfiguration; SearchStrategy: all) found bean 'org.springdoc.core.configuration.SpringDocConfiguration' (OnBeanCondition)

   SwaggerConfig#indexPageTransformer matched:
      - @ConditionalOnMissingBean (types: org.springdoc.webmvc.ui.SwaggerIndexTransformer; SearchStrategy: all) did not find any beans (OnBeanCondition)

   SwaggerConfig#springDocSwaggerInitializer matched:
      - @ConditionalOnProperty (springdoc.use-management-port=false) matched (OnPropertyCondition)
      - @ConditionalOnMissingBean (names: springDocSwaggerInitializer; SearchStrategy: all) did not find any beans (OnBeanCondition)

   SwaggerConfig#swaggerConfigResource matched:
      - @ConditionalOnProperty (springdoc.use-management-port=false) matched (OnPropertyCondition)
      - @ConditionalOnMissingBean (types: org.springdoc.webmvc.ui.SwaggerConfigResource; SearchStrategy: all) did not find any beans (OnBeanCondition)

   SwaggerConfig#swaggerResourceResolver matched:
      - @ConditionalOnMissingBean (types: org.springdoc.webmvc.ui.SwaggerResourceResolver; SearchStrategy: all) did not find any beans (OnBeanCondition)

   SwaggerConfig#swaggerWebMvcConfigurer matched:
      - @ConditionalOnMissingBean (types: org.springdoc.webmvc.ui.SwaggerWebMvcConfigurer; SearchStrategy: all) did not find any beans (OnBeanCondition)

   SwaggerConfig#swaggerWelcome matched:
      - @ConditionalOnProperty (springdoc.use-management-port=false) matched (OnPropertyCondition)
      - @ConditionalOnMissingBean (types: org.springdoc.webmvc.ui.SwaggerWelcomeWebMvc; SearchStrategy: all) did not find any beans (OnBeanCondition)

   SwaggerUiConfigProperties matched:
      - @ConditionalOnProperty (springdoc.swagger-ui.enabled) matched (OnPropertyCondition)
      - @ConditionalOnBean (types: org.springdoc.core.configuration.SpringDocConfiguration; SearchStrategy: all) found bean 'org.springdoc.core.configuration.SpringDocConfiguration' (OnBeanCondition)

   SwaggerUiOAuthProperties matched:
      - @ConditionalOnProperty (springdoc.swagger-ui.enabled) matched (OnPropertyCondition)
      - @ConditionalOnBean (types: org.springdoc.core.configuration.SpringDocConfiguration; SearchStrategy: all) found bean 'org.springdoc.core.configuration.SpringDocConfiguration' (OnBeanCondition)

   TaskExecutionAutoConfiguration matched:
      - @ConditionalOnClass found required class 'org.springframework.scheduling.concurrent.ThreadPoolTaskExecutor' (OnClassCondition)

   TaskExecutorConfigurations.AsyncConfigurerConfiguration matched:
      - @ConditionalOnMissingBean (types: org.springframework.scheduling.annotation.AsyncConfigurer; SearchStrategy: all) did not find any beans (OnBeanCondition)

   TaskExecutorConfigurations.SimpleAsyncTaskExecutorBuilderConfiguration#simpleAsyncTaskExecutorBuilder matched:
      - @ConditionalOnMissingBean (types: org.springframework.boot.task.SimpleAsyncTaskExecutorBuilder; SearchStrategy: all) did not find any beans (OnBeanCondition)
      - @ConditionalOnThreading found PLATFORM (OnThreadingCondition)

   TaskExecutorConfigurations.TaskExecutorConfiguration matched:
      - AnyNestedCondition 1 matched 1 did not; NestedCondition on TaskExecutorConfigurations.OnExecutorCondition.ModelCondition @ConditionalOnProperty (spring.task.execution.mode=force) did not find property 'spring.task.execution.mode'; NestedCondition on TaskExecutorConfigurations.OnExecutorCondition.ExecutorBeanCondition @ConditionalOnMissingBean (types: java.util.concurrent.Executor; SearchStrategy: all) did not find any beans (TaskExecutorConfigurations.OnExecutorCondition)

   TaskExecutorConfigurations.TaskExecutorConfiguration#applicationTaskExecutor matched:
      - @ConditionalOnThreading found PLATFORM (OnThreadingCondition)

   TaskExecutorConfigurations.ThreadPoolTaskExecutorBuilderConfiguration#threadPoolTaskExecutorBuilder matched:
      - @ConditionalOnMissingBean (types: org.springframework.boot.task.ThreadPoolTaskExecutorBuilder; SearchStrategy: all) did not find any beans (OnBeanCondition)

   TaskSchedulingAutoConfiguration matched:
      - @ConditionalOnClass found required class 'org.springframework.scheduling.concurrent.ThreadPoolTaskScheduler' (OnClassCondition)

   TaskSchedulingConfigurations.SimpleAsyncTaskSchedulerBuilderConfiguration#simpleAsyncTaskSchedulerBuilder matched:
      - @ConditionalOnMissingBean (types: org.springframework.boot.task.SimpleAsyncTaskSchedulerBuilder; SearchStrategy: all) did not find any beans (OnBeanCondition)
      - @ConditionalOnThreading found PLATFORM (OnThreadingCondition)

   TaskSchedulingConfigurations.ThreadPoolTaskSchedulerBuilderConfiguration#threadPoolTaskSchedulerBuilder matched:
      - @ConditionalOnMissingBean (types: org.springframework.boot.task.ThreadPoolTaskSchedulerBuilder; SearchStrategy: all) did not find any beans (OnBeanCondition)

   TomcatServletWebServerAutoConfiguration matched:
      - @ConditionalOnClass found required classes 'jakarta.servlet.ServletRequest', 'org.apache.catalina.startup.Tomcat', 'org.apache.coyote.UpgradeProtocol', 'org.springframework.boot.tomcat.servlet.TomcatServletWebServerFactory' (OnClassCondition)
      - found 'session' scope (OnWebApplicationCondition)

   TomcatServletWebServerAutoConfiguration#tomcatServletWebServerFactory matched:
      - @ConditionalOnMissingBean (types: org.springframework.boot.web.server.servlet.ServletWebServerFactory; SearchStrategy: current) did not find any beans (OnBeanCondition)

   TomcatWebServerConfiguration matched:
      - @ConditionalOnWarDeployment the application is not deployed as a WAR file. (OnWarDeploymentCondition)

   TomcatWebServerConfiguration.TomcatWebSocketConfiguration matched:
      - @ConditionalOnClass found required class 'org.apache.tomcat.websocket.server.WsSci' (OnClassCondition)

   TransactionAutoConfiguration matched:
      - @ConditionalOnClass found required class 'org.springframework.transaction.PlatformTransactionManager' (OnClassCondition)

   TransactionAutoConfiguration.EnableTransactionManagementConfiguration matched:
      - @ConditionalOnBean (types: org.springframework.transaction.TransactionManager; SearchStrategy: all) found bean 'transactionManager'; @ConditionalOnMissingBean (types: org.springframework.transaction.annotation.AbstractTransactionManagementConfiguration; SearchStrategy: all) did not find any beans (OnBeanCondition)

   TransactionAutoConfiguration.EnableTransactionManagementConfiguration.CglibAutoProxyConfiguration matched:
      - @ConditionalOnBooleanProperty (spring.aop.proxy-target-class=true) matched (OnPropertyCondition)

   TransactionAutoConfiguration.TransactionTemplateConfiguration matched:
      - @ConditionalOnSingleCandidate (types: org.springframework.transaction.PlatformTransactionManager; SearchStrategy: all) found a single bean 'transactionManager' (OnBeanCondition)

   TransactionAutoConfiguration.TransactionTemplateConfiguration#transactionTemplate matched:
      - @ConditionalOnMissingBean (types: org.springframework.transaction.support.TransactionOperations; SearchStrategy: all) did not find any beans (OnBeanCondition)

   TransactionManagerCustomizationAutoConfiguration matched:
      - @ConditionalOnClass found required class 'org.springframework.transaction.PlatformTransactionManager' (OnClassCondition)

   TransactionManagerCustomizationAutoConfiguration#platformTransactionManagerCustomizers matched:
      - @ConditionalOnMissingBean (types: org.springframework.boot.transaction.autoconfigure.TransactionManagerCustomizers; SearchStrategy: all) did not find any beans (OnBeanCondition)

   ValidationAutoConfiguration matched:
      - @ConditionalOnClass found required class 'jakarta.validation.executable.ExecutableValidator' (OnClassCondition)
      - @ConditionalOnResource found location classpath:META-INF/services/jakarta.validation.spi.ValidationProvider (OnResourceCondition)

   ValidationAutoConfiguration#defaultValidator matched:
      - @ConditionalOnMissingBean (types: jakarta.validation.Validator; SearchStrategy: all) did not find any beans (OnBeanCondition)

   ValidationAutoConfiguration#methodValidationPostProcessor matched:
      - @ConditionalOnMissingBean (types: org.springframework.validation.beanvalidation.MethodValidationPostProcessor; SearchStrategy: current) did not find any beans (OnBeanCondition)

   WebMvcAutoConfiguration matched:
      - @ConditionalOnClass found required classes 'jakarta.servlet.Servlet', 'org.springframework.web.servlet.DispatcherServlet', 'org.springframework.web.servlet.config.annotation.WebMvcConfigurer' (OnClassCondition)
      - found 'session' scope (OnWebApplicationCondition)
      - @ConditionalOnMissingBean (types: org.springframework.web.servlet.config.annotation.WebMvcConfigurationSupport; SearchStrategy: all) did not find any beans (OnBeanCondition)

   WebMvcAutoConfiguration#formContentFilter matched:
      - @ConditionalOnBooleanProperty (spring.mvc.formcontent.filter.enabled=true) matched (OnPropertyCondition)
      - @ConditionalOnMissingBean (types: org.springframework.web.filter.FormContentFilter; SearchStrategy: all) did not find any beans (OnBeanCondition)

   WebMvcAutoConfiguration.EnableWebMvcConfiguration#flashMapManager matched:
      - @ConditionalOnMissingBean (names: flashMapManager; SearchStrategy: all) did not find any beans (OnBeanCondition)

   WebMvcAutoConfiguration.EnableWebMvcConfiguration#localeResolver matched:
      - @ConditionalOnMissingBean (names: localeResolver; SearchStrategy: all) did not find any beans (OnBeanCondition)

   WebMvcAutoConfiguration.EnableWebMvcConfiguration#viewNameTranslator matched:
      - @ConditionalOnMissingBean (names: viewNameTranslator; SearchStrategy: all) did not find any beans (OnBeanCondition)

   WebMvcAutoConfiguration.ResourceChainCustomizerConfiguration matched:
      - @ConditionalOnEnabledResourceChain found class org.webjars.WebJarVersionLocator (OnEnabledResourceChainCondition)

   WebMvcAutoConfiguration.WebMvcAutoConfigurationAdapter#defaultViewResolver matched:
      - @ConditionalOnMissingBean (types: org.springframework.web.servlet.view.InternalResourceViewResolver; SearchStrategy: all) did not find any beans (OnBeanCondition)

   WebMvcAutoConfiguration.WebMvcAutoConfigurationAdapter#requestContextFilter matched:
      - @ConditionalOnMissingBean (types: org.springframework.web.context.request.RequestContextListener,org.springframework.web.filter.RequestContextFilter; SearchStrategy: all) did not find any beans (OnBeanCondition)

   WebMvcAutoConfiguration.WebMvcAutoConfigurationAdapter#viewResolver matched:
      - @ConditionalOnBean (types: org.springframework.web.servlet.ViewResolver; SearchStrategy: all) found beans 'defaultViewResolver', 'beanNameViewResolver', 'mvcViewResolver'; @ConditionalOnMissingBean (names: viewResolver types: org.springframework.web.servlet.view.ContentNegotiatingViewResolver; SearchStrategy: all) did not find any beans (OnBeanCondition)


Negative matches:
-----------------

   AopAutoConfiguration.AspectJAutoProxyingConfiguration.JdkDynamicAutoProxyConfiguration:
      Did not match:
         - @ConditionalOnBooleanProperty (spring.aop.proxy-target-class=false) did not find property 'spring.aop.proxy-target-class' (OnPropertyCondition)

   AopAutoConfiguration.ClassProxyingConfiguration:
      Did not match:
         - @ConditionalOnMissingClass found unwanted class 'org.aspectj.weaver.Advice' (OnClassCondition)

   DataJpaRepositoriesAutoConfiguration#entityManagerFactoryBootstrapExecutorCustomizer:
      Did not match:
         - AnyNestedCondition 0 matched 2 did not; NestedCondition on DataJpaRepositoriesAutoConfiguration.BootstrapExecutorCondition.LazyBootstrapMode @ConditionalOnProperty (spring.data.jpa.repositories.bootstrap-mode=lazy) did not find property 'spring.data.jpa.repositories.bootstrap-mode'; NestedCondition on DataJpaRepositoriesAutoConfiguration.BootstrapExecutorCondition.DeferredBootstrapMode @ConditionalOnProperty (spring.data.jpa.repositories.bootstrap-mode=deferred) did not find property 'spring.data.jpa.repositories.bootstrap-mode' (DataJpaRepositoriesAutoConfiguration.BootstrapExecutorCondition)

   DataRepositoryMetricsAutoConfiguration:
      Did not match:
         - @ConditionalOnBean did not find required type 'io.micrometer.core.instrument.MeterRegistry' (OnBeanCondition)

   DataSourceAutoConfiguration.EmbeddedDatabaseConfiguration:
      Did not match:
         - EmbeddedDataSource spring.datasource.url is set (DataSourceAutoConfiguration.EmbeddedDatabaseCondition)

   DataSourceCheckpointRestoreConfiguration:
      Did not match:
         - @ConditionalOnClass did not find required class 'org.crac.Resource' (OnClassCondition)

   DataSourceConfiguration.Dbcp2:
      Did not match:
         - @ConditionalOnClass did not find required class 'org.apache.commons.dbcp2.BasicDataSource' (OnClassCondition)

   DataSourceConfiguration.Generic:
      Did not match:
         - @ConditionalOnProperty (spring.datasource.type) did not find property 'spring.datasource.type' (OnPropertyCondition)

   DataSourceConfiguration.OracleUcp:
      Did not match:
         - @ConditionalOnClass did not find required classes 'oracle.ucp.jdbc.PoolDataSourceImpl', 'oracle.jdbc.OracleConnection' (OnClassCondition)

   DataSourceConfiguration.Tomcat:
      Did not match:
         - @ConditionalOnClass did not find required class 'org.apache.tomcat.jdbc.pool.DataSource' (OnClassCondition)

   DataSourceHealthContributorAutoConfiguration:
      Did not match:
         - @ConditionalOnClass did not find required class 'org.springframework.boot.health.autoconfigure.contributor.ConditionalOnEnabledHealthIndicator' (OnClassCondition)

   DataSourceJmxConfiguration:
      Did not match:
         - @ConditionalOnBooleanProperty (spring.jmx.enabled=true) did not find property 'spring.jmx.enabled' (OnPropertyCondition)

   DataSourcePoolMetadataProvidersConfiguration.CommonsDbcp2PoolDataSourceMetadataProviderConfiguration:
      Did not match:
         - @ConditionalOnClass did not find required class 'org.apache.commons.dbcp2.BasicDataSource' (OnClassCondition)

   DataSourcePoolMetadataProvidersConfiguration.OracleUcpPoolDataSourceMetadataProviderConfiguration:
      Did not match:
         - @ConditionalOnClass did not find required classes 'oracle.ucp.jdbc.PoolDataSource', 'oracle.jdbc.OracleConnection' (OnClassCondition)

   DataSourcePoolMetadataProvidersConfiguration.TomcatDataSourcePoolMetadataProviderConfiguration:
      Did not match:
         - @ConditionalOnClass did not find required class 'org.apache.tomcat.jdbc.pool.DataSource' (OnClassCondition)

   DataSourcePoolMetricsAutoConfiguration:
      Did not match:
         - @ConditionalOnClass did not find required class 'io.micrometer.core.instrument.MeterRegistry' (OnClassCondition)

   DataSourceTransactionManagerAutoConfiguration.JdbcTransactionManagerConfiguration#transactionManager:
      Did not match:
         - @ConditionalOnMissingBean (types: org.springframework.transaction.TransactionManager; SearchStrategy: all) found beans of type 'org.springframework.transaction.TransactionManager' transactionManager (OnBeanCondition)

   DevToolsR2dbcAutoConfiguration:
      Did not match:
         - @ConditionalOnClass did not find required class 'io.r2dbc.spi.ConnectionFactory' (OnClassCondition)

   DispatcherServletAutoConfiguration.DispatcherServletConfiguration#multipartResolver:
      Did not match:
         - @ConditionalOnBean (types: org.springframework.web.multipart.MultipartResolver; SearchStrategy: all) did not find any beans of type org.springframework.web.multipart.MultipartResolver (OnBeanCondition)

   FlywayAutoConfiguration.FlywayConfiguration.OracleConfiguration:
      Did not match:
         - @ConditionalOnClass did not find required class 'org.flywaydb.database.oracle.OracleConfigurationExtension' (OnClassCondition)

   FlywayAutoConfiguration.FlywayConfiguration.SqlServerConfiguration:
      Did not match:
         - @ConditionalOnClass did not find required class 'org.flywaydb.database.sqlserver.SQLServerConfigurationExtension' (OnClassCondition)

   FlywayEndpointAutoConfiguration:
      Did not match:
         - @ConditionalOnClass did not find required class 'org.springframework.boot.actuate.autoconfigure.endpoint.condition.ConditionalOnAvailableEndpoint' (OnClassCondition)

   GsonHttpMessageConvertersConfiguration:
      Did not match:
         - @ConditionalOnClass did not find required class 'com.google.gson.Gson' (OnClassCondition)

   HibernateMetricsAutoConfiguration:
      Did not match:
         - @ConditionalOnClass did not find required class 'io.micrometer.core.instrument.MeterRegistry' (OnClassCondition)

   Jackson2HttpMessageConvertersConfiguration.MappingJackson2HttpMessageConverterConfiguration:
      Did not match:
         - AnyNestedCondition 0 matched 2 did not; NestedCondition on Jackson2HttpMessageConvertersConfiguration.PreferJackson2OrJacksonUnavailableCondition.JacksonUnavailable @ConditionalOnMissingBean (types: org.springframework.boot.http.converter.autoconfigure.JacksonHttpMessageConvertersConfiguration$JacksonJsonHttpMessageConvertersCustomizer; SearchStrategy: all) found beans of type 'org.springframework.boot.http.converter.autoconfigure.JacksonHttpMessageConvertersConfiguration$JacksonJsonHttpMessageConvertersCustomizer' jacksonJsonHttpMessageConvertersCustomizer; NestedCondition on Jackson2HttpMessageConvertersConfiguration.PreferJackson2OrJacksonUnavailableCondition.Jackson2Preferred @ConditionalOnProperty (spring.http.converters.preferred-json-mapper=jackson2) did not find property 'spring.http.converters.preferred-json-mapper' (Jackson2HttpMessageConvertersConfiguration.PreferJackson2OrJacksonUnavailableCondition)
      Matched:
         - @ConditionalOnClass found required class 'com.fasterxml.jackson.databind.ObjectMapper' (OnClassCondition)

   Jackson2HttpMessageConvertersConfiguration.MappingJackson2XmlHttpMessageConverterConfiguration:
      Did not match:
         - @ConditionalOnClass did not find required class 'com.fasterxml.jackson.dataformat.xml.XmlMapper' (OnClassCondition)

   JacksonAutoConfiguration.CborConfiguration:
      Did not match:
         - @ConditionalOnClass did not find required class 'tools.jackson.dataformat.cbor.CBORMapper' (OnClassCondition)

   JacksonAutoConfiguration.XmlConfiguration:
      Did not match:
         - @ConditionalOnClass did not find required class 'tools.jackson.dataformat.xml.XmlMapper' (OnClassCondition)

   JacksonHttpMessageConvertersConfiguration.JacksonXmlHttpMessageConverterConfiguration:
      Did not match:
         - @ConditionalOnClass did not find required class 'tools.jackson.dataformat.xml.XmlMapper' (OnClassCondition)

   JmxAutoConfiguration:
      Did not match:
         - @ConditionalOnBooleanProperty (spring.jmx.enabled=true) did not find property 'spring.jmx.enabled' (OnPropertyCondition)
      Matched:
         - @ConditionalOnClass found required class 'org.springframework.jmx.export.MBeanExporter' (OnClassCondition)

   JndiDataSourceAutoConfiguration:
      Did not match:
         - @ConditionalOnProperty (spring.datasource.jndi-name) did not find property 'spring.datasource.jndi-name' (OnPropertyCondition)
      Matched:
         - @ConditionalOnClass found required classes 'javax.sql.DataSource', 'org.springframework.jdbc.datasource.embedded.EmbeddedDatabaseType' (OnClassCondition)

   JndiJtaConfiguration:
      Did not match:
         - @ConditionalOnJndi JNDI environment is not available (OnJndiCondition)
      Matched:
         - @ConditionalOnClass found required class 'org.springframework.transaction.jta.JtaTransactionManager' (OnClassCondition)

   JsonbHttpMessageConvertersConfiguration:
      Did not match:
         - @ConditionalOnClass did not find required class 'jakarta.json.bind.Jsonb' (OnClassCondition)

   KotlinSerializationHttpMessageConvertersConfiguration:
      Did not match:
         - @ConditionalOnClass did not find required classes 'kotlinx.serialization.Serializable', 'kotlinx.serialization.json.Json' (OnClassCondition)

   LocalDevToolsAutoConfiguration.LiveReloadConfiguration:
      Did not match:
         - @ConditionalOnBooleanProperty (spring.devtools.livereload.enabled=true) did not find property 'spring.devtools.livereload.enabled' (OnPropertyCondition)

   MessageSourceAutoConfiguration:
      Did not match:
         - ResourceBundle did not find bundle with basename messages (MessageSourceAutoConfiguration.ResourceBundleCondition)

   MultipleOpenApiSupportConfiguration:
      Did not match:
         - AnyNestedCondition 0 matched 2 did not; NestedCondition on MultipleOpenApiSupportCondition.OnActuatorDifferentPort @ConditionalOnProperty (springdoc.show-actuator) did not find property 'springdoc.show-actuator'; NestedCondition on MultipleOpenApiSupportCondition.OnMultipleOpenApiSupportCondition AnyNestedCondition 0 matched 3 did not; NestedCondition on MultipleOpenApiGroupsCondition.OnListGroupedOpenApiBean @ConditionalOnBean (types: org.springdoc.core.models.GroupedOpenApi; SearchStrategy: all) did not find any beans of type org.springdoc.core.models.GroupedOpenApi; NestedCondition on MultipleOpenApiGroupsCondition.OnGroupConfigProperty @ConditionalOnProperty (springdoc.group-configs[0].group) did not find property 'springdoc.group-configs[0].group'; NestedCondition on MultipleOpenApiGroupsCondition.OnGroupedOpenApiBean @ConditionalOnBean (types: org.springdoc.core.models.GroupedOpenApi; SearchStrategy: all) did not find any beans of type org.springdoc.core.models.GroupedOpenApi (MultipleOpenApiSupportCondition)
      Matched:
         - found 'session' scope (OnWebApplicationCondition)
         - @ConditionalOnProperty (springdoc.api-docs.enabled) matched (OnPropertyCondition)

   MultipleOpenApiSupportConfiguration.SpringDocWebMvcActuatorDifferentConfiguration:
      Did not match:
         - Ancestor org.springdoc.webmvc.core.configuration.MultipleOpenApiSupportConfiguration did not match (ConditionEvaluationReport.AncestorsMatchedCondition)
      Matched:
         - @ConditionalOnClass found required class 'org.springframework.boot.webmvc.actuate.endpoint.web.WebMvcEndpointHandlerMapping' (OnClassCondition)

   ProjectInfoAutoConfiguration#buildProperties:
      Did not match:
         - @ConditionalOnResource did not find resource '${spring.info.build.location:classpath:META-INF/build-info.properties}' (OnResourceCondition)

   ProjectInfoAutoConfiguration#gitProperties:
      Did not match:
         - GitResource did not find git info at classpath:git.properties (ProjectInfoAutoConfiguration.GitResourceAvailableCondition)

   RemoteDevToolsAutoConfiguration:
      Did not match:
         - @ConditionalOnProperty (spring.devtools.remote.secret) did not find property 'spring.devtools.remote.secret' (OnPropertyCondition)
      Matched:
         - @ConditionalOnClass found required classes 'jakarta.servlet.Filter', 'org.springframework.http.server.ServerHttpRequest', 'org.springframework.boot.web.server.autoconfigure.ServerProperties' (OnClassCondition)

   ServletHttpExchangesAutoConfiguration:
      Did not match:
         - @ConditionalOnBean did not find required type 'org.springframework.boot.actuate.web.exchanges.HttpExchangeRepository' (OnBeanCondition)

   ServletManagementContextAutoConfiguration:
      Did not match:
         - @ConditionalOnClass did not find required class 'org.springframework.boot.actuate.autoconfigure.endpoint.web.WebEndpointProperties' (OnClassCondition)

   ServletMappingsAutoConfiguration:
      Did not match:
         - @ConditionalOnClass did not find required class 'org.springframework.boot.actuate.autoconfigure.endpoint.condition.ConditionalOnAvailableEndpoint' (OnClassCondition)

   ServletWebServerConfiguration#forwardedHeaderFilter:
      Did not match:
         - @ConditionalOnProperty (server.forward-headers-strategy=framework) did not find property 'server.forward-headers-strategy' (OnPropertyCondition)

   SpringApplicationAdminJmxAutoConfiguration:
      Did not match:
         - @ConditionalOnBooleanProperty (spring.application.admin.enabled=true) did not find property 'spring.application.admin.enabled' (OnPropertyCondition)

   SpringDocConfiguration#oas31ModelConverter:
      Did not match:
         - @ConditionalOnProperty (springdoc.explicit-object-schema=true) did not find property 'springdoc.explicit-object-schema' (OnPropertyCondition)

   SpringDocConfiguration#propertiesResolverForSchema:
      Did not match:
         - @ConditionalOnProperty (springdoc.api-docs.resolve-schema-properties) did not find property 'springdoc.api-docs.resolve-schema-properties' (OnPropertyCondition)

   SpringDocConfiguration#propertyCustomizingConverter:
      Did not match:
         - @ConditionalOnBean (types: org.springdoc.core.customizers.PropertyCustomizer; SearchStrategy: all) did not find any beans of type org.springdoc.core.customizers.PropertyCustomizer (OnBeanCondition)

   SpringDocConfiguration#springdocBeanFactoryPostProcessor:
      Did not match:
         - AnyNestedCondition 0 matched 2 did not; NestedCondition on CacheOrGroupedOpenApiCondition.OnCacheDisabled found non-matching nested conditions @ConditionalOnProperty (springdoc.cache.disabled) did not find property 'springdoc.cache.disabled'; NestedCondition on CacheOrGroupedOpenApiCondition.OnMultipleOpenApiSupportCondition AnyNestedCondition 0 matched 2 did not; NestedCondition on MultipleOpenApiSupportCondition.OnActuatorDifferentPort @ConditionalOnProperty (springdoc.show-actuator) did not find property 'springdoc.show-actuator'; NestedCondition on MultipleOpenApiSupportCondition.OnMultipleOpenApiSupportCondition AnyNestedCondition 0 matched 3 did not; NestedCondition on MultipleOpenApiGroupsCondition.OnListGroupedOpenApiBean @ConditionalOnBean (types: org.springdoc.core.models.GroupedOpenApi; SearchStrategy: all) did not find any beans of type org.springdoc.core.models.GroupedOpenApi; NestedCondition on MultipleOpenApiGroupsCondition.OnGroupConfigProperty @ConditionalOnProperty (springdoc.group-configs[0].group) did not find property 'springdoc.group-configs[0].group'; NestedCondition on MultipleOpenApiGroupsCondition.OnGroupedOpenApiBean @ConditionalOnBean (types: org.springdoc.core.models.GroupedOpenApi; SearchStrategy: all) did not find any beans of type org.springdoc.core.models.GroupedOpenApi (CacheOrGroupedOpenApiCondition)
      Matched:
         - @ConditionalOnClass found required class 'org.springframework.boot.context.properties.bind.BindResult' (OnClassCondition)

   SpringDocConfiguration#springdocBeanFactoryPostProcessor2:
      Did not match:
         - @ConditionalOnMissingClass found unwanted class 'org.springframework.boot.context.properties.bind.BindResult' (OnClassCondition)

   SpringDocConfiguration.SpringDocActuatorConfiguration:
      Did not match:
         - @ConditionalOnClass did not find required class 'org.springframework.boot.actuate.autoconfigure.endpoint.web.WebEndpointProperties' (OnClassCondition)

   SpringDocConfiguration.SpringDocRepositoryRestConfiguration:
      Did not match:
         - @ConditionalOnClass did not find required class 'org.springframework.data.rest.core.config.RepositoryRestConfiguration' (OnClassCondition)

   SpringDocConfiguration.SpringDocWebFluxSupportConfiguration:
      Did not match:
         - @ConditionalOnClass did not find required class 'reactor.core.publisher.Flux' (OnClassCondition)

   SpringDocDataRestConfiguration:
      Did not match:
         - @ConditionalOnClass did not find required class 'org.springframework.data.rest.core.config.RepositoryRestConfiguration' (OnClassCondition)

   SpringDocFunctionCatalogConfiguration:
      Did not match:
         - @ConditionalOnClass did not find required class 'org.springframework.cloud.function.web.function.FunctionEndpointInitializer' (OnClassCondition)

   SpringDocGroovyConfiguration:
      Did not match:
         - @ConditionalOnClass did not find required class 'groovy.lang.MetaClass' (OnClassCondition)

   SpringDocHateoasConfiguration:
      Did not match:
         - @ConditionalOnClass did not find required class 'org.springframework.hateoas.server.LinkRelationProvider' (OnClassCondition)

   SpringDocJacksonKotlinModuleConfiguration:
      Did not match:
         - @ConditionalOnClass did not find required class 'com.fasterxml.jackson.module.kotlin.KotlinModule' (OnClassCondition)

   SpringDocJavadocConfiguration:
      Did not match:
         - @ConditionalOnClass did not find required class 'com.github.therapi.runtimejavadoc.CommentFormatter' (OnClassCondition)

   SpringDocKotlinConfiguration:
      Did not match:
         - @ConditionalOnClass did not find required class 'kotlin.coroutines.Continuation' (OnClassCondition)

   SpringDocKotlinxConfiguration:
      Did not match:
         - @ConditionalOnClass did not find required class 'kotlinx.coroutines.flow.Flow' (OnClassCondition)

   SpringDocSecurityConfiguration:
      Did not match:
         - @ConditionalOnClass did not find required class 'org.springframework.security.web.SecurityFilterChain' (OnClassCondition)

   SpringDocSortConfiguration#dataRestDelegatingMethodParameterCustomizer:
      Did not match:
         - @ConditionalOnMissingBean (types: org.springdoc.core.customizers.DataRestDelegatingMethodParameterCustomizer; SearchStrategy: all) found beans of type 'org.springdoc.core.customizers.DataRestDelegatingMethodParameterCustomizer' dataRestDelegatingMethodParameterCustomizer (OnBeanCondition)

   SpringDocWebMvcConfiguration.SpringDocWebMvcActuatorConfiguration#actuatorProvider:
      Did not match:
         - @ConditionalOnExpression (#{${springdoc.show-actuator:false} or ${springdoc.use-management-port:false}}) resulted in false (OnExpressionCondition)

   SpringDocWebMvcConfiguration.SpringDocWebMvcActuatorConfiguration#openApiActuatorResource:
      Did not match:
         - @ConditionalOnExpression (#{${springdoc.use-management-port:false} and ${springdoc.enable-default-api-docs:true}}) resulted in false (OnExpressionCondition)

   SpringDocWebServerConfiguration.DeployedWebServerConfiguration:
      Did not match:
         - @ConditionalOnMissingClass found unwanted classes 'org.springframework.boot.web.server.context.WebServerInitializedEvent', 'org.springframework.boot.web.server.autoconfigure.ServerProperties' (OnClassCondition)

   SwaggerConfig#springWebProvider:
      Did not match:
         - @ConditionalOnMissingBean (types: org.springdoc.core.providers.SpringWebProvider; SearchStrategy: all) found beans of type 'org.springdoc.core.providers.SpringWebProvider' springWebProvider (OnBeanCondition)

   SwaggerConfig#swaggerUiHome:
      Did not match:
         - @ConditionalOnProperty (springdoc.swagger-ui.use-root-path=true) did not find property 'springdoc.swagger-ui.use-root-path' (OnPropertyCondition)

   SwaggerConfig.SwaggerActuatorWelcomeConfiguration:
      Did not match:
         - @ConditionalOnProperty (springdoc.use-management-port) did not find property 'springdoc.use-management-port' (OnPropertyCondition)
      Matched:
         - @ConditionalOnClass found required class 'org.springframework.boot.webmvc.actuate.endpoint.web.WebMvcEndpointHandlerMapping' (OnClassCondition)

   TaskExecutorConfigurations.AsyncConfigurerWrapperConfiguration:
      Did not match:
         - @ConditionalOnBean (types: org.springframework.scheduling.annotation.AsyncConfigurer; SearchStrategy: all) did not find any beans of type org.springframework.scheduling.annotation.AsyncConfigurer (OnBeanCondition)

   TaskExecutorConfigurations.SimpleAsyncTaskExecutorBuilderConfiguration#simpleAsyncTaskExecutorBuilderVirtualThreads:
      Did not match:
         - @ConditionalOnMissingBean (types: org.springframework.boot.task.SimpleAsyncTaskExecutorBuilder; SearchStrategy: all) found beans of type 'org.springframework.boot.task.SimpleAsyncTaskExecutorBuilder' simpleAsyncTaskExecutorBuilder (OnBeanCondition)

   TaskExecutorConfigurations.TaskExecutorConfiguration#applicationTaskExecutorVirtualThreads:
      Did not match:
         - @ConditionalOnThreading did not find VIRTUAL (OnThreadingCondition)

   TaskSchedulingAutoConfiguration#scheduledBeanLazyInitializationExcludeFilter:
      Did not match:
         - @ConditionalOnBean (names: org.springframework.scheduling.config.internalScheduledAnnotationProcessor; SearchStrategy: all) did not find any beans named org.springframework.scheduling.config.internalScheduledAnnotationProcessor (OnBeanCondition)

   TaskSchedulingConfigurations.SimpleAsyncTaskSchedulerBuilderConfiguration#simpleAsyncTaskSchedulerBuilderVirtualThreads:
      Did not match:
         - @ConditionalOnMissingBean (types: org.springframework.boot.task.SimpleAsyncTaskSchedulerBuilder; SearchStrategy: all) found beans of type 'org.springframework.boot.task.SimpleAsyncTaskSchedulerBuilder' simpleAsyncTaskSchedulerBuilder (OnBeanCondition)

   TaskSchedulingConfigurations.TaskSchedulerConfiguration:
      Did not match:
         - @ConditionalOnBean (names: org.springframework.scheduling.config.internalScheduledAnnotationProcessor; SearchStrategy: all) did not find any beans named org.springframework.scheduling.config.internalScheduledAnnotationProcessor (OnBeanCondition)

   TomcatMetricsAutoConfiguration:
      Did not match:
         - @ConditionalOnClass did not find required class 'io.micrometer.core.instrument.binder.tomcat.TomcatMetrics' (OnClassCondition)

   TomcatReactiveManagementContextAutoConfiguration:
      Did not match:
         - @ConditionalOnClass did not find required class 'org.springframework.boot.actuate.autoconfigure.web.server.ManagementContextFactory' (OnClassCondition)

   TomcatReactiveWebServerAutoConfiguration:
      Did not match:
         - @ConditionalOnWebApplication did not find reactive web application classes (OnWebApplicationCondition)

   TomcatServletManagementContextAutoConfiguration:
      Did not match:
         - @ConditionalOnClass did not find required class 'org.springframework.boot.actuate.autoconfigure.web.server.ManagementContextFactory' (OnClassCondition)

   TomcatServletWebServerAutoConfiguration#tomcatForwardedHeaderFilterCustomizer:
      Did not match:
         - @ConditionalOnProperty (server.forward-headers-strategy=framework) did not find property 'server.forward-headers-strategy' (OnPropertyCondition)

   TomcatWebServerConfiguration#tomcatVirtualThreadsProtocolHandlerCustomizer:
      Did not match:
         - @ConditionalOnThreading did not find VIRTUAL (OnThreadingCondition)

   TransactionAutoConfiguration#transactionalOperator:
      Did not match:
         - @ConditionalOnSingleCandidate (types: org.springframework.transaction.ReactiveTransactionManager; SearchStrategy: all) did not find any beans (OnBeanCondition)

   TransactionAutoConfiguration.AspectJTransactionManagementConfiguration:
      Did not match:
         - @ConditionalOnBean (types: org.springframework.transaction.aspectj.AbstractTransactionAspect; SearchStrategy: all) did not find any beans of type org.springframework.transaction.aspectj.AbstractTransactionAspect (OnBeanCondition)

   TransactionAutoConfiguration.EnableTransactionManagementConfiguration.JdkDynamicAutoProxyConfiguration:
      Did not match:
         - @ConditionalOnBooleanProperty (spring.aop.proxy-target-class=false) did not find property 'spring.aop.proxy-target-class' (OnPropertyCondition)

   WebMvcAutoConfiguration#hiddenHttpMethodFilter:
      Did not match:
         - @ConditionalOnBooleanProperty (spring.mvc.hiddenmethod.filter.enabled=true) did not find property 'spring.mvc.hiddenmethod.filter.enabled' (OnPropertyCondition)

   WebMvcAutoConfiguration.ProblemDetailsErrorHandlingConfiguration:
      Did not match:
         - @ConditionalOnBooleanProperty (spring.mvc.problemdetails.enabled=true) did not find property 'spring.mvc.problemdetails.enabled' (OnPropertyCondition)

   WebMvcAutoConfiguration.WebMvcAutoConfigurationAdapter#beanNameViewResolver:
      Did not match:
         - @ConditionalOnMissingBean (types: org.springframework.web.servlet.view.BeanNameViewResolver; SearchStrategy: all) found beans of type 'org.springframework.web.servlet.view.BeanNameViewResolver' beanNameViewResolver (OnBeanCondition)

   WebMvcHealthEndpointExtensionAutoConfiguration:
      Did not match:
         - @ConditionalOnClass did not find required class 'org.springframework.boot.health.actuate.endpoint.HealthEndpoint' (OnClassCondition)

   WebMvcMappingsAutoConfiguration:
      Did not match:
         - @ConditionalOnClass did not find required class 'org.springframework.boot.actuate.autoconfigure.endpoint.condition.ConditionalOnAvailableEndpoint' (OnClassCondition)

   WebMvcObservationAutoConfiguration:
      Did not match:
         - @ConditionalOnClass did not find required class 'org.springframework.boot.micrometer.observation.autoconfigure.ObservationProperties' (OnClassCondition)

   XADataSourceAutoConfiguration:
      Did not match:
         - @ConditionalOnBean (types: org.springframework.boot.jdbc.XADataSourceWrapper; SearchStrategy: all) did not find any beans of type org.springframework.boot.jdbc.XADataSourceWrapper (OnBeanCondition)
      Matched:
         - @ConditionalOnClass found required classes 'javax.sql.DataSource', 'jakarta.transaction.TransactionManager', 'org.springframework.jdbc.datasource.embedded.EmbeddedDatabaseType' (OnClassCondition)


Exclusions:
-----------

    None


Unconditional classes:
----------------------

    org.springdoc.core.configuration.SpringDocWebServerConfiguration.EmbeddedWebServerConfiguration

    org.springframework.boot.autoconfigure.context.ConfigurationPropertiesAutoConfiguration

    org.springframework.boot.autoconfigure.ssl.SslAutoConfiguration

    org.springframework.boot.autoconfigure.context.PropertyPlaceholderAutoConfiguration

    org.springframework.boot.autoconfigure.context.LifecycleAutoConfiguration

    org.springdoc.core.configuration.SpringDocSpecPropertiesConfiguration

    org.springframework.boot.autoconfigure.availability.ApplicationAvailabilityAutoConfiguration

    org.springframework.boot.autoconfigure.info.ProjectInfoAutoConfiguration

    org.springdoc.core.configuration.SpringDocWebServerConfiguration.DeployedWebServerConfiguration



2026-07-26T13:27:21.283-04:00  INFO 29692 --- [lecturas] [restartedMain] c.l.lecturas.LecturasApplication         : Started LecturasApplication in 0.864 seconds (process running for 228.12)
2026-07-26T13:27:21.283-04:00 DEBUG 29692 --- [lecturas] [restartedMain] o.s.b.a.ApplicationAvailabilityBean      : Application availability state LivenessState changed to CORRECT
2026-07-26T13:27:21.285-04:00  WARN 29692 --- [lecturas] [restartedMain] o.s.core.events.SpringDocAppInitializer  : SpringDoc /v3/api-docs endpoint is enabled by default. To disable it in production, set the property 'springdoc.api-docs.enabled=false'
2026-07-26T13:27:21.285-04:00  WARN 29692 --- [lecturas] [restartedMain] o.s.core.events.SpringDocAppInitializer  : SpringDoc /swagger-ui.html endpoint is enabled by default. To disable it in production, set the property 'springdoc.swagger-ui.enabled=false'
2026-07-26T13:27:21.286-04:00  INFO 29692 --- [lecturas] [restartedMain] .ConditionEvaluationDeltaLoggingListener : Condition evaluation unchanged
2026-07-26T13:27:21.287-04:00 DEBUG 29692 --- [lecturas] [restartedMain] o.s.b.a.ApplicationAvailabilityBean      : Application availability state ReadinessState changed to ACCEPTING_TRAFFIC
2026-07-26T13:27:21.304-04:00 DEBUG 29692 --- [lecturas] [HikariPool-2:connection-adder] com.zaxxer.hikari.pool.PoolBase          : HikariPool-2 - Established new connection (48e4117e-f446-490c-a1e1-dc9b0711b6f0)
2026-07-26T13:27:21.304-04:00 DEBUG 29692 --- [lecturas] [HikariPool-2:connection-adder] com.zaxxer.hikari.pool.HikariPool        : HikariPool-2 - Added connection org.postgresql.jdbc.PgConnection@4d9d52a7
2026-07-26T13:27:21.337-04:00 DEBUG 29692 --- [lecturas] [HikariPool-2:connection-adder] com.zaxxer.hikari.pool.HikariPool        : HikariPool-2 - After adding stats (total=7/10, idle=7/10, active=0, waiting=0)
2026-07-26T13:27:21.337-04:00 DEBUG 29692 --- [lecturas] [HikariPool-2:connection-adder] com.zaxxer.hikari.pool.PoolBase          : HikariPool-2 - Attempting to create/setup new connection (ffa550f7-402c-4dcd-80f7-f2e192ef57b2)
2026-07-26T13:27:21.337-04:00 DEBUG 29692 --- [lecturas] [HikariPool-2:connection-adder] org.postgresql.Driver                    : Connecting with URL: jdbc:postgresql://localhost:5432/BD_LIBRO
2026-07-26T13:27:21.337-04:00 DEBUG 29692 --- [lecturas] [HikariPool-2:connection-adder] org.postgresql.jdbc.PgConnection         : PostgreSQL JDBC Driver 42.7.4
2026-07-26T13:27:21.337-04:00 DEBUG 29692 --- [lecturas] [HikariPool-2:connection-adder] org.postgresql.jdbc.PgConnection         :   setDefaultFetchSize = 0
2026-07-26T13:27:21.337-04:00 DEBUG 29692 --- [lecturas] [HikariPool-2:connection-adder] org.postgresql.jdbc.PgConnection         :   setPrepareThreshold = 5
2026-07-26T13:27:21.337-04:00 DEBUG 29692 --- [lecturas] [HikariPool-2:connection-adder] o.p.core.v3.ConnectionFactoryImpl        : Trying to establish a protocol version 3 connection to localhost:5432
2026-07-26T13:27:21.337-04:00 DEBUG 29692 --- [lecturas] [HikariPool-2:connection-adder] o.p.core.v3.ConnectionFactoryImpl        : Receive Buffer Size is 65.536
2026-07-26T13:27:21.337-04:00 DEBUG 29692 --- [lecturas] [HikariPool-2:connection-adder] o.p.core.v3.ConnectionFactoryImpl        : Send Buffer Size is 65.536
2026-07-26T13:27:21.370-04:00 DEBUG 29692 --- [lecturas] [HikariPool-2:connection-adder] com.zaxxer.hikari.pool.PoolBase          : HikariPool-2 - Established new connection (ffa550f7-402c-4dcd-80f7-f2e192ef57b2)
2026-07-26T13:27:21.384-04:00 DEBUG 29692 --- [lecturas] [HikariPool-2:connection-adder] com.zaxxer.hikari.pool.HikariPool        : HikariPool-2 - Added connection org.postgresql.jdbc.PgConnection@1c04153f
2026-07-26T13:27:21.416-04:00 DEBUG 29692 --- [lecturas] [HikariPool-2:connection-adder] com.zaxxer.hikari.pool.HikariPool        : HikariPool-2 - After adding stats (total=8/10, idle=8/10, active=0, waiting=0)
2026-07-26T13:27:21.417-04:00 DEBUG 29692 --- [lecturas] [HikariPool-2:connection-adder] com.zaxxer.hikari.pool.PoolBase          : HikariPool-2 - Attempting to create/setup new connection (84cab70f-1467-4cd9-9f0f-ffaccef952a5)
2026-07-26T13:27:21.417-04:00 DEBUG 29692 --- [lecturas] [HikariPool-2:connection-adder] org.postgresql.Driver                    : Connecting with URL: jdbc:postgresql://localhost:5432/BD_LIBRO
2026-07-26T13:27:21.417-04:00 DEBUG 29692 --- [lecturas] [HikariPool-2:connection-adder] org.postgresql.jdbc.PgConnection         : PostgreSQL JDBC Driver 42.7.4
2026-07-26T13:27:21.417-04:00 DEBUG 29692 --- [lecturas] [HikariPool-2:connection-adder] org.postgresql.jdbc.PgConnection         :   setDefaultFetchSize = 0
2026-07-26T13:27:21.418-04:00 DEBUG 29692 --- [lecturas] [HikariPool-2:connection-adder] org.postgresql.jdbc.PgConnection         :   setPrepareThreshold = 5
2026-07-26T13:27:21.418-04:00 DEBUG 29692 --- [lecturas] [HikariPool-2:connection-adder] o.p.core.v3.ConnectionFactoryImpl        : Trying to establish a protocol version 3 connection to localhost:5432
2026-07-26T13:27:21.419-04:00 DEBUG 29692 --- [lecturas] [HikariPool-2:connection-adder] o.p.core.v3.ConnectionFactoryImpl        : Receive Buffer Size is 65.536
2026-07-26T13:27:21.419-04:00 DEBUG 29692 --- [lecturas] [HikariPool-2:connection-adder] o.p.core.v3.ConnectionFactoryImpl        : Send Buffer Size is 65.536
2026-07-26T13:27:21.462-04:00 DEBUG 29692 --- [lecturas] [HikariPool-2:connection-adder] com.zaxxer.hikari.pool.PoolBase          : HikariPool-2 - Established new connection (84cab70f-1467-4cd9-9f0f-ffaccef952a5)
2026-07-26T13:27:21.462-04:00 DEBUG 29692 --- [lecturas] [HikariPool-2:connection-adder] com.zaxxer.hikari.pool.HikariPool        : HikariPool-2 - Added connection org.postgresql.jdbc.PgConnection@446af6cd
2026-07-26T13:27:21.501-04:00 DEBUG 29692 --- [lecturas] [HikariPool-2:connection-adder] com.zaxxer.hikari.pool.HikariPool        : HikariPool-2 - After adding stats (total=9/10, idle=9/10, active=0, waiting=0)
2026-07-26T13:27:21.501-04:00 DEBUG 29692 --- [lecturas] [HikariPool-2:connection-adder] com.zaxxer.hikari.pool.PoolBase          : HikariPool-2 - Attempting to create/setup new connection (2b2bb100-5a1f-45c0-84b6-a4cbef55016d)
2026-07-26T13:27:21.501-04:00 DEBUG 29692 --- [lecturas] [HikariPool-2:connection-adder] org.postgresql.Driver                    : Connecting with URL: jdbc:postgresql://localhost:5432/BD_LIBRO
2026-07-26T13:27:21.502-04:00 DEBUG 29692 --- [lecturas] [HikariPool-2:connection-adder] org.postgresql.jdbc.PgConnection         : PostgreSQL JDBC Driver 42.7.4
2026-07-26T13:27:21.502-04:00 DEBUG 29692 --- [lecturas] [HikariPool-2:connection-adder] org.postgresql.jdbc.PgConnection         :   setDefaultFetchSize = 0
2026-07-26T13:27:21.502-04:00 DEBUG 29692 --- [lecturas] [HikariPool-2:connection-adder] org.postgresql.jdbc.PgConnection         :   setPrepareThreshold = 5
2026-07-26T13:27:21.503-04:00 DEBUG 29692 --- [lecturas] [HikariPool-2:connection-adder] o.p.core.v3.ConnectionFactoryImpl        : Trying to establish a protocol version 3 connection to localhost:5432
2026-07-26T13:27:21.503-04:00 DEBUG 29692 --- [lecturas] [HikariPool-2:connection-adder] o.p.core.v3.ConnectionFactoryImpl        : Receive Buffer Size is 65.536
2026-07-26T13:27:21.503-04:00 DEBUG 29692 --- [lecturas] [HikariPool-2:connection-adder] o.p.core.v3.ConnectionFactoryImpl        : Send Buffer Size is 65.536
2026-07-26T13:27:21.545-04:00 DEBUG 29692 --- [lecturas] [HikariPool-2:connection-adder] com.zaxxer.hikari.pool.PoolBase          : HikariPool-2 - Established new connection (2b2bb100-5a1f-45c0-84b6-a4cbef55016d)
2026-07-26T13:27:21.545-04:00 DEBUG 29692 --- [lecturas] [HikariPool-2:connection-adder] com.zaxxer.hikari.pool.HikariPool        : HikariPool-2 - Added connection org.postgresql.jdbc.PgConnection@63c59c8d
2026-07-26T13:27:21.584-04:00 DEBUG 29692 --- [lecturas] [HikariPool-2:connection-adder] com.zaxxer.hikari.pool.HikariPool        : HikariPool-2 - After adding stats (total=10/10, idle=10/10, active=0, waiting=0)
2026-07-26T13:27:26.561-04:00  INFO 29692 --- [lecturas] [http-nio-8081-exec-1] o.apache.coyote.http11.Http11Processor   : Error parsing HTTP request header
 Note: further occurrences of HTTP request parsing errors will be logged at DEBUG level.

java.lang.IllegalArgumentException: Invalid character found in method name [0x160x030x010x060xc20x010x000x060xbe0x030x03hV6"0x8c0x130x18'0xe90x1c0x050x866s0xf60xb20xcf0xfcQ0x16b0xf10x920x9b0x840x9fL(0xed0x950xc50x8a ]. HTTP method names must be tokens
	at org.apache.coyote.http11.Http11InputBuffer.parseRequestLine(Http11InputBuffer.java:391) ~[tomcat-embed-core-11.0.22.jar:11.0.22]
	at org.apache.coyote.http11.Http11Processor.service(Http11Processor.java:270) ~[tomcat-embed-core-11.0.22.jar:11.0.22]
	at org.apache.coyote.AbstractProcessorLight.process(AbstractProcessorLight.java:63) ~[tomcat-embed-core-11.0.22.jar:11.0.22]
	at org.apache.coyote.AbstractProtocol$ConnectionHandler.process(AbstractProtocol.java:1272) ~[tomcat-embed-core-11.0.22.jar:11.0.22]
	at org.apache.tomcat.util.net.NioEndpoint$SocketProcessor.doRun(NioEndpoint.java:1801) ~[tomcat-embed-core-11.0.22.jar:11.0.22]
	at org.apache.tomcat.util.net.SocketProcessorBase.run(SocketProcessorBase.java:52) ~[tomcat-embed-core-11.0.22.jar:11.0.22]
	at org.apache.tomcat.util.threads.ThreadPoolExecutor.runWorker(ThreadPoolExecutor.java:946) ~[tomcat-embed-core-11.0.22.jar:11.0.22]
	at org.apache.tomcat.util.threads.ThreadPoolExecutor$Worker.run(ThreadPoolExecutor.java:480) ~[tomcat-embed-core-11.0.22.jar:11.0.22]
	at org.apache.tomcat.util.threads.TaskThread$WrappingRunnable.run(TaskThread.java:57) ~[tomcat-embed-core-11.0.22.jar:11.0.22]
	at java.base/java.lang.Thread.run(Thread.java:1583) ~[na:na]

2026-07-26T13:27:26.561-04:00 DEBUG 29692 --- [lecturas] [http-nio-8081-exec-1] o.apache.coyote.http11.Http11Processor   : Error state [CLOSE_CLEAN] reported while processing request

java.lang.IllegalArgumentException: Invalid character found in method name [0x160x030x010x060xc20x010x000x060xbe0x030x03hV6"0x8c0x130x18'0xe90x1c0x050x866s0xf60xb20xcf0xfcQ0x16b0xf10x920x9b0x840x9fL(0xed0x950xc50x8a ]. HTTP method names must be tokens
	at org.apache.coyote.http11.Http11InputBuffer.parseRequestLine(Http11InputBuffer.java:391) ~[tomcat-embed-core-11.0.22.jar:11.0.22]
	at org.apache.coyote.http11.Http11Processor.service(Http11Processor.java:270) ~[tomcat-embed-core-11.0.22.jar:11.0.22]
	at org.apache.coyote.AbstractProcessorLight.process(AbstractProcessorLight.java:63) ~[tomcat-embed-core-11.0.22.jar:11.0.22]
	at org.apache.coyote.AbstractProtocol$ConnectionHandler.process(AbstractProtocol.java:1272) ~[tomcat-embed-core-11.0.22.jar:11.0.22]
	at org.apache.tomcat.util.net.NioEndpoint$SocketProcessor.doRun(NioEndpoint.java:1801) ~[tomcat-embed-core-11.0.22.jar:11.0.22]
	at org.apache.tomcat.util.net.SocketProcessorBase.run(SocketProcessorBase.java:52) ~[tomcat-embed-core-11.0.22.jar:11.0.22]
	at org.apache.tomcat.util.threads.ThreadPoolExecutor.runWorker(ThreadPoolExecutor.java:946) ~[tomcat-embed-core-11.0.22.jar:11.0.22]
	at org.apache.tomcat.util.threads.ThreadPoolExecutor$Worker.run(ThreadPoolExecutor.java:480) ~[tomcat-embed-core-11.0.22.jar:11.0.22]
	at org.apache.tomcat.util.threads.TaskThread$WrappingRunnable.run(TaskThread.java:57) ~[tomcat-embed-core-11.0.22.jar:11.0.22]
	at java.base/java.lang.Thread.run(Thread.java:1583) ~[na:na]

2026-07-26T13:27:26.561-04:00 DEBUG 29692 --- [lecturas] [http-nio-8081-exec-1] o.apache.coyote.http11.Http11Processor   : Error state [CLOSE_CLEAN] reported while processing request
2026-07-26T13:27:26.561-04:00 DEBUG 29692 --- [lecturas] [http-nio-8081-exec-1] o.apache.coyote.http11.Http11Processor   : The HTTP/1.1 request did not provide a host header
2026-07-26T13:27:26.569-04:00 DEBUG 29692 --- [lecturas] [http-nio-8081-exec-2] o.apache.coyote.http11.Http11Processor   : Error parsing HTTP request header

java.lang.IllegalArgumentException: Invalid character found in method name [0x160x030x010x070x020x010x000x060xfe0x030x030x100xfcu0xea0xf7%0xb540x9a=jJ0xbb0x8e0x0bEf0x1e90xd10xce0xf90x830xb70x860xbc(0xc50x88T0x8f0xbd ]. HTTP method names must be tokens
	at org.apache.coyote.http11.Http11InputBuffer.parseRequestLine(Http11InputBuffer.java:391) ~[tomcat-embed-core-11.0.22.jar:11.0.22]
	at org.apache.coyote.http11.Http11Processor.service(Http11Processor.java:270) ~[tomcat-embed-core-11.0.22.jar:11.0.22]
	at org.apache.coyote.AbstractProcessorLight.process(AbstractProcessorLight.java:63) ~[tomcat-embed-core-11.0.22.jar:11.0.22]
	at org.apache.coyote.AbstractProtocol$ConnectionHandler.process(AbstractProtocol.java:1272) ~[tomcat-embed-core-11.0.22.jar:11.0.22]
	at org.apache.tomcat.util.net.NioEndpoint$SocketProcessor.doRun(NioEndpoint.java:1801) ~[tomcat-embed-core-11.0.22.jar:11.0.22]
	at org.apache.tomcat.util.net.SocketProcessorBase.run(SocketProcessorBase.java:52) ~[tomcat-embed-core-11.0.22.jar:11.0.22]
	at org.apache.tomcat.util.threads.ThreadPoolExecutor.runWorker(ThreadPoolExecutor.java:946) ~[tomcat-embed-core-11.0.22.jar:11.0.22]
	at org.apache.tomcat.util.threads.ThreadPoolExecutor$Worker.run(ThreadPoolExecutor.java:480) ~[tomcat-embed-core-11.0.22.jar:11.0.22]
	at org.apache.tomcat.util.threads.TaskThread$WrappingRunnable.run(TaskThread.java:57) ~[tomcat-embed-core-11.0.22.jar:11.0.22]
	at java.base/java.lang.Thread.run(Thread.java:1583) ~[na:na]

2026-07-26T13:27:26.569-04:00 DEBUG 29692 --- [lecturas] [http-nio-8081-exec-2] o.apache.coyote.http11.Http11Processor   : Error state [CLOSE_CLEAN] reported while processing request

java.lang.IllegalArgumentException: Invalid character found in method name [0x160x030x010x070x020x010x000x060xfe0x030x030x100xfcu0xea0xf7%0xb540x9a=jJ0xbb0x8e0x0bEf0x1e90xd10xce0xf90x830xb70x860xbc(0xc50x88T0x8f0xbd ]. HTTP method names must be tokens
	at org.apache.coyote.http11.Http11InputBuffer.parseRequestLine(Http11InputBuffer.java:391) ~[tomcat-embed-core-11.0.22.jar:11.0.22]
	at org.apache.coyote.http11.Http11Processor.service(Http11Processor.java:270) ~[tomcat-embed-core-11.0.22.jar:11.0.22]
	at org.apache.coyote.AbstractProcessorLight.process(AbstractProcessorLight.java:63) ~[tomcat-embed-core-11.0.22.jar:11.0.22]
	at org.apache.coyote.AbstractProtocol$ConnectionHandler.process(AbstractProtocol.java:1272) ~[tomcat-embed-core-11.0.22.jar:11.0.22]
	at org.apache.tomcat.util.net.NioEndpoint$SocketProcessor.doRun(NioEndpoint.java:1801) ~[tomcat-embed-core-11.0.22.jar:11.0.22]
	at org.apache.tomcat.util.net.SocketProcessorBase.run(SocketProcessorBase.java:52) ~[tomcat-embed-core-11.0.22.jar:11.0.22]
	at org.apache.tomcat.util.threads.ThreadPoolExecutor.runWorker(ThreadPoolExecutor.java:946) ~[tomcat-embed-core-11.0.22.jar:11.0.22]
	at org.apache.tomcat.util.threads.ThreadPoolExecutor$Worker.run(ThreadPoolExecutor.java:480) ~[tomcat-embed-core-11.0.22.jar:11.0.22]
	at org.apache.tomcat.util.threads.TaskThread$WrappingRunnable.run(TaskThread.java:57) ~[tomcat-embed-core-11.0.22.jar:11.0.22]
	at java.base/java.lang.Thread.run(Thread.java:1583) ~[na:na]

2026-07-26T13:27:26.569-04:00 DEBUG 29692 --- [lecturas] [http-nio-8081-exec-2] o.apache.coyote.http11.Http11Processor   : Error state [CLOSE_CLEAN] reported while processing request
2026-07-26T13:27:26.569-04:00 DEBUG 29692 --- [lecturas] [http-nio-8081-exec-2] o.apache.coyote.http11.Http11Processor   : The HTTP/1.1 request did not provide a host header
2026-07-26T13:27:26.580-04:00 DEBUG 29692 --- [lecturas] [http-nio-8081-exec-3] o.apache.coyote.http11.Http11Processor   : Error parsing HTTP request header

java.lang.IllegalArgumentException: Invalid character found in method name [0x160x030x010x060xc20x010x000x060xbe0x030x030xde0x7fBfj0xee0x900x830x8bS0xac0xcc0xef0xf10xf1>Y0xac0xe10x0e0xbe0x17^IR0x890x890xaa0xe20x990x870x1c ]. HTTP method names must be tokens
	at org.apache.coyote.http11.Http11InputBuffer.parseRequestLine(Http11InputBuffer.java:391) ~[tomcat-embed-core-11.0.22.jar:11.0.22]
	at org.apache.coyote.http11.Http11Processor.service(Http11Processor.java:270) ~[tomcat-embed-core-11.0.22.jar:11.0.22]
	at org.apache.coyote.AbstractProcessorLight.process(AbstractProcessorLight.java:63) ~[tomcat-embed-core-11.0.22.jar:11.0.22]
	at org.apache.coyote.AbstractProtocol$ConnectionHandler.process(AbstractProtocol.java:1272) ~[tomcat-embed-core-11.0.22.jar:11.0.22]
	at org.apache.tomcat.util.net.NioEndpoint$SocketProcessor.doRun(NioEndpoint.java:1801) ~[tomcat-embed-core-11.0.22.jar:11.0.22]
	at org.apache.tomcat.util.net.SocketProcessorBase.run(SocketProcessorBase.java:52) ~[tomcat-embed-core-11.0.22.jar:11.0.22]
	at org.apache.tomcat.util.threads.ThreadPoolExecutor.runWorker(ThreadPoolExecutor.java:946) ~[tomcat-embed-core-11.0.22.jar:11.0.22]
	at org.apache.tomcat.util.threads.ThreadPoolExecutor$Worker.run(ThreadPoolExecutor.java:480) ~[tomcat-embed-core-11.0.22.jar:11.0.22]
	at org.apache.tomcat.util.threads.TaskThread$WrappingRunnable.run(TaskThread.java:57) ~[tomcat-embed-core-11.0.22.jar:11.0.22]
	at java.base/java.lang.Thread.run(Thread.java:1583) ~[na:na]

2026-07-26T13:27:26.580-04:00  INFO 29692 --- [lecturas] [http-nio-8081-exec-4] o.apache.coyote.http11.Http11Processor   : Error parsing HTTP request header
 Note: further occurrences of HTTP request parsing errors will be logged at DEBUG level.

java.lang.IllegalArgumentException: Invalid character found in method name [0x160x030x010x070x020x010x000x060xfe0x030x030xd0r0x990x150xb40x040xda0x810xfa`0xc40xe80x11 ]. HTTP method names must be tokens
	at org.apache.coyote.http11.Http11InputBuffer.parseRequestLine(Http11InputBuffer.java:391) ~[tomcat-embed-core-11.0.22.jar:11.0.22]
	at org.apache.coyote.http11.Http11Processor.service(Http11Processor.java:270) ~[tomcat-embed-core-11.0.22.jar:11.0.22]
	at org.apache.coyote.AbstractProcessorLight.process(AbstractProcessorLight.java:63) ~[tomcat-embed-core-11.0.22.jar:11.0.22]
	at org.apache.coyote.AbstractProtocol$ConnectionHandler.process(AbstractProtocol.java:1272) ~[tomcat-embed-core-11.0.22.jar:11.0.22]
	at org.apache.tomcat.util.net.NioEndpoint$SocketProcessor.doRun(NioEndpoint.java:1801) ~[tomcat-embed-core-11.0.22.jar:11.0.22]
	at org.apache.tomcat.util.net.SocketProcessorBase.run(SocketProcessorBase.java:52) ~[tomcat-embed-core-11.0.22.jar:11.0.22]
	at org.apache.tomcat.util.threads.ThreadPoolExecutor.runWorker(ThreadPoolExecutor.java:946) ~[tomcat-embed-core-11.0.22.jar:11.0.22]
	at org.apache.tomcat.util.threads.ThreadPoolExecutor$Worker.run(ThreadPoolExecutor.java:480) ~[tomcat-embed-core-11.0.22.jar:11.0.22]
	at org.apache.tomcat.util.threads.TaskThread$WrappingRunnable.run(TaskThread.java:57) ~[tomcat-embed-core-11.0.22.jar:11.0.22]
	at java.base/java.lang.Thread.run(Thread.java:1583) ~[na:na]

2026-07-26T13:27:26.580-04:00 DEBUG 29692 --- [lecturas] [http-nio-8081-exec-3] o.apache.coyote.http11.Http11Processor   : Error state [CLOSE_CLEAN] reported while processing request

java.lang.IllegalArgumentException: Invalid character found in method name [0x160x030x010x060xc20x010x000x060xbe0x030x030xde0x7fBfj0xee0x900x830x8bS0xac0xcc0xef0xf10xf1>Y0xac0xe10x0e0xbe0x17^IR0x890x890xaa0xe20x990x870x1c ]. HTTP method names must be tokens
	at org.apache.coyote.http11.Http11InputBuffer.parseRequestLine(Http11InputBuffer.java:391) ~[tomcat-embed-core-11.0.22.jar:11.0.22]
	at org.apache.coyote.http11.Http11Processor.service(Http11Processor.java:270) ~[tomcat-embed-core-11.0.22.jar:11.0.22]
	at org.apache.coyote.AbstractProcessorLight.process(AbstractProcessorLight.java:63) ~[tomcat-embed-core-11.0.22.jar:11.0.22]
	at org.apache.coyote.AbstractProtocol$ConnectionHandler.process(AbstractProtocol.java:1272) ~[tomcat-embed-core-11.0.22.jar:11.0.22]
	at org.apache.tomcat.util.net.NioEndpoint$SocketProcessor.doRun(NioEndpoint.java:1801) ~[tomcat-embed-core-11.0.22.jar:11.0.22]
	at org.apache.tomcat.util.net.SocketProcessorBase.run(SocketProcessorBase.java:52) ~[tomcat-embed-core-11.0.22.jar:11.0.22]
	at org.apache.tomcat.util.threads.ThreadPoolExecutor.runWorker(ThreadPoolExecutor.java:946) ~[tomcat-embed-core-11.0.22.jar:11.0.22]
	at org.apache.tomcat.util.threads.ThreadPoolExecutor$Worker.run(ThreadPoolExecutor.java:480) ~[tomcat-embed-core-11.0.22.jar:11.0.22]
	at org.apache.tomcat.util.threads.TaskThread$WrappingRunnable.run(TaskThread.java:57) ~[tomcat-embed-core-11.0.22.jar:11.0.22]
	at java.base/java.lang.Thread.run(Thread.java:1583) ~[na:na]

2026-07-26T13:27:26.580-04:00 DEBUG 29692 --- [lecturas] [http-nio-8081-exec-3] o.apache.coyote.http11.Http11Processor   : Error state [CLOSE_CLEAN] reported while processing request
2026-07-26T13:27:26.580-04:00 DEBUG 29692 --- [lecturas] [http-nio-8081-exec-3] o.apache.coyote.http11.Http11Processor   : The HTTP/1.1 request did not provide a host header
2026-07-26T13:27:26.580-04:00 DEBUG 29692 --- [lecturas] [http-nio-8081-exec-4] o.apache.coyote.http11.Http11Processor   : Error state [CLOSE_CLEAN] reported while processing request

java.lang.IllegalArgumentException: Invalid character found in method name [0x160x030x010x070x020x010x000x060xfe0x030x030xd0r0x990x150xb40x040xda0x810xfa`0xc40xe80x11 ]. HTTP method names must be tokens
	at org.apache.coyote.http11.Http11InputBuffer.parseRequestLine(Http11InputBuffer.java:391) ~[tomcat-embed-core-11.0.22.jar:11.0.22]
	at org.apache.coyote.http11.Http11Processor.service(Http11Processor.java:270) ~[tomcat-embed-core-11.0.22.jar:11.0.22]
	at org.apache.coyote.AbstractProcessorLight.process(AbstractProcessorLight.java:63) ~[tomcat-embed-core-11.0.22.jar:11.0.22]
	at org.apache.coyote.AbstractProtocol$ConnectionHandler.process(AbstractProtocol.java:1272) ~[tomcat-embed-core-11.0.22.jar:11.0.22]
	at org.apache.tomcat.util.net.NioEndpoint$SocketProcessor.doRun(NioEndpoint.java:1801) ~[tomcat-embed-core-11.0.22.jar:11.0.22]
	at org.apache.tomcat.util.net.SocketProcessorBase.run(SocketProcessorBase.java:52) ~[tomcat-embed-core-11.0.22.jar:11.0.22]
	at org.apache.tomcat.util.threads.ThreadPoolExecutor.runWorker(ThreadPoolExecutor.java:946) ~[tomcat-embed-core-11.0.22.jar:11.0.22]
	at org.apache.tomcat.util.threads.ThreadPoolExecutor$Worker.run(ThreadPoolExecutor.java:480) ~[tomcat-embed-core-11.0.22.jar:11.0.22]
	at org.apache.tomcat.util.threads.TaskThread$WrappingRunnable.run(TaskThread.java:57) ~[tomcat-embed-core-11.0.22.jar:11.0.22]
	at java.base/java.lang.Thread.run(Thread.java:1583) ~[na:na]

2026-07-26T13:27:26.580-04:00 DEBUG 29692 --- [lecturas] [http-nio-8081-exec-4] o.apache.coyote.http11.Http11Processor   : Error state [CLOSE_CLEAN] reported while processing request
2026-07-26T13:27:26.580-04:00 DEBUG 29692 --- [lecturas] [http-nio-8081-exec-4] o.apache.coyote.http11.Http11Processor   : The HTTP/1.1 request did not provide a host header
2026-07-26T13:27:26.584-04:00 DEBUG 29692 --- [lecturas] [http-nio-8081-exec-5] o.apache.coyote.http11.Http11Processor   : Error parsing HTTP request header

java.lang.IllegalArgumentException: Invalid character found in method name [0x160x030x010x07"0x010x000x070x1e0x030x030xa6I0x170xf4IC:0xc170xe50x87sD0xab0x040x850xb3240xc20xec"0xd70xac0x8b0xe8I0xae0x030x1f90xdb ]. HTTP method names must be tokens
	at org.apache.coyote.http11.Http11InputBuffer.parseRequestLine(Http11InputBuffer.java:391) ~[tomcat-embed-core-11.0.22.jar:11.0.22]
	at org.apache.coyote.http11.Http11Processor.service(Http11Processor.java:270) ~[tomcat-embed-core-11.0.22.jar:11.0.22]
	at org.apache.coyote.AbstractProcessorLight.process(AbstractProcessorLight.java:63) ~[tomcat-embed-core-11.0.22.jar:11.0.22]
	at org.apache.coyote.AbstractProtocol$ConnectionHandler.process(AbstractProtocol.java:1272) ~[tomcat-embed-core-11.0.22.jar:11.0.22]
	at org.apache.tomcat.util.net.NioEndpoint$SocketProcessor.doRun(NioEndpoint.java:1801) ~[tomcat-embed-core-11.0.22.jar:11.0.22]
	at org.apache.tomcat.util.net.SocketProcessorBase.run(SocketProcessorBase.java:52) ~[tomcat-embed-core-11.0.22.jar:11.0.22]
	at org.apache.tomcat.util.threads.ThreadPoolExecutor.runWorker(ThreadPoolExecutor.java:946) ~[tomcat-embed-core-11.0.22.jar:11.0.22]
	at org.apache.tomcat.util.threads.ThreadPoolExecutor$Worker.run(ThreadPoolExecutor.java:480) ~[tomcat-embed-core-11.0.22.jar:11.0.22]
	at org.apache.tomcat.util.threads.TaskThread$WrappingRunnable.run(TaskThread.java:57) ~[tomcat-embed-core-11.0.22.jar:11.0.22]
	at java.base/java.lang.Thread.run(Thread.java:1583) ~[na:na]

2026-07-26T13:27:26.584-04:00 DEBUG 29692 --- [lecturas] [http-nio-8081-exec-6] o.apache.coyote.http11.Http11Processor   : Error parsing HTTP request header

java.lang.IllegalArgumentException: Invalid character found in method name [0x160x030x010x07"0x010x000x070x1e0x030x0370xe70xf8l$0xfb0x98*}0xa1@0x00K*40x87sh0x860x080x040xe3 ]. HTTP method names must be tokens
	at org.apache.coyote.http11.Http11InputBuffer.parseRequestLine(Http11InputBuffer.java:391) ~[tomcat-embed-core-11.0.22.jar:11.0.22]
	at org.apache.coyote.http11.Http11Processor.service(Http11Processor.java:270) ~[tomcat-embed-core-11.0.22.jar:11.0.22]
	at org.apache.coyote.AbstractProcessorLight.process(AbstractProcessorLight.java:63) ~[tomcat-embed-core-11.0.22.jar:11.0.22]
	at org.apache.coyote.AbstractProtocol$ConnectionHandler.process(AbstractProtocol.java:1272) ~[tomcat-embed-core-11.0.22.jar:11.0.22]
	at org.apache.tomcat.util.net.NioEndpoint$SocketProcessor.doRun(NioEndpoint.java:1801) ~[tomcat-embed-core-11.0.22.jar:11.0.22]
	at org.apache.tomcat.util.net.SocketProcessorBase.run(SocketProcessorBase.java:52) ~[tomcat-embed-core-11.0.22.jar:11.0.22]
	at org.apache.tomcat.util.threads.ThreadPoolExecutor.runWorker(ThreadPoolExecutor.java:946) ~[tomcat-embed-core-11.0.22.jar:11.0.22]
	at org.apache.tomcat.util.threads.ThreadPoolExecutor$Worker.run(ThreadPoolExecutor.java:480) ~[tomcat-embed-core-11.0.22.jar:11.0.22]
	at org.apache.tomcat.util.threads.TaskThread$WrappingRunnable.run(TaskThread.java:57) ~[tomcat-embed-core-11.0.22.jar:11.0.22]
	at java.base/java.lang.Thread.run(Thread.java:1583) ~[na:na]

2026-07-26T13:27:26.584-04:00 DEBUG 29692 --- [lecturas] [http-nio-8081-exec-5] o.apache.coyote.http11.Http11Processor   : Error state [CLOSE_CLEAN] reported while processing request

java.lang.IllegalArgumentException: Invalid character found in method name [0x160x030x010x07"0x010x000x070x1e0x030x030xa6I0x170xf4IC:0xc170xe50x87sD0xab0x040x850xb3240xc20xec"0xd70xac0x8b0xe8I0xae0x030x1f90xdb ]. HTTP method names must be tokens
	at org.apache.coyote.http11.Http11InputBuffer.parseRequestLine(Http11InputBuffer.java:391) ~[tomcat-embed-core-11.0.22.jar:11.0.22]
	at org.apache.coyote.http11.Http11Processor.service(Http11Processor.java:270) ~[tomcat-embed-core-11.0.22.jar:11.0.22]
	at org.apache.coyote.AbstractProcessorLight.process(AbstractProcessorLight.java:63) ~[tomcat-embed-core-11.0.22.jar:11.0.22]
	at org.apache.coyote.AbstractProtocol$ConnectionHandler.process(AbstractProtocol.java:1272) ~[tomcat-embed-core-11.0.22.jar:11.0.22]
	at org.apache.tomcat.util.net.NioEndpoint$SocketProcessor.doRun(NioEndpoint.java:1801) ~[tomcat-embed-core-11.0.22.jar:11.0.22]
	at org.apache.tomcat.util.net.SocketProcessorBase.run(SocketProcessorBase.java:52) ~[tomcat-embed-core-11.0.22.jar:11.0.22]
	at org.apache.tomcat.util.threads.ThreadPoolExecutor.runWorker(ThreadPoolExecutor.java:946) ~[tomcat-embed-core-11.0.22.jar:11.0.22]
	at org.apache.tomcat.util.threads.ThreadPoolExecutor$Worker.run(ThreadPoolExecutor.java:480) ~[tomcat-embed-core-11.0.22.jar:11.0.22]
	at org.apache.tomcat.util.threads.TaskThread$WrappingRunnable.run(TaskThread.java:57) ~[tomcat-embed-core-11.0.22.jar:11.0.22]
	at java.base/java.lang.Thread.run(Thread.java:1583) ~[na:na]

2026-07-26T13:27:26.584-04:00 DEBUG 29692 --- [lecturas] [http-nio-8081-exec-6] o.apache.coyote.http11.Http11Processor   : Error state [CLOSE_CLEAN] reported while processing request

java.lang.IllegalArgumentException: Invalid character found in method name [0x160x030x010x07"0x010x000x070x1e0x030x0370xe70xf8l$0xfb0x98*}0xa1@0x00K*40x87sh0x860x080x040xe3 ]. HTTP method names must be tokens
	at org.apache.coyote.http11.Http11InputBuffer.parseRequestLine(Http11InputBuffer.java:391) ~[tomcat-embed-core-11.0.22.jar:11.0.22]
	at org.apache.coyote.http11.Http11Processor.service(Http11Processor.java:270) ~[tomcat-embed-core-11.0.22.jar:11.0.22]
	at org.apache.coyote.AbstractProcessorLight.process(AbstractProcessorLight.java:63) ~[tomcat-embed-core-11.0.22.jar:11.0.22]
	at org.apache.coyote.AbstractProtocol$ConnectionHandler.process(AbstractProtocol.java:1272) ~[tomcat-embed-core-11.0.22.jar:11.0.22]
	at org.apache.tomcat.util.net.NioEndpoint$SocketProcessor.doRun(NioEndpoint.java:1801) ~[tomcat-embed-core-11.0.22.jar:11.0.22]
	at org.apache.tomcat.util.net.SocketProcessorBase.run(SocketProcessorBase.java:52) ~[tomcat-embed-core-11.0.22.jar:11.0.22]
	at org.apache.tomcat.util.threads.ThreadPoolExecutor.runWorker(ThreadPoolExecutor.java:946) ~[tomcat-embed-core-11.0.22.jar:11.0.22]
	at org.apache.tomcat.util.threads.ThreadPoolExecutor$Worker.run(ThreadPoolExecutor.java:480) ~[tomcat-embed-core-11.0.22.jar:11.0.22]
	at org.apache.tomcat.util.threads.TaskThread$WrappingRunnable.run(TaskThread.java:57) ~[tomcat-embed-core-11.0.22.jar:11.0.22]
	at java.base/java.lang.Thread.run(Thread.java:1583) ~[na:na]

2026-07-26T13:27:26.584-04:00 DEBUG 29692 --- [lecturas] [http-nio-8081-exec-6] o.apache.coyote.http11.Http11Processor   : Error state [CLOSE_CLEAN] reported while processing request
2026-07-26T13:27:26.584-04:00 DEBUG 29692 --- [lecturas] [http-nio-8081-exec-5] o.apache.coyote.http11.Http11Processor   : Error state [CLOSE_CLEAN] reported while processing request
2026-07-26T13:27:26.584-04:00 DEBUG 29692 --- [lecturas] [http-nio-8081-exec-6] o.apache.coyote.http11.Http11Processor   : The HTTP/1.1 request did not provide a host header
2026-07-26T13:27:26.584-04:00 DEBUG 29692 --- [lecturas] [http-nio-8081-exec-5] o.apache.coyote.http11.Http11Processor   : The HTTP/1.1 request did not provide a host header
2026-07-26T13:27:50.946-04:00 DEBUG 29692 --- [lecturas] [HikariPool-2:housekeeper] com.zaxxer.hikari.pool.HikariPool        : HikariPool-2 - Pool stats (total=10/10, idle=10/10, active=0, waiting=0)
2026-07-26T13:27:50.946-04:00 DEBUG 29692 --- [lecturas] [HikariPool-2:housekeeper] com.zaxxer.hikari.pool.HikariPool        : HikariPool-2 - Fill pool skipped, pool has sufficient level or currently being filled.
2026-07-26T13:28:10.202-04:00 DEBUG 29692 --- [lecturas] [http-nio-8081-exec-7] o.apache.coyote.http11.Http11Processor   : Error parsing HTTP request header

java.lang.IllegalArgumentException: Invalid character found in method name [0x160x030x010x060xe20x010x000x060xde0x030x030x7f0x850xe90xc3b0x14C0x9b0x8d0x1c0x1c0x170x170xe10x930x090xefK0x0bi'0x840xfb0x12S0x1c@0x850x03;0xcc0xed ]. HTTP method names must be tokens
	at org.apache.coyote.http11.Http11InputBuffer.parseRequestLine(Http11InputBuffer.java:391) ~[tomcat-embed-core-11.0.22.jar:11.0.22]
	at org.apache.coyote.http11.Http11Processor.service(Http11Processor.java:270) ~[tomcat-embed-core-11.0.22.jar:11.0.22]
	at org.apache.coyote.AbstractProcessorLight.process(AbstractProcessorLight.java:63) ~[tomcat-embed-core-11.0.22.jar:11.0.22]
	at org.apache.coyote.AbstractProtocol$ConnectionHandler.process(AbstractProtocol.java:1272) ~[tomcat-embed-core-11.0.22.jar:11.0.22]
	at org.apache.tomcat.util.net.NioEndpoint$SocketProcessor.doRun(NioEndpoint.java:1801) ~[tomcat-embed-core-11.0.22.jar:11.0.22]
	at org.apache.tomcat.util.net.SocketProcessorBase.run(SocketProcessorBase.java:52) ~[tomcat-embed-core-11.0.22.jar:11.0.22]
	at org.apache.tomcat.util.threads.ThreadPoolExecutor.runWorker(ThreadPoolExecutor.java:946) ~[tomcat-embed-core-11.0.22.jar:11.0.22]
	at org.apache.tomcat.util.threads.ThreadPoolExecutor$Worker.run(ThreadPoolExecutor.java:480) ~[tomcat-embed-core-11.0.22.jar:11.0.22]
	at org.apache.tomcat.util.threads.TaskThread$WrappingRunnable.run(TaskThread.java:57) ~[tomcat-embed-core-11.0.22.jar:11.0.22]
	at java.base/java.lang.Thread.run(Thread.java:1583) ~[na:na]

2026-07-26T13:28:10.202-04:00 DEBUG 29692 --- [lecturas] [http-nio-8081-exec-7] o.apache.coyote.http11.Http11Processor   : Error state [CLOSE_CLEAN] reported while processing request

java.lang.IllegalArgumentException: Invalid character found in method name [0x160x030x010x060xe20x010x000x060xde0x030x030x7f0x850xe90xc3b0x14C0x9b0x8d0x1c0x1c0x170x170xe10x930x090xefK0x0bi'0x840xfb0x12S0x1c@0x850x03;0xcc0xed ]. HTTP method names must be tokens
	at org.apache.coyote.http11.Http11InputBuffer.parseRequestLine(Http11InputBuffer.java:391) ~[tomcat-embed-core-11.0.22.jar:11.0.22]
	at org.apache.coyote.http11.Http11Processor.service(Http11Processor.java:270) ~[tomcat-embed-core-11.0.22.jar:11.0.22]
	at org.apache.coyote.AbstractProcessorLight.process(AbstractProcessorLight.java:63) ~[tomcat-embed-core-11.0.22.jar:11.0.22]
	at org.apache.coyote.AbstractProtocol$ConnectionHandler.process(AbstractProtocol.java:1272) ~[tomcat-embed-core-11.0.22.jar:11.0.22]
	at org.apache.tomcat.util.net.NioEndpoint$SocketProcessor.doRun(NioEndpoint.java:1801) ~[tomcat-embed-core-11.0.22.jar:11.0.22]
	at org.apache.tomcat.util.net.SocketProcessorBase.run(SocketProcessorBase.java:52) ~[tomcat-embed-core-11.0.22.jar:11.0.22]
	at org.apache.tomcat.util.threads.ThreadPoolExecutor.runWorker(ThreadPoolExecutor.java:946) ~[tomcat-embed-core-11.0.22.jar:11.0.22]
	at org.apache.tomcat.util.threads.ThreadPoolExecutor$Worker.run(ThreadPoolExecutor.java:480) ~[tomcat-embed-core-11.0.22.jar:11.0.22]
	at org.apache.tomcat.util.threads.TaskThread$WrappingRunnable.run(TaskThread.java:57) ~[tomcat-embed-core-11.0.22.jar:11.0.22]
	at java.base/java.lang.Thread.run(Thread.java:1583) ~[na:na]

2026-07-26T13:28:10.202-04:00 DEBUG 29692 --- [lecturas] [http-nio-8081-exec-7] o.apache.coyote.http11.Http11Processor   : Error state [CLOSE_CLEAN] reported while processing request
2026-07-26T13:28:10.202-04:00 DEBUG 29692 --- [lecturas] [http-nio-8081-exec-7] o.apache.coyote.http11.Http11Processor   : The HTTP/1.1 request did not provide a host header
2026-07-26T13:28:10.202-04:00 DEBUG 29692 --- [lecturas] [http-nio-8081-exec-8] o.apache.coyote.http11.Http11Processor   : Error parsing HTTP request header

java.lang.IllegalArgumentException: Invalid character found in method name [0x160x030x010x060xe20x010x000x060xde0x030x03P0xd60xc3-m60x030x0d0xb60xab0x190xc60xb00xed0xdfZ0xc60xf4/0x97:d0xf30xeb0xc50xad0xd60x050xe30x890xc4~ ]. HTTP method names must be tokens
	at org.apache.coyote.http11.Http11InputBuffer.parseRequestLine(Http11InputBuffer.java:391) ~[tomcat-embed-core-11.0.22.jar:11.0.22]
	at org.apache.coyote.http11.Http11Processor.service(Http11Processor.java:270) ~[tomcat-embed-core-11.0.22.jar:11.0.22]
	at org.apache.coyote.AbstractProcessorLight.process(AbstractProcessorLight.java:63) ~[tomcat-embed-core-11.0.22.jar:11.0.22]
	at org.apache.coyote.AbstractProtocol$ConnectionHandler.process(AbstractProtocol.java:1272) ~[tomcat-embed-core-11.0.22.jar:11.0.22]
	at org.apache.tomcat.util.net.NioEndpoint$SocketProcessor.doRun(NioEndpoint.java:1801) ~[tomcat-embed-core-11.0.22.jar:11.0.22]
	at org.apache.tomcat.util.net.SocketProcessorBase.run(SocketProcessorBase.java:52) ~[tomcat-embed-core-11.0.22.jar:11.0.22]
	at org.apache.tomcat.util.threads.ThreadPoolExecutor.runWorker(ThreadPoolExecutor.java:946) ~[tomcat-embed-core-11.0.22.jar:11.0.22]
	at org.apache.tomcat.util.threads.ThreadPoolExecutor$Worker.run(ThreadPoolExecutor.java:480) ~[tomcat-embed-core-11.0.22.jar:11.0.22]
	at org.apache.tomcat.util.threads.TaskThread$WrappingRunnable.run(TaskThread.java:57) ~[tomcat-embed-core-11.0.22.jar:11.0.22]
	at java.base/java.lang.Thread.run(Thread.java:1583) ~[na:na]

2026-07-26T13:28:10.202-04:00 DEBUG 29692 --- [lecturas] [http-nio-8081-exec-8] o.apache.coyote.http11.Http11Processor   : Error state [CLOSE_CLEAN] reported while processing request

java.lang.IllegalArgumentException: Invalid character found in method name [0x160x030x010x060xe20x010x000x060xde0x030x03P0xd60xc3-m60x030x0d0xb60xab0x190xc60xb00xed0xdfZ0xc60xf4/0x97:d0xf30xeb0xc50xad0xd60x050xe30x890xc4~ ]. HTTP method names must be tokens
	at org.apache.coyote.http11.Http11InputBuffer.parseRequestLine(Http11InputBuffer.java:391) ~[tomcat-embed-core-11.0.22.jar:11.0.22]
	at org.apache.coyote.http11.Http11Processor.service(Http11Processor.java:270) ~[tomcat-embed-core-11.0.22.jar:11.0.22]
	at org.apache.coyote.AbstractProcessorLight.process(AbstractProcessorLight.java:63) ~[tomcat-embed-core-11.0.22.jar:11.0.22]
	at org.apache.coyote.AbstractProtocol$ConnectionHandler.process(AbstractProtocol.java:1272) ~[tomcat-embed-core-11.0.22.jar:11.0.22]
	at org.apache.tomcat.util.net.NioEndpoint$SocketProcessor.doRun(NioEndpoint.java:1801) ~[tomcat-embed-core-11.0.22.jar:11.0.22]
	at org.apache.tomcat.util.net.SocketProcessorBase.run(SocketProcessorBase.java:52) ~[tomcat-embed-core-11.0.22.jar:11.0.22]
	at org.apache.tomcat.util.threads.ThreadPoolExecutor.runWorker(ThreadPoolExecutor.java:946) ~[tomcat-embed-core-11.0.22.jar:11.0.22]
	at org.apache.tomcat.util.threads.ThreadPoolExecutor$Worker.run(ThreadPoolExecutor.java:480) ~[tomcat-embed-core-11.0.22.jar:11.0.22]
	at org.apache.tomcat.util.threads.TaskThread$WrappingRunnable.run(TaskThread.java:57) ~[tomcat-embed-core-11.0.22.jar:11.0.22]
	at java.base/java.lang.Thread.run(Thread.java:1583) ~[na:na]

2026-07-26T13:28:10.202-04:00 DEBUG 29692 --- [lecturas] [http-nio-8081-exec-8] o.apache.coyote.http11.Http11Processor   : Error state [CLOSE_CLEAN] reported while processing request
2026-07-26T13:28:10.202-04:00 DEBUG 29692 --- [lecturas] [http-nio-8081-exec-8] o.apache.coyote.http11.Http11Processor   : The HTTP/1.1 request did not provide a host header
2026-07-26T13:28:10.219-04:00 DEBUG 29692 --- [lecturas] [http-nio-8081-exec-9] o.apache.coyote.http11.Http11Processor   : Error parsing HTTP request header

java.lang.IllegalArgumentException: Invalid character found in method name [0x160x030x010x07"0x010x000x070x1e0x030x03O0xb6A0x100x060xea0x8dOV0xfd0xb70x17-:0x0b0xb2.0xb90xab0xea0x9a;YP0xa10x060x18R0xc30xbc0x010xb3 ]. HTTP method names must be tokens
	at org.apache.coyote.http11.Http11InputBuffer.parseRequestLine(Http11InputBuffer.java:391) ~[tomcat-embed-core-11.0.22.jar:11.0.22]
	at org.apache.coyote.http11.Http11Processor.service(Http11Processor.java:270) ~[tomcat-embed-core-11.0.22.jar:11.0.22]
	at org.apache.coyote.AbstractProcessorLight.process(AbstractProcessorLight.java:63) ~[tomcat-embed-core-11.0.22.jar:11.0.22]
	at org.apache.coyote.AbstractProtocol$ConnectionHandler.process(AbstractProtocol.java:1272) ~[tomcat-embed-core-11.0.22.jar:11.0.22]
	at org.apache.tomcat.util.net.NioEndpoint$SocketProcessor.doRun(NioEndpoint.java:1801) ~[tomcat-embed-core-11.0.22.jar:11.0.22]
	at org.apache.tomcat.util.net.SocketProcessorBase.run(SocketProcessorBase.java:52) ~[tomcat-embed-core-11.0.22.jar:11.0.22]
	at org.apache.tomcat.util.threads.ThreadPoolExecutor.runWorker(ThreadPoolExecutor.java:946) ~[tomcat-embed-core-11.0.22.jar:11.0.22]
	at org.apache.tomcat.util.threads.ThreadPoolExecutor$Worker.run(ThreadPoolExecutor.java:480) ~[tomcat-embed-core-11.0.22.jar:11.0.22]
	at org.apache.tomcat.util.threads.TaskThread$WrappingRunnable.run(TaskThread.java:57) ~[tomcat-embed-core-11.0.22.jar:11.0.22]
	at java.base/java.lang.Thread.run(Thread.java:1583) ~[na:na]

2026-07-26T13:28:10.219-04:00 DEBUG 29692 --- [lecturas] [http-nio-8081-exec-10] o.apache.coyote.http11.Http11Processor   : Error parsing HTTP request header

java.lang.IllegalArgumentException: Invalid character found in method name [0x160x030x010x060xe20x010x000x060xde0x030x030xd5Gi0xa20x88^0xa7E0xb20s0xec0xd4w0xc020xe70xa10x18i0x1d60xfc;^0xd10x810xcd0xb30x030xa00xec ]. HTTP method names must be tokens
	at org.apache.coyote.http11.Http11InputBuffer.parseRequestLine(Http11InputBuffer.java:391) ~[tomcat-embed-core-11.0.22.jar:11.0.22]
	at org.apache.coyote.http11.Http11Processor.service(Http11Processor.java:270) ~[tomcat-embed-core-11.0.22.jar:11.0.22]
	at org.apache.coyote.AbstractProcessorLight.process(AbstractProcessorLight.java:63) ~[tomcat-embed-core-11.0.22.jar:11.0.22]
	at org.apache.coyote.AbstractProtocol$ConnectionHandler.process(AbstractProtocol.java:1272) ~[tomcat-embed-core-11.0.22.jar:11.0.22]
	at org.apache.tomcat.util.net.NioEndpoint$SocketProcessor.doRun(NioEndpoint.java:1801) ~[tomcat-embed-core-11.0.22.jar:11.0.22]
	at org.apache.tomcat.util.net.SocketProcessorBase.run(SocketProcessorBase.java:52) ~[tomcat-embed-core-11.0.22.jar:11.0.22]
	at org.apache.tomcat.util.threads.ThreadPoolExecutor.runWorker(ThreadPoolExecutor.java:946) ~[tomcat-embed-core-11.0.22.jar:11.0.22]
	at org.apache.tomcat.util.threads.ThreadPoolExecutor$Worker.run(ThreadPoolExecutor.java:480) ~[tomcat-embed-core-11.0.22.jar:11.0.22]
	at org.apache.tomcat.util.threads.TaskThread$WrappingRunnable.run(TaskThread.java:57) ~[tomcat-embed-core-11.0.22.jar:11.0.22]
	at java.base/java.lang.Thread.run(Thread.java:1583) ~[na:na]

2026-07-26T13:28:10.219-04:00 DEBUG 29692 --- [lecturas] [http-nio-8081-exec-10] o.apache.coyote.http11.Http11Processor   : Error state [CLOSE_CLEAN] reported while processing request

java.lang.IllegalArgumentException: Invalid character found in method name [0x160x030x010x060xe20x010x000x060xde0x030x030xd5Gi0xa20x88^0xa7E0xb20s0xec0xd4w0xc020xe70xa10x18i0x1d60xfc;^0xd10x810xcd0xb30x030xa00xec ]. HTTP method names must be tokens
	at org.apache.coyote.http11.Http11InputBuffer.parseRequestLine(Http11InputBuffer.java:391) ~[tomcat-embed-core-11.0.22.jar:11.0.22]
	at org.apache.coyote.http11.Http11Processor.service(Http11Processor.java:270) ~[tomcat-embed-core-11.0.22.jar:11.0.22]
	at org.apache.coyote.AbstractProcessorLight.process(AbstractProcessorLight.java:63) ~[tomcat-embed-core-11.0.22.jar:11.0.22]
	at org.apache.coyote.AbstractProtocol$ConnectionHandler.process(AbstractProtocol.java:1272) ~[tomcat-embed-core-11.0.22.jar:11.0.22]
	at org.apache.tomcat.util.net.NioEndpoint$SocketProcessor.doRun(NioEndpoint.java:1801) ~[tomcat-embed-core-11.0.22.jar:11.0.22]
	at org.apache.tomcat.util.net.SocketProcessorBase.run(SocketProcessorBase.java:52) ~[tomcat-embed-core-11.0.22.jar:11.0.22]
	at org.apache.tomcat.util.threads.ThreadPoolExecutor.runWorker(ThreadPoolExecutor.java:946) ~[tomcat-embed-core-11.0.22.jar:11.0.22]
	at org.apache.tomcat.util.threads.ThreadPoolExecutor$Worker.run(ThreadPoolExecutor.java:480) ~[tomcat-embed-core-11.0.22.jar:11.0.22]
	at org.apache.tomcat.util.threads.TaskThread$WrappingRunnable.run(TaskThread.java:57) ~[tomcat-embed-core-11.0.22.jar:11.0.22]
	at java.base/java.lang.Thread.run(Thread.java:1583) ~[na:na]

2026-07-26T13:28:10.219-04:00 DEBUG 29692 --- [lecturas] [http-nio-8081-exec-9] o.apache.coyote.http11.Http11Processor   : Error state [CLOSE_CLEAN] reported while processing request

java.lang.IllegalArgumentException: Invalid character found in method name [0x160x030x010x07"0x010x000x070x1e0x030x03O0xb6A0x100x060xea0x8dOV0xfd0xb70x17-:0x0b0xb2.0xb90xab0xea0x9a;YP0xa10x060x18R0xc30xbc0x010xb3 ]. HTTP method names must be tokens
	at org.apache.coyote.http11.Http11InputBuffer.parseRequestLine(Http11InputBuffer.java:391) ~[tomcat-embed-core-11.0.22.jar:11.0.22]
	at org.apache.coyote.http11.Http11Processor.service(Http11Processor.java:270) ~[tomcat-embed-core-11.0.22.jar:11.0.22]
	at org.apache.coyote.AbstractProcessorLight.process(AbstractProcessorLight.java:63) ~[tomcat-embed-core-11.0.22.jar:11.0.22]
	at org.apache.coyote.AbstractProtocol$ConnectionHandler.process(AbstractProtocol.java:1272) ~[tomcat-embed-core-11.0.22.jar:11.0.22]
	at org.apache.tomcat.util.net.NioEndpoint$SocketProcessor.doRun(NioEndpoint.java:1801) ~[tomcat-embed-core-11.0.22.jar:11.0.22]
	at org.apache.tomcat.util.net.SocketProcessorBase.run(SocketProcessorBase.java:52) ~[tomcat-embed-core-11.0.22.jar:11.0.22]
	at org.apache.tomcat.util.threads.ThreadPoolExecutor.runWorker(ThreadPoolExecutor.java:946) ~[tomcat-embed-core-11.0.22.jar:11.0.22]
	at org.apache.tomcat.util.threads.ThreadPoolExecutor$Worker.run(ThreadPoolExecutor.java:480) ~[tomcat-embed-core-11.0.22.jar:11.0.22]
	at org.apache.tomcat.util.threads.TaskThread$WrappingRunnable.run(TaskThread.java:57) ~[tomcat-embed-core-11.0.22.jar:11.0.22]
	at java.base/java.lang.Thread.run(Thread.java:1583) ~[na:na]

2026-07-26T13:28:10.219-04:00 DEBUG 29692 --- [lecturas] [http-nio-8081-exec-10] o.apache.coyote.http11.Http11Processor   : Error state [CLOSE_CLEAN] reported while processing request
2026-07-26T13:28:10.219-04:00 DEBUG 29692 --- [lecturas] [http-nio-8081-exec-9] o.apache.coyote.http11.Http11Processor   : Error state [CLOSE_CLEAN] reported while processing request
2026-07-26T13:28:10.219-04:00 DEBUG 29692 --- [lecturas] [http-nio-8081-exec-10] o.apache.coyote.http11.Http11Processor   : The HTTP/1.1 request did not provide a host header
2026-07-26T13:28:10.219-04:00 DEBUG 29692 --- [lecturas] [http-nio-8081-exec-9] o.apache.coyote.http11.Http11Processor   : The HTTP/1.1 request did not provide a host header
2026-07-26T13:28:10.219-04:00 DEBUG 29692 --- [lecturas] [http-nio-8081-exec-1] o.apache.coyote.http11.Http11Processor   : Error parsing HTTP request header

java.lang.IllegalArgumentException: Invalid character found in method name [0x160x030x010x060xc20x010x000x060xbe0x030x030xdd0x900x8c0xb30xe1q0xa0_c70xd5&0xa6E0xfa0xb60xf90x9a0xb7'm0xa020x0160xbe0xe30xaf0xa5f0x910xe1 ]. HTTP method names must be tokens
	at org.apache.coyote.http11.Http11InputBuffer.parseRequestLine(Http11InputBuffer.java:391) ~[tomcat-embed-core-11.0.22.jar:11.0.22]
	at org.apache.coyote.http11.Http11Processor.service(Http11Processor.java:270) ~[tomcat-embed-core-11.0.22.jar:11.0.22]
	at org.apache.coyote.AbstractProcessorLight.process(AbstractProcessorLight.java:63) ~[tomcat-embed-core-11.0.22.jar:11.0.22]
	at org.apache.coyote.AbstractProtocol$ConnectionHandler.process(AbstractProtocol.java:1272) ~[tomcat-embed-core-11.0.22.jar:11.0.22]
	at org.apache.tomcat.util.net.NioEndpoint$SocketProcessor.doRun(NioEndpoint.java:1801) ~[tomcat-embed-core-11.0.22.jar:11.0.22]
	at org.apache.tomcat.util.net.SocketProcessorBase.run(SocketProcessorBase.java:52) ~[tomcat-embed-core-11.0.22.jar:11.0.22]
	at org.apache.tomcat.util.threads.ThreadPoolExecutor.runWorker(ThreadPoolExecutor.java:946) ~[tomcat-embed-core-11.0.22.jar:11.0.22]
	at org.apache.tomcat.util.threads.ThreadPoolExecutor$Worker.run(ThreadPoolExecutor.java:480) ~[tomcat-embed-core-11.0.22.jar:11.0.22]
	at org.apache.tomcat.util.threads.TaskThread$WrappingRunnable.run(TaskThread.java:57) ~[tomcat-embed-core-11.0.22.jar:11.0.22]
	at java.base/java.lang.Thread.run(Thread.java:1583) ~[na:na]

2026-07-26T13:28:10.219-04:00 DEBUG 29692 --- [lecturas] [http-nio-8081-exec-2] o.apache.coyote.http11.Http11Processor   : Error parsing HTTP request header

java.lang.IllegalArgumentException: Invalid character found in method name [0x160x030x010x07"0x010x000x070x1e0x030x03?0xe20xefZ0xdaP0xfe0xf80xb4y0x8f}l0xfc0xc40xe10xf5C0x190x1b&0xc5k+H==Wra0x000x9a ]. HTTP method names must be tokens
	at org.apache.coyote.http11.Http11InputBuffer.parseRequestLine(Http11InputBuffer.java:391) ~[tomcat-embed-core-11.0.22.jar:11.0.22]
	at org.apache.coyote.http11.Http11Processor.service(Http11Processor.java:270) ~[tomcat-embed-core-11.0.22.jar:11.0.22]
	at org.apache.coyote.AbstractProcessorLight.process(AbstractProcessorLight.java:63) ~[tomcat-embed-core-11.0.22.jar:11.0.22]
	at org.apache.coyote.AbstractProtocol$ConnectionHandler.process(AbstractProtocol.java:1272) ~[tomcat-embed-core-11.0.22.jar:11.0.22]
	at org.apache.tomcat.util.net.NioEndpoint$SocketProcessor.doRun(NioEndpoint.java:1801) ~[tomcat-embed-core-11.0.22.jar:11.0.22]
	at org.apache.tomcat.util.net.SocketProcessorBase.run(SocketProcessorBase.java:52) ~[tomcat-embed-core-11.0.22.jar:11.0.22]
	at org.apache.tomcat.util.threads.ThreadPoolExecutor.runWorker(ThreadPoolExecutor.java:946) ~[tomcat-embed-core-11.0.22.jar:11.0.22]
	at org.apache.tomcat.util.threads.ThreadPoolExecutor$Worker.run(ThreadPoolExecutor.java:480) ~[tomcat-embed-core-11.0.22.jar:11.0.22]
	at org.apache.tomcat.util.threads.TaskThread$WrappingRunnable.run(TaskThread.java:57) ~[tomcat-embed-core-11.0.22.jar:11.0.22]
	at java.base/java.lang.Thread.run(Thread.java:1583) ~[na:na]

2026-07-26T13:28:10.219-04:00 DEBUG 29692 --- [lecturas] [http-nio-8081-exec-1] o.apache.coyote.http11.Http11Processor   : Error state [CLOSE_CLEAN] reported while processing request

java.lang.IllegalArgumentException: Invalid character found in method name [0x160x030x010x060xc20x010x000x060xbe0x030x030xdd0x900x8c0xb30xe1q0xa0_c70xd5&0xa6E0xfa0xb60xf90x9a0xb7'm0xa020x0160xbe0xe30xaf0xa5f0x910xe1 ]. HTTP method names must be tokens
	at org.apache.coyote.http11.Http11InputBuffer.parseRequestLine(Http11InputBuffer.java:391) ~[tomcat-embed-core-11.0.22.jar:11.0.22]
	at org.apache.coyote.http11.Http11Processor.service(Http11Processor.java:270) ~[tomcat-embed-core-11.0.22.jar:11.0.22]
	at org.apache.coyote.AbstractProcessorLight.process(AbstractProcessorLight.java:63) ~[tomcat-embed-core-11.0.22.jar:11.0.22]
	at org.apache.coyote.AbstractProtocol$ConnectionHandler.process(AbstractProtocol.java:1272) ~[tomcat-embed-core-11.0.22.jar:11.0.22]
	at org.apache.tomcat.util.net.NioEndpoint$SocketProcessor.doRun(NioEndpoint.java:1801) ~[tomcat-embed-core-11.0.22.jar:11.0.22]
	at org.apache.tomcat.util.net.SocketProcessorBase.run(SocketProcessorBase.java:52) ~[tomcat-embed-core-11.0.22.jar:11.0.22]
	at org.apache.tomcat.util.threads.ThreadPoolExecutor.runWorker(ThreadPoolExecutor.java:946) ~[tomcat-embed-core-11.0.22.jar:11.0.22]
	at org.apache.tomcat.util.threads.ThreadPoolExecutor$Worker.run(ThreadPoolExecutor.java:480) ~[tomcat-embed-core-11.0.22.jar:11.0.22]
	at org.apache.tomcat.util.threads.TaskThread$WrappingRunnable.run(TaskThread.java:57) ~[tomcat-embed-core-11.0.22.jar:11.0.22]
	at java.base/java.lang.Thread.run(Thread.java:1583) ~[na:na]

2026-07-26T13:28:10.219-04:00 DEBUG 29692 --- [lecturas] [http-nio-8081-exec-2] o.apache.coyote.http11.Http11Processor   : Error state [CLOSE_CLEAN] reported while processing request

java.lang.IllegalArgumentException: Invalid character found in method name [0x160x030x010x07"0x010x000x070x1e0x030x03?0xe20xefZ0xdaP0xfe0xf80xb4y0x8f}l0xfc0xc40xe10xf5C0x190x1b&0xc5k+H==Wra0x000x9a ]. HTTP method names must be tokens
	at org.apache.coyote.http11.Http11InputBuffer.parseRequestLine(Http11InputBuffer.java:391) ~[tomcat-embed-core-11.0.22.jar:11.0.22]
	at org.apache.coyote.http11.Http11Processor.service(Http11Processor.java:270) ~[tomcat-embed-core-11.0.22.jar:11.0.22]
	at org.apache.coyote.AbstractProcessorLight.process(AbstractProcessorLight.java:63) ~[tomcat-embed-core-11.0.22.jar:11.0.22]
	at org.apache.coyote.AbstractProtocol$ConnectionHandler.process(AbstractProtocol.java:1272) ~[tomcat-embed-core-11.0.22.jar:11.0.22]
	at org.apache.tomcat.util.net.NioEndpoint$SocketProcessor.doRun(NioEndpoint.java:1801) ~[tomcat-embed-core-11.0.22.jar:11.0.22]
	at org.apache.tomcat.util.net.SocketProcessorBase.run(SocketProcessorBase.java:52) ~[tomcat-embed-core-11.0.22.jar:11.0.22]
	at org.apache.tomcat.util.threads.ThreadPoolExecutor.runWorker(ThreadPoolExecutor.java:946) ~[tomcat-embed-core-11.0.22.jar:11.0.22]
	at org.apache.tomcat.util.threads.ThreadPoolExecutor$Worker.run(ThreadPoolExecutor.java:480) ~[tomcat-embed-core-11.0.22.jar:11.0.22]
	at org.apache.tomcat.util.threads.TaskThread$WrappingRunnable.run(TaskThread.java:57) ~[tomcat-embed-core-11.0.22.jar:11.0.22]
	at java.base/java.lang.Thread.run(Thread.java:1583) ~[na:na]

2026-07-26T13:28:10.219-04:00 DEBUG 29692 --- [lecturas] [http-nio-8081-exec-1] o.apache.coyote.http11.Http11Processor   : Error state [CLOSE_CLEAN] reported while processing request
2026-07-26T13:28:10.219-04:00 DEBUG 29692 --- [lecturas] [http-nio-8081-exec-1] o.apache.coyote.http11.Http11Processor   : The HTTP/1.1 request did not provide a host header
2026-07-26T13:28:10.219-04:00 DEBUG 29692 --- [lecturas] [http-nio-8081-exec-2] o.apache.coyote.http11.Http11Processor   : Error state [CLOSE_CLEAN] reported while processing request
2026-07-26T13:28:10.219-04:00 DEBUG 29692 --- [lecturas] [http-nio-8081-exec-2] o.apache.coyote.http11.Http11Processor   : The HTTP/1.1 request did not provide a host header
2026-07-26T13:28:12.110-04:00 DEBUG 29692 --- [lecturas] [http-nio-8081-exec-4] o.apache.coyote.http11.Http11Processor   : Error parsing HTTP request header

java.lang.IllegalArgumentException: Invalid character found in method name [0x160x030x010x060xe20x010x000x060xde0x030x03?0x1c0xbb0x890xa20xfe0xfa.d"0xc8;0xa080xfa0xf70x85(0xc30xe50x04bKj0x15>0x9aX`0x830xc4C ]. HTTP method names must be tokens
	at org.apache.coyote.http11.Http11InputBuffer.parseRequestLine(Http11InputBuffer.java:391) ~[tomcat-embed-core-11.0.22.jar:11.0.22]
	at org.apache.coyote.http11.Http11Processor.service(Http11Processor.java:270) ~[tomcat-embed-core-11.0.22.jar:11.0.22]
	at org.apache.coyote.AbstractProcessorLight.process(AbstractProcessorLight.java:63) ~[tomcat-embed-core-11.0.22.jar:11.0.22]
	at org.apache.coyote.AbstractProtocol$ConnectionHandler.process(AbstractProtocol.java:1272) ~[tomcat-embed-core-11.0.22.jar:11.0.22]
	at org.apache.tomcat.util.net.NioEndpoint$SocketProcessor.doRun(NioEndpoint.java:1801) ~[tomcat-embed-core-11.0.22.jar:11.0.22]
	at org.apache.tomcat.util.net.SocketProcessorBase.run(SocketProcessorBase.java:52) ~[tomcat-embed-core-11.0.22.jar:11.0.22]
	at org.apache.tomcat.util.threads.ThreadPoolExecutor.runWorker(ThreadPoolExecutor.java:946) ~[tomcat-embed-core-11.0.22.jar:11.0.22]
	at org.apache.tomcat.util.threads.ThreadPoolExecutor$Worker.run(ThreadPoolExecutor.java:480) ~[tomcat-embed-core-11.0.22.jar:11.0.22]
	at org.apache.tomcat.util.threads.TaskThread$WrappingRunnable.run(TaskThread.java:57) ~[tomcat-embed-core-11.0.22.jar:11.0.22]
	at java.base/java.lang.Thread.run(Thread.java:1583) ~[na:na]

2026-07-26T13:28:12.115-04:00 DEBUG 29692 --- [lecturas] [http-nio-8081-exec-4] o.apache.coyote.http11.Http11Processor   : Error state [CLOSE_CLEAN] reported while processing request

java.lang.IllegalArgumentException: Invalid character found in method name [0x160x030x010x060xe20x010x000x060xde0x030x03?0x1c0xbb0x890xa20xfe0xfa.d"0xc8;0xa080xfa0xf70x85(0xc30xe50x04bKj0x15>0x9aX`0x830xc4C ]. HTTP method names must be tokens
	at org.apache.coyote.http11.Http11InputBuffer.parseRequestLine(Http11InputBuffer.java:391) ~[tomcat-embed-core-11.0.22.jar:11.0.22]
	at org.apache.coyote.http11.Http11Processor.service(Http11Processor.java:270) ~[tomcat-embed-core-11.0.22.jar:11.0.22]
	at org.apache.coyote.AbstractProcessorLight.process(AbstractProcessorLight.java:63) ~[tomcat-embed-core-11.0.22.jar:11.0.22]
	at org.apache.coyote.AbstractProtocol$ConnectionHandler.process(AbstractProtocol.java:1272) ~[tomcat-embed-core-11.0.22.jar:11.0.22]
	at org.apache.tomcat.util.net.NioEndpoint$SocketProcessor.doRun(NioEndpoint.java:1801) ~[tomcat-embed-core-11.0.22.jar:11.0.22]
	at org.apache.tomcat.util.net.SocketProcessorBase.run(SocketProcessorBase.java:52) ~[tomcat-embed-core-11.0.22.jar:11.0.22]
	at org.apache.tomcat.util.threads.ThreadPoolExecutor.runWorker(ThreadPoolExecutor.java:946) ~[tomcat-embed-core-11.0.22.jar:11.0.22]
	at org.apache.tomcat.util.threads.ThreadPoolExecutor$Worker.run(ThreadPoolExecutor.java:480) ~[tomcat-embed-core-11.0.22.jar:11.0.22]
	at org.apache.tomcat.util.threads.TaskThread$WrappingRunnable.run(TaskThread.java:57) ~[tomcat-embed-core-11.0.22.jar:11.0.22]
	at java.base/java.lang.Thread.run(Thread.java:1583) ~[na:na]

2026-07-26T13:28:12.115-04:00 DEBUG 29692 --- [lecturas] [http-nio-8081-exec-4] o.apache.coyote.http11.Http11Processor   : Error state [CLOSE_CLEAN] reported while processing request
2026-07-26T13:28:12.115-04:00 DEBUG 29692 --- [lecturas] [http-nio-8081-exec-4] o.apache.coyote.http11.Http11Processor   : The HTTP/1.1 request did not provide a host header
2026-07-26T13:28:12.115-04:00 DEBUG 29692 --- [lecturas] [http-nio-8081-exec-3] o.apache.coyote.http11.Http11Processor   : Error parsing HTTP request header

java.lang.IllegalArgumentException: Invalid character found in method name [0x160x030x010x060xe20x010x000x060xde0x030x03|0xfc0x9cb0x940x150xfd0xdf0x950xd60xa80xdf0xd40xb50xee0xe00xd6CN5T=~0x9b~h|H840xa10xb3 ]. HTTP method names must be tokens
	at org.apache.coyote.http11.Http11InputBuffer.parseRequestLine(Http11InputBuffer.java:391) ~[tomcat-embed-core-11.0.22.jar:11.0.22]
	at org.apache.coyote.http11.Http11Processor.service(Http11Processor.java:270) ~[tomcat-embed-core-11.0.22.jar:11.0.22]
	at org.apache.coyote.AbstractProcessorLight.process(AbstractProcessorLight.java:63) ~[tomcat-embed-core-11.0.22.jar:11.0.22]
	at org.apache.coyote.AbstractProtocol$ConnectionHandler.process(AbstractProtocol.java:1272) ~[tomcat-embed-core-11.0.22.jar:11.0.22]
	at org.apache.tomcat.util.net.NioEndpoint$SocketProcessor.doRun(NioEndpoint.java:1801) ~[tomcat-embed-core-11.0.22.jar:11.0.22]
	at org.apache.tomcat.util.net.SocketProcessorBase.run(SocketProcessorBase.java:52) ~[tomcat-embed-core-11.0.22.jar:11.0.22]
	at org.apache.tomcat.util.threads.ThreadPoolExecutor.runWorker(ThreadPoolExecutor.java:946) ~[tomcat-embed-core-11.0.22.jar:11.0.22]
	at org.apache.tomcat.util.threads.ThreadPoolExecutor$Worker.run(ThreadPoolExecutor.java:480) ~[tomcat-embed-core-11.0.22.jar:11.0.22]
	at org.apache.tomcat.util.threads.TaskThread$WrappingRunnable.run(TaskThread.java:57) ~[tomcat-embed-core-11.0.22.jar:11.0.22]
	at java.base/java.lang.Thread.run(Thread.java:1583) ~[na:na]

2026-07-26T13:28:12.115-04:00 DEBUG 29692 --- [lecturas] [http-nio-8081-exec-3] o.apache.coyote.http11.Http11Processor   : Error state [CLOSE_CLEAN] reported while processing request

java.lang.IllegalArgumentException: Invalid character found in method name [0x160x030x010x060xe20x010x000x060xde0x030x03|0xfc0x9cb0x940x150xfd0xdf0x950xd60xa80xdf0xd40xb50xee0xe00xd6CN5T=~0x9b~h|H840xa10xb3 ]. HTTP method names must be tokens
	at org.apache.coyote.http11.Http11InputBuffer.parseRequestLine(Http11InputBuffer.java:391) ~[tomcat-embed-core-11.0.22.jar:11.0.22]
	at org.apache.coyote.http11.Http11Processor.service(Http11Processor.java:270) ~[tomcat-embed-core-11.0.22.jar:11.0.22]
	at org.apache.coyote.AbstractProcessorLight.process(AbstractProcessorLight.java:63) ~[tomcat-embed-core-11.0.22.jar:11.0.22]
	at org.apache.coyote.AbstractProtocol$ConnectionHandler.process(AbstractProtocol.java:1272) ~[tomcat-embed-core-11.0.22.jar:11.0.22]
	at org.apache.tomcat.util.net.NioEndpoint$SocketProcessor.doRun(NioEndpoint.java:1801) ~[tomcat-embed-core-11.0.22.jar:11.0.22]
	at org.apache.tomcat.util.net.SocketProcessorBase.run(SocketProcessorBase.java:52) ~[tomcat-embed-core-11.0.22.jar:11.0.22]
	at org.apache.tomcat.util.threads.ThreadPoolExecutor.runWorker(ThreadPoolExecutor.java:946) ~[tomcat-embed-core-11.0.22.jar:11.0.22]
	at org.apache.tomcat.util.threads.ThreadPoolExecutor$Worker.run(ThreadPoolExecutor.java:480) ~[tomcat-embed-core-11.0.22.jar:11.0.22]
	at org.apache.tomcat.util.threads.TaskThread$WrappingRunnable.run(TaskThread.java:57) ~[tomcat-embed-core-11.0.22.jar:11.0.22]
	at java.base/java.lang.Thread.run(Thread.java:1583) ~[na:na]

2026-07-26T13:28:12.115-04:00 DEBUG 29692 --- [lecturas] [http-nio-8081-exec-3] o.apache.coyote.http11.Http11Processor   : Error state [CLOSE_CLEAN] reported while processing request
2026-07-26T13:28:12.115-04:00 DEBUG 29692 --- [lecturas] [http-nio-8081-exec-3] o.apache.coyote.http11.Http11Processor   : The HTTP/1.1 request did not provide a host header
2026-07-26T13:28:12.132-04:00 DEBUG 29692 --- [lecturas] [http-nio-8081-exec-6] o.apache.coyote.http11.Http11Processor   : Error parsing HTTP request header

java.lang.IllegalArgumentException: Invalid character found in method name [0x160x030x010x060xc20x010x000x060xbe0x030x030xd0<WF0xe50x9bu0xcc0xd60xfc0xd00xfb0xe7P0x110B0xc00xfb0xcc0xdc0xcc0x840x0aE0x97kW0xfb)0x000xa2 ]. HTTP method names must be tokens
	at org.apache.coyote.http11.Http11InputBuffer.parseRequestLine(Http11InputBuffer.java:391) ~[tomcat-embed-core-11.0.22.jar:11.0.22]
	at org.apache.coyote.http11.Http11Processor.service(Http11Processor.java:270) ~[tomcat-embed-core-11.0.22.jar:11.0.22]
	at org.apache.coyote.AbstractProcessorLight.process(AbstractProcessorLight.java:63) ~[tomcat-embed-core-11.0.22.jar:11.0.22]
	at org.apache.coyote.AbstractProtocol$ConnectionHandler.process(AbstractProtocol.java:1272) ~[tomcat-embed-core-11.0.22.jar:11.0.22]
	at org.apache.tomcat.util.net.NioEndpoint$SocketProcessor.doRun(NioEndpoint.java:1801) ~[tomcat-embed-core-11.0.22.jar:11.0.22]
	at org.apache.tomcat.util.net.SocketProcessorBase.run(SocketProcessorBase.java:52) ~[tomcat-embed-core-11.0.22.jar:11.0.22]
	at org.apache.tomcat.util.threads.ThreadPoolExecutor.runWorker(ThreadPoolExecutor.java:946) ~[tomcat-embed-core-11.0.22.jar:11.0.22]
	at org.apache.tomcat.util.threads.ThreadPoolExecutor$Worker.run(ThreadPoolExecutor.java:480) ~[tomcat-embed-core-11.0.22.jar:11.0.22]
	at org.apache.tomcat.util.threads.TaskThread$WrappingRunnable.run(TaskThread.java:57) ~[tomcat-embed-core-11.0.22.jar:11.0.22]
	at java.base/java.lang.Thread.run(Thread.java:1583) ~[na:na]

2026-07-26T13:28:12.132-04:00 DEBUG 29692 --- [lecturas] [http-nio-8081-exec-5] o.apache.coyote.http11.Http11Processor   : Error parsing HTTP request header

java.lang.IllegalArgumentException: Invalid character found in method name [0x160x030x010x070x020x010x000x060xfe0x030x03-0x140xb20x8fh#60x19]W0xe50xccYt`0xd30x9f0x1a0x9c0xa50x9dC0x990x800x920x900xb70x94Q900xab ]. HTTP method names must be tokens
	at org.apache.coyote.http11.Http11InputBuffer.parseRequestLine(Http11InputBuffer.java:391) ~[tomcat-embed-core-11.0.22.jar:11.0.22]
	at org.apache.coyote.http11.Http11Processor.service(Http11Processor.java:270) ~[tomcat-embed-core-11.0.22.jar:11.0.22]
	at org.apache.coyote.AbstractProcessorLight.process(AbstractProcessorLight.java:63) ~[tomcat-embed-core-11.0.22.jar:11.0.22]
	at org.apache.coyote.AbstractProtocol$ConnectionHandler.process(AbstractProtocol.java:1272) ~[tomcat-embed-core-11.0.22.jar:11.0.22]
	at org.apache.tomcat.util.net.NioEndpoint$SocketProcessor.doRun(NioEndpoint.java:1801) ~[tomcat-embed-core-11.0.22.jar:11.0.22]
	at org.apache.tomcat.util.net.SocketProcessorBase.run(SocketProcessorBase.java:52) ~[tomcat-embed-core-11.0.22.jar:11.0.22]
	at org.apache.tomcat.util.threads.ThreadPoolExecutor.runWorker(ThreadPoolExecutor.java:946) ~[tomcat-embed-core-11.0.22.jar:11.0.22]
	at org.apache.tomcat.util.threads.ThreadPoolExecutor$Worker.run(ThreadPoolExecutor.java:480) ~[tomcat-embed-core-11.0.22.jar:11.0.22]
	at org.apache.tomcat.util.threads.TaskThread$WrappingRunnable.run(TaskThread.java:57) ~[tomcat-embed-core-11.0.22.jar:11.0.22]
	at java.base/java.lang.Thread.run(Thread.java:1583) ~[na:na]

2026-07-26T13:28:12.133-04:00 DEBUG 29692 --- [lecturas] [http-nio-8081-exec-6] o.apache.coyote.http11.Http11Processor   : Error state [CLOSE_CLEAN] reported while processing request

java.lang.IllegalArgumentException: Invalid character found in method name [0x160x030x010x060xc20x010x000x060xbe0x030x030xd0<WF0xe50x9bu0xcc0xd60xfc0xd00xfb0xe7P0x110B0xc00xfb0xcc0xdc0xcc0x840x0aE0x97kW0xfb)0x000xa2 ]. HTTP method names must be tokens
	at org.apache.coyote.http11.Http11InputBuffer.parseRequestLine(Http11InputBuffer.java:391) ~[tomcat-embed-core-11.0.22.jar:11.0.22]
	at org.apache.coyote.http11.Http11Processor.service(Http11Processor.java:270) ~[tomcat-embed-core-11.0.22.jar:11.0.22]
	at org.apache.coyote.AbstractProcessorLight.process(AbstractProcessorLight.java:63) ~[tomcat-embed-core-11.0.22.jar:11.0.22]
	at org.apache.coyote.AbstractProtocol$ConnectionHandler.process(AbstractProtocol.java:1272) ~[tomcat-embed-core-11.0.22.jar:11.0.22]
	at org.apache.tomcat.util.net.NioEndpoint$SocketProcessor.doRun(NioEndpoint.java:1801) ~[tomcat-embed-core-11.0.22.jar:11.0.22]
	at org.apache.tomcat.util.net.SocketProcessorBase.run(SocketProcessorBase.java:52) ~[tomcat-embed-core-11.0.22.jar:11.0.22]
	at org.apache.tomcat.util.threads.ThreadPoolExecutor.runWorker(ThreadPoolExecutor.java:946) ~[tomcat-embed-core-11.0.22.jar:11.0.22]
	at org.apache.tomcat.util.threads.ThreadPoolExecutor$Worker.run(ThreadPoolExecutor.java:480) ~[tomcat-embed-core-11.0.22.jar:11.0.22]
	at org.apache.tomcat.util.threads.TaskThread$WrappingRunnable.run(TaskThread.java:57) ~[tomcat-embed-core-11.0.22.jar:11.0.22]
	at java.base/java.lang.Thread.run(Thread.java:1583) ~[na:na]

2026-07-26T13:28:12.133-04:00 DEBUG 29692 --- [lecturas] [http-nio-8081-exec-5] o.apache.coyote.http11.Http11Processor   : Error state [CLOSE_CLEAN] reported while processing request

java.lang.IllegalArgumentException: Invalid character found in method name [0x160x030x010x070x020x010x000x060xfe0x030x03-0x140xb20x8fh#60x19]W0xe50xccYt`0xd30x9f0x1a0x9c0xa50x9dC0x990x800x920x900xb70x94Q900xab ]. HTTP method names must be tokens
	at org.apache.coyote.http11.Http11InputBuffer.parseRequestLine(Http11InputBuffer.java:391) ~[tomcat-embed-core-11.0.22.jar:11.0.22]
	at org.apache.coyote.http11.Http11Processor.service(Http11Processor.java:270) ~[tomcat-embed-core-11.0.22.jar:11.0.22]
	at org.apache.coyote.AbstractProcessorLight.process(AbstractProcessorLight.java:63) ~[tomcat-embed-core-11.0.22.jar:11.0.22]
	at org.apache.coyote.AbstractProtocol$ConnectionHandler.process(AbstractProtocol.java:1272) ~[tomcat-embed-core-11.0.22.jar:11.0.22]
	at org.apache.tomcat.util.net.NioEndpoint$SocketProcessor.doRun(NioEndpoint.java:1801) ~[tomcat-embed-core-11.0.22.jar:11.0.22]
	at org.apache.tomcat.util.net.SocketProcessorBase.run(SocketProcessorBase.java:52) ~[tomcat-embed-core-11.0.22.jar:11.0.22]
	at org.apache.tomcat.util.threads.ThreadPoolExecutor.runWorker(ThreadPoolExecutor.java:946) ~[tomcat-embed-core-11.0.22.jar:11.0.22]
	at org.apache.tomcat.util.threads.ThreadPoolExecutor$Worker.run(ThreadPoolExecutor.java:480) ~[tomcat-embed-core-11.0.22.jar:11.0.22]
	at org.apache.tomcat.util.threads.TaskThread$WrappingRunnable.run(TaskThread.java:57) ~[tomcat-embed-core-11.0.22.jar:11.0.22]
	at java.base/java.lang.Thread.run(Thread.java:1583) ~[na:na]

2026-07-26T13:28:12.134-04:00 DEBUG 29692 --- [lecturas] [http-nio-8081-exec-6] o.apache.coyote.http11.Http11Processor   : Error state [CLOSE_CLEAN] reported while processing request
2026-07-26T13:28:12.134-04:00 DEBUG 29692 --- [lecturas] [http-nio-8081-exec-5] o.apache.coyote.http11.Http11Processor   : Error state [CLOSE_CLEAN] reported while processing request
2026-07-26T13:28:12.134-04:00 DEBUG 29692 --- [lecturas] [http-nio-8081-exec-6] o.apache.coyote.http11.Http11Processor   : The HTTP/1.1 request did not provide a host header
2026-07-26T13:28:12.134-04:00 DEBUG 29692 --- [lecturas] [http-nio-8081-exec-5] o.apache.coyote.http11.Http11Processor   : The HTTP/1.1 request did not provide a host header
2026-07-26T13:28:12.136-04:00 DEBUG 29692 --- [lecturas] [http-nio-8081-exec-8] o.apache.coyote.http11.Http11Processor   : Error parsing HTTP request header

java.lang.IllegalArgumentException: Invalid character found in method name [0x160x030x010x07"0x010x000x070x1e0x030x03|r0x05I0x9aA0xc0.#C0xc80x7f0xacA0xf9x0xda0x140x840x04u ]. HTTP method names must be tokens
	at org.apache.coyote.http11.Http11InputBuffer.parseRequestLine(Http11InputBuffer.java:391) ~[tomcat-embed-core-11.0.22.jar:11.0.22]
	at org.apache.coyote.http11.Http11Processor.service(Http11Processor.java:270) ~[tomcat-embed-core-11.0.22.jar:11.0.22]
	at org.apache.coyote.AbstractProcessorLight.process(AbstractProcessorLight.java:63) ~[tomcat-embed-core-11.0.22.jar:11.0.22]
	at org.apache.coyote.AbstractProtocol$ConnectionHandler.process(AbstractProtocol.java:1272) ~[tomcat-embed-core-11.0.22.jar:11.0.22]
	at org.apache.tomcat.util.net.NioEndpoint$SocketProcessor.doRun(NioEndpoint.java:1801) ~[tomcat-embed-core-11.0.22.jar:11.0.22]
	at org.apache.tomcat.util.net.SocketProcessorBase.run(SocketProcessorBase.java:52) ~[tomcat-embed-core-11.0.22.jar:11.0.22]
	at org.apache.tomcat.util.threads.ThreadPoolExecutor.runWorker(ThreadPoolExecutor.java:946) ~[tomcat-embed-core-11.0.22.jar:11.0.22]
	at org.apache.tomcat.util.threads.ThreadPoolExecutor$Worker.run(ThreadPoolExecutor.java:480) ~[tomcat-embed-core-11.0.22.jar:11.0.22]
	at org.apache.tomcat.util.threads.TaskThread$WrappingRunnable.run(TaskThread.java:57) ~[tomcat-embed-core-11.0.22.jar:11.0.22]
	at java.base/java.lang.Thread.run(Thread.java:1583) ~[na:na]

2026-07-26T13:28:12.136-04:00 DEBUG 29692 --- [lecturas] [http-nio-8081-exec-7] o.apache.coyote.http11.Http11Processor   : Error parsing HTTP request header

java.lang.IllegalArgumentException: Invalid character found in method name [0x160x030x010x060xe20x010x000x060xde0x030x030xb40xa30x880xd50xad.0xe8s0xb00xc2J0x000xa90xc150xdb90x0d0xef0xaa0xa80x7f0xdaa[0xc50x9c_9C0x8eW ]. HTTP method names must be tokens
	at org.apache.coyote.http11.Http11InputBuffer.parseRequestLine(Http11InputBuffer.java:391) ~[tomcat-embed-core-11.0.22.jar:11.0.22]
	at org.apache.coyote.http11.Http11Processor.service(Http11Processor.java:270) ~[tomcat-embed-core-11.0.22.jar:11.0.22]
	at org.apache.coyote.AbstractProcessorLight.process(AbstractProcessorLight.java:63) ~[tomcat-embed-core-11.0.22.jar:11.0.22]
	at org.apache.coyote.AbstractProtocol$ConnectionHandler.process(AbstractProtocol.java:1272) ~[tomcat-embed-core-11.0.22.jar:11.0.22]
	at org.apache.tomcat.util.net.NioEndpoint$SocketProcessor.doRun(NioEndpoint.java:1801) ~[tomcat-embed-core-11.0.22.jar:11.0.22]
	at org.apache.tomcat.util.net.SocketProcessorBase.run(SocketProcessorBase.java:52) ~[tomcat-embed-core-11.0.22.jar:11.0.22]
	at org.apache.tomcat.util.threads.ThreadPoolExecutor.runWorker(ThreadPoolExecutor.java:946) ~[tomcat-embed-core-11.0.22.jar:11.0.22]
	at org.apache.tomcat.util.threads.ThreadPoolExecutor$Worker.run(ThreadPoolExecutor.java:480) ~[tomcat-embed-core-11.0.22.jar:11.0.22]
	at org.apache.tomcat.util.threads.TaskThread$WrappingRunnable.run(TaskThread.java:57) ~[tomcat-embed-core-11.0.22.jar:11.0.22]
	at java.base/java.lang.Thread.run(Thread.java:1583) ~[na:na]

2026-07-26T13:28:12.138-04:00 DEBUG 29692 --- [lecturas] [http-nio-8081-exec-8] o.apache.coyote.http11.Http11Processor   : Error state [CLOSE_CLEAN] reported while processing request

java.lang.IllegalArgumentException: Invalid character found in method name [0x160x030x010x07"0x010x000x070x1e0x030x03|r0x05I0x9aA0xc0.#C0xc80x7f0xacA0xf9x0xda0x140x840x04u ]. HTTP method names must be tokens
	at org.apache.coyote.http11.Http11InputBuffer.parseRequestLine(Http11InputBuffer.java:391) ~[tomcat-embed-core-11.0.22.jar:11.0.22]
	at org.apache.coyote.http11.Http11Processor.service(Http11Processor.java:270) ~[tomcat-embed-core-11.0.22.jar:11.0.22]
	at org.apache.coyote.AbstractProcessorLight.process(AbstractProcessorLight.java:63) ~[tomcat-embed-core-11.0.22.jar:11.0.22]
	at org.apache.coyote.AbstractProtocol$ConnectionHandler.process(AbstractProtocol.java:1272) ~[tomcat-embed-core-11.0.22.jar:11.0.22]
	at org.apache.tomcat.util.net.NioEndpoint$SocketProcessor.doRun(NioEndpoint.java:1801) ~[tomcat-embed-core-11.0.22.jar:11.0.22]
	at org.apache.tomcat.util.net.SocketProcessorBase.run(SocketProcessorBase.java:52) ~[tomcat-embed-core-11.0.22.jar:11.0.22]
	at org.apache.tomcat.util.threads.ThreadPoolExecutor.runWorker(ThreadPoolExecutor.java:946) ~[tomcat-embed-core-11.0.22.jar:11.0.22]
	at org.apache.tomcat.util.threads.ThreadPoolExecutor$Worker.run(ThreadPoolExecutor.java:480) ~[tomcat-embed-core-11.0.22.jar:11.0.22]
	at org.apache.tomcat.util.threads.TaskThread$WrappingRunnable.run(TaskThread.java:57) ~[tomcat-embed-core-11.0.22.jar:11.0.22]
	at java.base/java.lang.Thread.run(Thread.java:1583) ~[na:na]

2026-07-26T13:28:12.138-04:00 DEBUG 29692 --- [lecturas] [http-nio-8081-exec-7] o.apache.coyote.http11.Http11Processor   : Error state [CLOSE_CLEAN] reported while processing request

java.lang.IllegalArgumentException: Invalid character found in method name [0x160x030x010x060xe20x010x000x060xde0x030x030xb40xa30x880xd50xad.0xe8s0xb00xc2J0x000xa90xc150xdb90x0d0xef0xaa0xa80x7f0xdaa[0xc50x9c_9C0x8eW ]. HTTP method names must be tokens
	at org.apache.coyote.http11.Http11InputBuffer.parseRequestLine(Http11InputBuffer.java:391) ~[tomcat-embed-core-11.0.22.jar:11.0.22]
	at org.apache.coyote.http11.Http11Processor.service(Http11Processor.java:270) ~[tomcat-embed-core-11.0.22.jar:11.0.22]
	at org.apache.coyote.AbstractProcessorLight.process(AbstractProcessorLight.java:63) ~[tomcat-embed-core-11.0.22.jar:11.0.22]
	at org.apache.coyote.AbstractProtocol$ConnectionHandler.process(AbstractProtocol.java:1272) ~[tomcat-embed-core-11.0.22.jar:11.0.22]
	at org.apache.tomcat.util.net.NioEndpoint$SocketProcessor.doRun(NioEndpoint.java:1801) ~[tomcat-embed-core-11.0.22.jar:11.0.22]
	at org.apache.tomcat.util.net.SocketProcessorBase.run(SocketProcessorBase.java:52) ~[tomcat-embed-core-11.0.22.jar:11.0.22]
	at org.apache.tomcat.util.threads.ThreadPoolExecutor.runWorker(ThreadPoolExecutor.java:946) ~[tomcat-embed-core-11.0.22.jar:11.0.22]
	at org.apache.tomcat.util.threads.ThreadPoolExecutor$Worker.run(ThreadPoolExecutor.java:480) ~[tomcat-embed-core-11.0.22.jar:11.0.22]
	at org.apache.tomcat.util.threads.TaskThread$WrappingRunnable.run(TaskThread.java:57) ~[tomcat-embed-core-11.0.22.jar:11.0.22]
	at java.base/java.lang.Thread.run(Thread.java:1583) ~[na:na]

2026-07-26T13:28:12.138-04:00 DEBUG 29692 --- [lecturas] [http-nio-8081-exec-8] o.apache.coyote.http11.Http11Processor   : Error state [CLOSE_CLEAN] reported while processing request
2026-07-26T13:28:12.138-04:00 DEBUG 29692 --- [lecturas] [http-nio-8081-exec-7] o.apache.coyote.http11.Http11Processor   : Error state [CLOSE_CLEAN] reported while processing request
2026-07-26T13:28:12.138-04:00 DEBUG 29692 --- [lecturas] [http-nio-8081-exec-8] o.apache.coyote.http11.Http11Processor   : The HTTP/1.1 request did not provide a host header
2026-07-26T13:28:12.138-04:00 DEBUG 29692 --- [lecturas] [http-nio-8081-exec-7] o.apache.coyote.http11.Http11Processor   : The HTTP/1.1 request did not provide a host header
2026-07-26T13:28:20.956-04:00 DEBUG 29692 --- [lecturas] [HikariPool-2:housekeeper] com.zaxxer.hikari.pool.HikariPool        : HikariPool-2 - Pool stats (total=10/10, idle=10/10, active=0, waiting=0)
2026-07-26T13:28:20.956-04:00 DEBUG 29692 --- [lecturas] [HikariPool-2:housekeeper] com.zaxxer.hikari.pool.HikariPool        : HikariPool-2 - Fill pool skipped, pool has sufficient level or currently being filled.
2026-07-26T13:28:50.963-04:00 DEBUG 29692 --- [lecturas] [HikariPool-2:housekeeper] com.zaxxer.hikari.pool.HikariPool        : HikariPool-2 - Pool stats (total=10/10, idle=10/10, active=0, waiting=0)
2026-07-26T13:28:50.964-04:00 DEBUG 29692 --- [lecturas] [HikariPool-2:housekeeper] com.zaxxer.hikari.pool.HikariPool        : HikariPool-2 - Fill pool skipped, pool has sufficient level or currently being filled.
2026-07-26T13:29:01.782-04:00 DEBUG 29692 --- [lecturas] [HikariPool-2:housekeeper] com.zaxxer.hikari.pool.HikariPool        : HikariPool-2 - keepalive: connection org.postgresql.jdbc.PgConnection@3d16e04b is alive
2026-07-26T13:29:02.515-04:00 DEBUG 29692 --- [lecturas] [HikariPool-2:housekeeper] com.zaxxer.hikari.pool.HikariPool        : HikariPool-2 - keepalive: connection org.postgresql.jdbc.PgConnection@1c04153f is alive
2026-07-26T13:29:02.881-04:00 DEBUG 29692 --- [lecturas] [HikariPool-2:housekeeper] com.zaxxer.hikari.pool.HikariPool        : HikariPool-2 - keepalive: connection org.postgresql.jdbc.PgConnection@446af6cd is alive
2026-07-26T13:29:02.997-04:00 DEBUG 29692 --- [lecturas] [HikariPool-2:housekeeper] com.zaxxer.hikari.pool.HikariPool        : HikariPool-2 - keepalive: connection org.postgresql.jdbc.PgConnection@7c2bea70 is alive
2026-07-26T13:29:03.582-04:00 DEBUG 29692 --- [lecturas] [HikariPool-2:housekeeper] com.zaxxer.hikari.pool.HikariPool        : HikariPool-2 - keepalive: connection org.postgresql.jdbc.PgConnection@4783f6a4 is alive
2026-07-26T13:29:06.632-04:00 DEBUG 29692 --- [lecturas] [HikariPool-2:housekeeper] com.zaxxer.hikari.pool.HikariPool        : HikariPool-2 - keepalive: connection org.postgresql.jdbc.PgConnection@3941da03 is alive
2026-07-26T13:29:10.364-04:00 DEBUG 29692 --- [lecturas] [HikariPool-2:housekeeper] com.zaxxer.hikari.pool.HikariPool        : HikariPool-2 - keepalive: connection org.postgresql.jdbc.PgConnection@63c59c8d is alive
2026-07-26T13:29:14.358-04:00 DEBUG 29692 --- [lecturas] [HikariPool-2:housekeeper] com.zaxxer.hikari.pool.HikariPool        : HikariPool-2 - keepalive: connection org.postgresql.jdbc.PgConnection@39297331 is alive
2026-07-26T13:29:15.581-04:00 DEBUG 29692 --- [lecturas] [HikariPool-2:housekeeper] com.zaxxer.hikari.pool.HikariPool        : HikariPool-2 - keepalive: connection org.postgresql.jdbc.PgConnection@33d11841 is alive
2026-07-26T13:29:20.464-04:00 DEBUG 29692 --- [lecturas] [HikariPool-2:housekeeper] com.zaxxer.hikari.pool.HikariPool        : HikariPool-2 - keepalive: connection org.postgresql.jdbc.PgConnection@4d9d52a7 is alive
2026-07-26T13:29:20.965-04:00 DEBUG 29692 --- [lecturas] [HikariPool-2:housekeeper] com.zaxxer.hikari.pool.HikariPool        : HikariPool-2 - Pool stats (total=10/10, idle=10/10, active=0, waiting=0)
2026-07-26T13:29:20.965-04:00 DEBUG 29692 --- [lecturas] [HikariPool-2:housekeeper] com.zaxxer.hikari.pool.HikariPool        : HikariPool-2 - Fill pool skipped, pool has sufficient level or currently being filled.
2026-07-26T13:29:50.978-04:00 DEBUG 29692 --- [lecturas] [HikariPool-2:housekeeper] com.zaxxer.hikari.pool.HikariPool        : HikariPool-2 - Pool stats (total=10/10, idle=10/10, active=0, waiting=0)
2026-07-26T13:29:50.978-04:00 DEBUG 29692 --- [lecturas] [HikariPool-2:housekeeper] com.zaxxer.hikari.pool.HikariPool        : HikariPool-2 - Fill pool skipped, pool has sufficient level or currently being filled.
2026-07-26T13:30:20.994-04:00 DEBUG 29692 --- [lecturas] [HikariPool-2:housekeeper] com.zaxxer.hikari.pool.HikariPool        : HikariPool-2 - Pool stats (total=10/10, idle=10/10, active=0, waiting=0)
2026-07-26T13:30:20.994-04:00 DEBUG 29692 --- [lecturas] [HikariPool-2:housekeeper] com.zaxxer.hikari.pool.HikariPool        : HikariPool-2 - Fill pool skipped, pool has sufficient level or currently being filled.
2026-07-26T13:30:21.391-04:00 DEBUG 29692 --- [lecturas] [http-nio-8081-exec-9] o.a.c.a.jaspic.AuthConfigFactoryImpl     : Loading persistent provider registrations from [C:\Users\tiare\AppData\Local\Temp\tomcat.8081.14233938447158795561\conf\jaspic-providers.xml]
2026-07-26T13:30:21.394-04:00  INFO 29692 --- [lecturas] [http-nio-8081-exec-9] o.a.c.c.C.[Tomcat].[localhost].[/]       : Initializing Spring DispatcherServlet 'dispatcherServlet'
2026-07-26T13:30:21.394-04:00  INFO 29692 --- [lecturas] [http-nio-8081-exec-9] o.s.web.servlet.DispatcherServlet        : Initializing Servlet 'dispatcherServlet'
2026-07-26T13:30:21.394-04:00 DEBUG 29692 --- [lecturas] [http-nio-8081-exec-9] o.s.web.servlet.DispatcherServlet        : Detected StandardServletMultipartResolver
2026-07-26T13:30:21.394-04:00 DEBUG 29692 --- [lecturas] [http-nio-8081-exec-9] o.s.web.servlet.DispatcherServlet        : Detected AcceptHeaderLocaleResolver
2026-07-26T13:30:21.396-04:00 DEBUG 29692 --- [lecturas] [http-nio-8081-exec-9] o.s.web.servlet.DispatcherServlet        : Detected org.springframework.web.servlet.view.DefaultRequestToViewNameTranslator@59a010cc
2026-07-26T13:30:21.397-04:00 DEBUG 29692 --- [lecturas] [http-nio-8081-exec-9] o.s.web.servlet.DispatcherServlet        : Detected org.springframework.web.servlet.support.SessionFlashMapManager@52563231
2026-07-26T13:30:21.397-04:00 DEBUG 29692 --- [lecturas] [http-nio-8081-exec-9] o.s.web.servlet.DispatcherServlet        : enableLoggingRequestDetails='false': request parameters and headers will be masked to prevent unsafe logging of potentially sensitive data
2026-07-26T13:30:21.397-04:00  INFO 29692 --- [lecturas] [http-nio-8081-exec-9] o.s.web.servlet.DispatcherServlet        : Completed initialization in 3 ms
2026-07-26T13:30:21.407-04:00 DEBUG 29692 --- [lecturas] [http-nio-8081-exec-9] o.s.web.servlet.DispatcherServlet        : GET "/api/v1/libros", parameters={}
2026-07-26T13:30:21.415-04:00 DEBUG 29692 --- [lecturas] [http-nio-8081-exec-9] s.w.s.m.m.a.RequestMappingHandlerMapping : Mapped to com.libreriadelosmilpetalos.lecturas.controller.LibroController#mostrarTodosLibros(Pageable)
2026-07-26T13:30:21.415-04:00 DEBUG 29692 --- [lecturas] [http-nio-8081-exec-9] o.j.s.OpenEntityManagerInViewInterceptor : Opening JPA EntityManager in OpenEntityManagerInViewInterceptor
2026-07-26T13:30:21.415-04:00 DEBUG 29692 --- [lecturas] [http-nio-8081-exec-9] org.hibernate.orm.core                   : HHH006588: Opening session [tenant=null]
2026-07-26T13:30:21.429-04:00 DEBUG 29692 --- [lecturas] [http-nio-8081-exec-9] o.s.orm.jpa.JpaTransactionManager        : Found thread-bound EntityManager [SessionImpl(2121715856<open>)] for JPA transaction
2026-07-26T13:30:21.429-04:00 DEBUG 29692 --- [lecturas] [http-nio-8081-exec-9] o.s.orm.jpa.JpaTransactionManager        : Creating new transaction with name [com.libreriadelosmilpetalos.lecturas.service.LibroService.mostrarTodos]: PROPAGATION_REQUIRED,ISOLATION_DEFAULT
2026-07-26T13:30:21.429-04:00 DEBUG 29692 --- [lecturas] [http-nio-8081-exec-9] org.hibernate.orm.core                   : HHH006583: Beginning transaction
2026-07-26T13:30:21.446-04:00 DEBUG 29692 --- [lecturas] [http-nio-8081-exec-9] org.postgresql.jdbc.PgConnection         :   setAutoCommit = false
2026-07-26T13:30:21.447-04:00 DEBUG 29692 --- [lecturas] [http-nio-8081-exec-9] o.s.orm.jpa.JpaTransactionManager        : Exposing JPA transaction as JDBC [org.springframework.orm.jpa.vendor.HibernateJpaDialect$HibernateConnectionHandle@346d0417]
2026-07-26T13:30:21.447-04:00  INFO 29692 --- [lecturas] [http-nio-8081-exec-9] c.l.lecturas.service.LibroService        : Iniciando búsqueda de todos los libros
2026-07-26T13:30:21.447-04:00 DEBUG 29692 --- [lecturas] [http-nio-8081-exec-9] o.s.orm.jpa.JpaTransactionManager        : Found thread-bound EntityManager [SessionImpl(2121715856<open>)] for JPA transaction
2026-07-26T13:30:21.447-04:00 DEBUG 29692 --- [lecturas] [http-nio-8081-exec-9] o.s.orm.jpa.JpaTransactionManager        : Participating in existing transaction
2026-07-26T13:30:21.465-04:00  WARN 29692 --- [lecturas] [http-nio-8081-exec-9] org.hibernate.orm.query                  : HHH90003004: firstResult/maxResults specified with collection fetch; applying in memory
2026-07-26T13:30:21.515-04:00 DEBUG 29692 --- [lecturas] [http-nio-8081-exec-9] org.hibernate.SQL                        : select l1_0.id_libro,l1_0.autor,e1_0.id_libro,e1_0.id_etiqueta,e1_0.descripcion,l1_0.fecha_actualizacion,l1_0.fecha_ingreso,l1_0.genero,l1_0.opinion,l1_0.titulo,l1_0.valoracion from libro l1_0 left join etiqueta e1_0 on l1_0.id_libro=e1_0.id_libro order by l1_0.titulo
2026-07-26T13:30:21.571-04:00 DEBUG 29692 --- [lecturas] [http-nio-8081-exec-9] c.l.lecturas.dto.LibroMapper             : mapeando entidad a dto com.libreriadelosmilpetalos.lecturas.entity.Libro@3cbdbb68
2026-07-26T13:30:21.573-04:00 DEBUG 29692 --- [lecturas] [http-nio-8081-exec-9] c.l.lecturas.dto.EtiquetaMapper          : Mapeando entidad a dto: com.libreriadelosmilpetalos.lecturas.entity.Etiqueta@2dfdbcc
2026-07-26T13:30:21.573-04:00 DEBUG 29692 --- [lecturas] [http-nio-8081-exec-9] c.l.lecturas.dto.EtiquetaMapper          : Mapeando entidad a dto: com.libreriadelosmilpetalos.lecturas.entity.Etiqueta@1b1a4ca3
2026-07-26T13:30:21.573-04:00 DEBUG 29692 --- [lecturas] [http-nio-8081-exec-9] c.l.lecturas.dto.EtiquetaMapper          : Mapeando entidad a dto: com.libreriadelosmilpetalos.lecturas.entity.Etiqueta@4417a49d
2026-07-26T13:30:21.573-04:00 DEBUG 29692 --- [lecturas] [http-nio-8081-exec-9] c.l.lecturas.dto.LibroMapper             : mapeando entidad a dto com.libreriadelosmilpetalos.lecturas.entity.Libro@40631382
2026-07-26T13:30:21.573-04:00 DEBUG 29692 --- [lecturas] [http-nio-8081-exec-9] c.l.lecturas.dto.EtiquetaMapper          : Mapeando entidad a dto: com.libreriadelosmilpetalos.lecturas.entity.Etiqueta@11d48c2b
2026-07-26T13:30:21.574-04:00 DEBUG 29692 --- [lecturas] [http-nio-8081-exec-9] c.l.lecturas.dto.EtiquetaMapper          : Mapeando entidad a dto: com.libreriadelosmilpetalos.lecturas.entity.Etiqueta@9552079
2026-07-26T13:30:21.574-04:00 DEBUG 29692 --- [lecturas] [http-nio-8081-exec-9] c.l.lecturas.dto.EtiquetaMapper          : Mapeando entidad a dto: com.libreriadelosmilpetalos.lecturas.entity.Etiqueta@701f4e82
2026-07-26T13:30:21.574-04:00 DEBUG 29692 --- [lecturas] [http-nio-8081-exec-9] c.l.lecturas.dto.LibroMapper             : mapeando entidad a dto com.libreriadelosmilpetalos.lecturas.entity.Libro@1d38c55c
2026-07-26T13:30:21.574-04:00 DEBUG 29692 --- [lecturas] [http-nio-8081-exec-9] c.l.lecturas.dto.EtiquetaMapper          : Mapeando entidad a dto: com.libreriadelosmilpetalos.lecturas.entity.Etiqueta@451f317e
2026-07-26T13:30:21.574-04:00 DEBUG 29692 --- [lecturas] [http-nio-8081-exec-9] c.l.lecturas.dto.EtiquetaMapper          : Mapeando entidad a dto: com.libreriadelosmilpetalos.lecturas.entity.Etiqueta@3d4e686a
2026-07-26T13:30:21.574-04:00 DEBUG 29692 --- [lecturas] [http-nio-8081-exec-9] c.l.lecturas.dto.EtiquetaMapper          : Mapeando entidad a dto: com.libreriadelosmilpetalos.lecturas.entity.Etiqueta@372f4a1f
2026-07-26T13:30:21.574-04:00 DEBUG 29692 --- [lecturas] [http-nio-8081-exec-9] c.l.lecturas.dto.LibroMapper             : mapeando entidad a dto com.libreriadelosmilpetalos.lecturas.entity.Libro@504e3f5c
2026-07-26T13:30:21.574-04:00 DEBUG 29692 --- [lecturas] [http-nio-8081-exec-9] c.l.lecturas.dto.EtiquetaMapper          : Mapeando entidad a dto: com.libreriadelosmilpetalos.lecturas.entity.Etiqueta@b070945
2026-07-26T13:30:21.574-04:00 DEBUG 29692 --- [lecturas] [http-nio-8081-exec-9] c.l.lecturas.dto.EtiquetaMapper          : Mapeando entidad a dto: com.libreriadelosmilpetalos.lecturas.entity.Etiqueta@1e8d0007
2026-07-26T13:30:21.574-04:00 DEBUG 29692 --- [lecturas] [http-nio-8081-exec-9] c.l.lecturas.dto.EtiquetaMapper          : Mapeando entidad a dto: com.libreriadelosmilpetalos.lecturas.entity.Etiqueta@533fde7b
2026-07-26T13:30:21.574-04:00 DEBUG 29692 --- [lecturas] [http-nio-8081-exec-9] o.s.orm.jpa.JpaTransactionManager        : Initiating transaction commit
2026-07-26T13:30:21.575-04:00 DEBUG 29692 --- [lecturas] [http-nio-8081-exec-9] o.s.orm.jpa.JpaTransactionManager        : Committing JPA transaction on EntityManager [SessionImpl(2121715856<open>)]
2026-07-26T13:30:21.575-04:00 DEBUG 29692 --- [lecturas] [http-nio-8081-exec-9] org.hibernate.orm.core                   : HHH006584: Committing transaction
2026-07-26T13:30:21.579-04:00 DEBUG 29692 --- [lecturas] [http-nio-8081-exec-9] org.hibernate.orm.event                  : HHH90060071: Flushed: 0 insertions, 0 updates, 0 deletions to 16 objects
2026-07-26T13:30:21.579-04:00 DEBUG 29692 --- [lecturas] [http-nio-8081-exec-9] org.hibernate.orm.event                  : HHH90060072: Flushed: 0 (re)creations, 0 updates, 0 removals to 4 collections
2026-07-26T13:30:21.579-04:00 DEBUG 29692 --- [lecturas] [http-nio-8081-exec-9] org.hibernate.orm.core                   : Listing entities:
2026-07-26T13:30:21.579-04:00 DEBUG 29692 --- [lecturas] [http-nio-8081-exec-9] org.hibernate.orm.core                   : com.libreriadelosmilpetalos.lecturas.entity.Etiqueta{descripcion=FANTASIA, libro=com.libreriadelosmilpetalos.lecturas.entity.Libro#1, id=2}
2026-07-26T13:30:21.579-04:00 DEBUG 29692 --- [lecturas] [http-nio-8081-exec-9] org.hibernate.orm.core                   : com.libreriadelosmilpetalos.lecturas.entity.Etiqueta{descripcion=FANTASIA_EPICA, libro=com.libreriadelosmilpetalos.lecturas.entity.Libro#1, id=1}
2026-07-26T13:30:21.579-04:00 DEBUG 29692 --- [lecturas] [http-nio-8081-exec-9] org.hibernate.orm.core                   : com.libreriadelosmilpetalos.lecturas.entity.Etiqueta{descripcion=NOVELA_BELICA, libro=com.libreriadelosmilpetalos.lecturas.entity.Libro#2, id=4}
2026-07-26T13:30:21.579-04:00 DEBUG 29692 --- [lecturas] [http-nio-8081-exec-9] org.hibernate.orm.core                   : com.libreriadelosmilpetalos.lecturas.entity.Etiqueta{descripcion=NOVELA, libro=com.libreriadelosmilpetalos.lecturas.entity.Libro#1, id=3}
2026-07-26T13:30:21.579-04:00 DEBUG 29692 --- [lecturas] [http-nio-8081-exec-9] org.hibernate.orm.core                   : com.libreriadelosmilpetalos.lecturas.entity.Libro{fechaIngreso=2026-04-08, etiquetas=[com.libreriadelosmilpetalos.lecturas.entity.Etiqueta#12, com.libreriadelosmilpetalos.lecturas.entity.Etiqueta#10, com.libreriadelosmilpetalos.lecturas.entity.Etiqueta#11], genero=LITERARIO, fechaActualizacion=null, titulo=La Ladrona de Libros, valoracion=5.0, id=4, autor=Markus Zuzak, opinion=Había escuchado de ella cuando tenía más o menos 15 años de edad. Era el libro favorito de una escritora de fics que adoraba. Pero no la leí
hasta que se la pidieron a mi hermana a principios de año. Me gustó que todo estuviera relatado por la muerte, que a pesar de su trabajo, demostró
una empatía y sentido del humor deslumbrante. Me encantó Rudy, que representaba la inocencia, la amistad y la infancia de Liesel. Y sin duda
las relaciones que se entretejieron con los demás personajes.}
2026-07-26T13:30:21.579-04:00 DEBUG 29692 --- [lecturas] [http-nio-8081-exec-9] org.hibernate.orm.core                   : com.libreriadelosmilpetalos.lecturas.entity.Libro{fechaIngreso=2024-08-11, etiquetas=[com.libreriadelosmilpetalos.lecturas.entity.Etiqueta#7, com.libreriadelosmilpetalos.lecturas.entity.Etiqueta#8, com.libreriadelosmilpetalos.lecturas.entity.Etiqueta#9], genero=LITERARIO, fechaActualizacion=null, titulo=Si dijeramos la verdad, valoracion=5.0, id=3, autor=Clare Pooley, opinion=Me encanto leer este libro. Habla sobre la cotidianidad de la vida y los dramas que surgen en ella, de una manera muy linda y realista que
asocia a los diferentes personajes y los problemos con los que uno puede sentirse identificada, dinero, popularidad, soledad. Pienso leerlo de nuevo
para aprender más de su enseñanza y la forma en la que ve el mundo.}
2026-07-26T13:30:21.579-04:00 DEBUG 29692 --- [lecturas] [http-nio-8081-exec-9] org.hibernate.orm.core                   : com.libreriadelosmilpetalos.lecturas.entity.Libro{fechaIngreso=2025-07-15, etiquetas=[com.libreriadelosmilpetalos.lecturas.entity.Etiqueta#4, com.libreriadelosmilpetalos.lecturas.entity.Etiqueta#5, com.libreriadelosmilpetalos.lecturas.entity.Etiqueta#6], genero=LITERARIO, fechaActualizacion=null, titulo=El Ruiseñor, valoracion=5.0, id=2, autor=Kristin Hannah, opinion=Ficción histórica que disfruté mucho leer. Me pareció que está muy bien escrita y me gustó como estaba escrita Isabelle, ya que era apasionada
e impulsiva, pero también tenía defectos y eso se hace ver a lo largo de la novela.}
2026-07-26T13:30:21.579-04:00 DEBUG 29692 --- [lecturas] [http-nio-8081-exec-9] org.hibernate.orm.core                   : com.libreriadelosmilpetalos.lecturas.entity.Libro{fechaIngreso=2024-10-10, etiquetas=[com.libreriadelosmilpetalos.lecturas.entity.Etiqueta#1, com.libreriadelosmilpetalos.lecturas.entity.Etiqueta#2, com.libreriadelosmilpetalos.lecturas.entity.Etiqueta#3], genero=LITERARIO, fechaActualizacion=null, titulo=El Señor de los Anillos: La Comunidad del Anillo, valoracion=5.0, id=1, autor=R. R. Tolkien, opinion=Me gustó el libro. Recuerdo que la segunda vez que lo leí lo disfruté más. La primera vez no lo entendí mucho y creo que no lo terminé.
Tolkien es muy limpio con su escritura y tiene personajes muy caricaturescos con los que no dejo de sorprenderme. Es un excelente creador de mundos.}
2026-07-26T13:30:21.579-04:00 DEBUG 29692 --- [lecturas] [http-nio-8081-exec-9] org.hibernate.orm.core                   : com.libreriadelosmilpetalos.lecturas.entity.Etiqueta{descripcion=NOVELA, libro=com.libreriadelosmilpetalos.lecturas.entity.Libro#4, id=10}
2026-07-26T13:30:21.579-04:00 DEBUG 29692 --- [lecturas] [http-nio-8081-exec-9] org.hibernate.orm.core                   : com.libreriadelosmilpetalos.lecturas.entity.Etiqueta{descripcion=NOVELA, libro=com.libreriadelosmilpetalos.lecturas.entity.Libro#3, id=9}
2026-07-26T13:30:21.579-04:00 DEBUG 29692 --- [lecturas] [http-nio-8081-exec-9] org.hibernate.orm.core                   : com.libreriadelosmilpetalos.lecturas.entity.Etiqueta{descripcion=ADULTO_JOVEN, libro=com.libreriadelosmilpetalos.lecturas.entity.Libro#4, id=12}
2026-07-26T13:30:21.579-04:00 DEBUG 29692 --- [lecturas] [http-nio-8081-exec-9] org.hibernate.orm.core                   : com.libreriadelosmilpetalos.lecturas.entity.Etiqueta{descripcion=NOVELA_BELICA, libro=com.libreriadelosmilpetalos.lecturas.entity.Libro#4, id=11}
2026-07-26T13:30:21.579-04:00 DEBUG 29692 --- [lecturas] [http-nio-8081-exec-9] org.hibernate.orm.core                   : com.libreriadelosmilpetalos.lecturas.entity.Etiqueta{descripcion=DRAMA, libro=com.libreriadelosmilpetalos.lecturas.entity.Libro#2, id=6}
2026-07-26T13:30:21.579-04:00 DEBUG 29692 --- [lecturas] [http-nio-8081-exec-9] org.hibernate.orm.core                   : com.libreriadelosmilpetalos.lecturas.entity.Etiqueta{descripcion=NOVELA, libro=com.libreriadelosmilpetalos.lecturas.entity.Libro#2, id=5}
2026-07-26T13:30:21.579-04:00 DEBUG 29692 --- [lecturas] [http-nio-8081-exec-9] org.hibernate.orm.core                   : com.libreriadelosmilpetalos.lecturas.entity.Etiqueta{descripcion=AMISTAD, libro=com.libreriadelosmilpetalos.lecturas.entity.Libro#3, id=8}
2026-07-26T13:30:21.579-04:00 DEBUG 29692 --- [lecturas] [http-nio-8081-exec-9] org.hibernate.orm.core                   : com.libreriadelosmilpetalos.lecturas.entity.Etiqueta{descripcion=FEEL_GOOD, libro=com.libreriadelosmilpetalos.lecturas.entity.Libro#3, id=7}
2026-07-26T13:30:21.579-04:00 DEBUG 29692 --- [lecturas] [http-nio-8081-exec-9] org.postgresql.jdbc.PgConnection         :   setAutoCommit = true
2026-07-26T13:30:21.595-04:00 DEBUG 29692 --- [lecturas] [http-nio-8081-exec-9] o.s.orm.jpa.JpaTransactionManager        : Not closing pre-bound JPA EntityManager after transaction
2026-07-26T13:30:21.596-04:00 DEBUG 29692 --- [lecturas] [http-nio-8081-exec-9] o.s.w.s.m.m.a.HttpEntityMethodProcessor  : Using 'application/json;q=0.8', given [text/html, application/xhtml+xml, image/avif, image/webp, image/apng, application/xml;q=0.9, */*;q=0.8, application/signed-exchange;v=b3;q=0.7] and supported [application/json, application/*+json, application/yaml]
2026-07-26T13:30:21.613-04:00 DEBUG 29692 --- [lecturas] [http-nio-8081-exec-9] o.s.w.s.m.m.a.HttpEntityMethodProcessor  : Writing [Page 1 of 1 containing com.libreriadelosmilpetalos.lecturas.dto.LibroDTO instances]
2026-07-26T13:30:21.646-04:00  WARN 29692 --- [lecturas] [http-nio-8081-exec-9] ration$PageModule$WarningLoggingModifier : Serializing PageImpl instances as-is is not supported, meaning that there is no guarantee about the stability of the resulting JSON structure!
	For a stable JSON structure, please use Spring Data's PagedModel (globally via @EnableSpringDataWebSupport(pageSerializationMode = VIA_DTO))
	or Spring HATEOAS and Spring Data's PagedResourcesAssembler as documented in https://docs.spring.io/spring-data/commons/reference/repositories/core-extensions.html#core.web.pageables.

2026-07-26T13:30:21.672-04:00 DEBUG 29692 --- [lecturas] [http-nio-8081-exec-9] o.j.s.OpenEntityManagerInViewInterceptor : Closing JPA EntityManager in OpenEntityManagerInViewInterceptor
2026-07-26T13:30:21.672-04:00 DEBUG 29692 --- [lecturas] [http-nio-8081-exec-9] org.hibernate.session.metrics            : HHH000401: Logging session metrics:
	823900 ns acquiring 1 JDBC connections
	0 ns releasing 0 JDBC connections
	109200 ns preparing 1 JDBC statements
	7338200 ns executing 1 JDBC statements
	0 ns executing 0 JDBC batches
	0 ns performing 0 second-level cache puts
	0 ns performing 0 second-level cache hits
	0 ns performing 0 second-level cache misses
	16782800 ns executing 1 flushes (flushing a total of 16 entities and 4 collections)
	201400 ns executing 1 pre-partial-flushes
	205900 ns executing 1 partial-flushes (flushing a total of 0 entities and 0 collections)

2026-07-26T13:30:21.673-04:00 DEBUG 29692 --- [lecturas] [http-nio-8081-exec-9] o.s.web.servlet.DispatcherServlet        : Completed 200 OK
2026-07-26T13:30:21.692-04:00 DEBUG 29692 --- [lecturas] [http-nio-8081-exec-10] o.s.web.servlet.DispatcherServlet        : GET "/favicon.ico", parameters={}
2026-07-26T13:30:21.697-04:00 DEBUG 29692 --- [lecturas] [http-nio-8081-exec-10] o.s.w.s.handler.SimpleUrlHandlerMapping  : Mapped to ResourceHttpRequestHandler [classpath [META-INF/resources/], classpath [resources/], classpath [static/], classpath [public/], ServletContext [/]]
2026-07-26T13:30:21.699-04:00 DEBUG 29692 --- [lecturas] [http-nio-8081-exec-10] o.j.s.OpenEntityManagerInViewInterceptor : Opening JPA EntityManager in OpenEntityManagerInViewInterceptor
2026-07-26T13:30:21.699-04:00 DEBUG 29692 --- [lecturas] [http-nio-8081-exec-10] org.hibernate.orm.core                   : HHH006588: Opening session [tenant=null]
2026-07-26T13:30:21.701-04:00 DEBUG 29692 --- [lecturas] [http-nio-8081-exec-10] org.apache.catalina.webresources.Cache   : Increased cache size by [523] for item [org.apache.catalina.webresources.CachedResource@5373da2f] at [/favicon.ico] making total cache size [1575]
2026-07-26T13:30:21.701-04:00 DEBUG 29692 --- [lecturas] [http-nio-8081-exec-10] o.s.w.s.r.ResourceHttpRequestHandler     : Resource not found for path [favicon.ico]
2026-07-26T13:30:21.703-04:00 DEBUG 29692 --- [lecturas] [http-nio-8081-exec-10] .m.m.a.ExceptionHandlerExceptionResolver : Using @ExceptionHandler com.libreriadelosmilpetalos.lecturas.exception.GlobalExceptionHandler#exceptionHandler(Exception)
2026-07-26T13:30:21.705-04:00 DEBUG 29692 --- [lecturas] [http-nio-8081-exec-10] o.s.w.s.m.m.a.HttpEntityMethodProcessor  : Using 'application/json;q=0.8', given [image/avif, image/webp, image/apng, image/svg+xml, image/*, */*;q=0.8] and supported [application/json, application/*+json, application/yaml]
2026-07-26T13:30:21.705-04:00 DEBUG 29692 --- [lecturas] [http-nio-8081-exec-10] o.s.w.s.m.m.a.HttpEntityMethodProcessor  : Writing [ResponseError(status=500, error=INTERNAL SERVER ERROR, message=No static resource favicon.ico for re (truncated)...]
2026-07-26T13:30:21.710-04:00  WARN 29692 --- [lecturas] [http-nio-8081-exec-10] .m.m.a.ExceptionHandlerExceptionResolver : Resolved [org.springframework.web.servlet.resource.NoResourceFoundException: No static resource favicon.ico for request '/favicon.ico'.]
2026-07-26T13:30:21.710-04:00 DEBUG 29692 --- [lecturas] [http-nio-8081-exec-10] o.j.s.OpenEntityManagerInViewInterceptor : Closing JPA EntityManager in OpenEntityManagerInViewInterceptor
2026-07-26T13:30:21.710-04:00 DEBUG 29692 --- [lecturas] [http-nio-8081-exec-10] org.hibernate.session.metrics            : HHH000401: Logging session metrics:
	0 ns acquiring 0 JDBC connections
	0 ns releasing 0 JDBC connections
	0 ns preparing 0 JDBC statements
	0 ns executing 0 JDBC statements
	0 ns executing 0 JDBC batches
	0 ns performing 0 second-level cache puts
	0 ns performing 0 second-level cache hits
	0 ns performing 0 second-level cache misses
	0 ns executing 0 flushes (flushing a total of 0 entities and 0 collections)
	0 ns executing 0 pre-partial-flushes
	0 ns executing 0 partial-flushes (flushing a total of 0 entities and 0 collections)

2026-07-26T13:30:21.710-04:00 DEBUG 29692 --- [lecturas] [http-nio-8081-exec-10] o.s.web.servlet.DispatcherServlet        : Completed 500 INTERNAL_SERVER_ERROR
2026-07-26T13:30:39.562-04:00  INFO 29692 --- [lecturas] [File Watcher] rtingClassPathChangeChangedEventListener : Restarting due to 1 class path change (0 additions, 0 deletions, 1 modification)
2026-07-26T13:30:39.562-04:00 DEBUG 29692 --- [lecturas] [File Watcher] rtingClassPathChangeChangedEventListener : Change set: [C:\Users\tiare\Proyectos\lecturas\target\classes [C:\Users\tiare\Proyectos\lecturas\target\classes\application.yml (MODIFY)]]
2026-07-26T13:30:39.562-04:00 DEBUG 29692 --- [lecturas] [File Watcher] o.s.boot.devtools.restart.Restarter      : Restarting application
2026-07-26T13:30:39.563-04:00 DEBUG 29692 --- [lecturas] [Thread-5] o.s.boot.devtools.restart.Restarter      : Stopping application
2026-07-26T13:30:39.563-04:00 DEBUG 29692 --- [lecturas] [Thread-5] o.s.b.a.ApplicationAvailabilityBean      : Application availability state ReadinessState changed from ACCEPTING_TRAFFIC to REFUSING_TRAFFIC
2026-07-26T13:30:39.563-04:00 DEBUG 29692 --- [lecturas] [Thread-5] ConfigServletWebServerApplicationContext : Closing org.springframework.boot.web.server.servlet.context.AnnotationConfigServletWebServerApplicationContext@65bfe393, started on Sun Jul 26 13:27:20 CLT 2026
2026-07-26T13:30:39.564-04:00 DEBUG 29692 --- [lecturas] [Thread-5] o.s.c.support.DefaultLifecycleProcessor  : Stopping beans in phase 2147482623
2026-07-26T13:30:39.564-04:00  INFO 29692 --- [lecturas] [Thread-5] o.s.boot.tomcat.GracefulShutdown         : Commencing graceful shutdown. Waiting for active requests to complete
2026-07-26T13:30:39.568-04:00  INFO 29692 --- [lecturas] [tomcat-shutdown] o.s.boot.tomcat.GracefulShutdown         : Graceful shutdown complete
2026-07-26T13:30:39.569-04:00 DEBUG 29692 --- [lecturas] [Thread-5] o.s.c.support.DefaultLifecycleProcessor  : Stopping beans in phase 2147481599
2026-07-26T13:30:39.569-04:00 DEBUG 29692 --- [lecturas] [tomcat-shutdown] o.s.c.support.DefaultLifecycleProcessor  : Bean 'webServerGracefulShutdown' completed its stop procedure
2026-07-26T13:30:39.570-04:00 DEBUG 29692 --- [lecturas] [Thread-5] o.s.c.support.DefaultLifecycleProcessor  : Bean 'webServerStartStop' completed its stop procedure
2026-07-26T13:30:39.570-04:00 DEBUG 29692 --- [lecturas] [Thread-5] o.s.c.support.DefaultLifecycleProcessor  : Stopping beans in phase 1073741823
2026-07-26T13:30:39.570-04:00 DEBUG 29692 --- [lecturas] [Thread-5] o.s.c.support.DefaultLifecycleProcessor  : Bean 'applicationTaskExecutor' completed its stop procedure
2026-07-26T13:30:39.570-04:00 DEBUG 29692 --- [lecturas] [Thread-5] o.s.c.support.DefaultLifecycleProcessor  : Stopping beans in phase -2147483647
2026-07-26T13:30:39.570-04:00 DEBUG 29692 --- [lecturas] [Thread-5] o.s.c.support.DefaultLifecycleProcessor  : Bean 'springBootLoggingLifecycle' completed its stop procedure
2026-07-26T13:30:39.571-04:00  INFO 29692 --- [lecturas] [Thread-5] j.LocalContainerEntityManagerFactoryBean : Closing JPA EntityManagerFactory for persistence unit 'default'
2026-07-26T13:30:39.571-04:00 DEBUG 29692 --- [lecturas] [Thread-5] org.hibernate.orm.factory                : HHH90020005: Closing factory [a476ae02-c3e2-4264-bbfb-e6862242f168]
2026-07-26T13:30:39.572-04:00  INFO 29692 --- [lecturas] [Thread-5] com.zaxxer.hikari.HikariDataSource       : HikariPool-2 - Shutdown initiated...
2026-07-26T13:30:39.572-04:00 DEBUG 29692 --- [lecturas] [Thread-5] com.zaxxer.hikari.pool.HikariPool        : HikariPool-2 - Before shutdown stats (total=10/10, idle=10/10, active=0, waiting=0)
2026-07-26T13:30:39.572-04:00 DEBUG 29692 --- [lecturas] [HikariPool-2:connection-closer] com.zaxxer.hikari.pool.PoolBase          : HikariPool-2 - Closing connection org.postgresql.jdbc.PgConnection@3941da03: (connection evicted)
2026-07-26T13:30:39.573-04:00 DEBUG 29692 --- [lecturas] [HikariPool-2:connection-closer] com.zaxxer.hikari.pool.PoolBase          : HikariPool-2 - Closing connection org.postgresql.jdbc.PgConnection@33d11841: (connection evicted)
2026-07-26T13:30:39.573-04:00 DEBUG 29692 --- [lecturas] [HikariPool-2:connection-closer] com.zaxxer.hikari.pool.PoolBase          : HikariPool-2 - Closing connection org.postgresql.jdbc.PgConnection@3d16e04b: (connection evicted)
2026-07-26T13:30:39.574-04:00 DEBUG 29692 --- [lecturas] [HikariPool-2:connection-closer] com.zaxxer.hikari.pool.PoolBase          : HikariPool-2 - Closing connection org.postgresql.jdbc.PgConnection@39297331: (connection evicted)
2026-07-26T13:30:39.574-04:00 DEBUG 29692 --- [lecturas] [HikariPool-2:connection-closer] com.zaxxer.hikari.pool.PoolBase          : HikariPool-2 - Closing connection org.postgresql.jdbc.PgConnection@7c2bea70: (connection evicted)
2026-07-26T13:30:39.574-04:00 DEBUG 29692 --- [lecturas] [HikariPool-2:connection-closer] com.zaxxer.hikari.pool.PoolBase          : HikariPool-2 - Closing connection org.postgresql.jdbc.PgConnection@4783f6a4: (connection evicted)
2026-07-26T13:30:39.575-04:00 DEBUG 29692 --- [lecturas] [HikariPool-2:connection-closer] com.zaxxer.hikari.pool.PoolBase          : HikariPool-2 - Closing connection org.postgresql.jdbc.PgConnection@4d9d52a7: (connection evicted)
2026-07-26T13:30:39.575-04:00 DEBUG 29692 --- [lecturas] [HikariPool-2:connection-closer] com.zaxxer.hikari.pool.PoolBase          : HikariPool-2 - Closing connection org.postgresql.jdbc.PgConnection@1c04153f: (connection evicted)
2026-07-26T13:30:39.575-04:00 DEBUG 29692 --- [lecturas] [HikariPool-2:connection-closer] com.zaxxer.hikari.pool.PoolBase          : HikariPool-2 - Closing connection org.postgresql.jdbc.PgConnection@446af6cd: (connection evicted)
2026-07-26T13:30:39.576-04:00 DEBUG 29692 --- [lecturas] [HikariPool-2:connection-closer] com.zaxxer.hikari.pool.PoolBase          : HikariPool-2 - Closing connection org.postgresql.jdbc.PgConnection@63c59c8d: (connection evicted)
2026-07-26T13:30:39.582-04:00 DEBUG 29692 --- [lecturas] [Thread-5] com.zaxxer.hikari.pool.HikariPool        : HikariPool-2 - After  shutdown stats (total=0/10, idle=0/10, active=0, waiting=0)
2026-07-26T13:30:39.582-04:00  INFO 29692 --- [lecturas] [Thread-5] com.zaxxer.hikari.HikariDataSource       : HikariPool-2 - Shutdown completed.
2026-07-26T13:30:39.583-04:00 DEBUG 29692 --- [lecturas] [Thread-5] o.s.s.concurrent.ThreadPoolTaskExecutor  : Shutting down ExecutorService 'applicationTaskExecutor'
2026-07-26T13:30:39.670-04:00 DEBUG 29692 --- [lecturas] [Thread-5] o.s.boot.devtools.restart.Restarter      : Starting application com.libreriadelosmilpetalos.lecturas.LecturasApplication with URLs [file:/C:/Users/tiare/Proyectos/lecturas/target/classes/]
2026-07-26T13:30:39.725-04:00  INFO 29692 --- [lecturas] [restartedMain] c.l.lecturas.LecturasApplication         : Starting LecturasApplication using Java 21.0.11 with PID 29692 (C:\Users\tiare\Proyectos\lecturas\target\classes started by tiare in C:\Users\tiare\Proyectos\lecturas)
2026-07-26T13:30:39.725-04:00  INFO 29692 --- [lecturas] [restartedMain] c.l.lecturas.LecturasApplication         : No active profile set, falling back to 1 default profile: "default"
2026-07-26T13:30:39.910-04:00  INFO 29692 --- [lecturas] [restartedMain] .s.d.r.c.RepositoryConfigurationDelegate : Bootstrapping Spring Data JPA repositories in DEFAULT mode.
2026-07-26T13:30:39.918-04:00  INFO 29692 --- [lecturas] [restartedMain] .s.d.r.c.RepositoryConfigurationDelegate : Finished Spring Data repository scanning in 9 ms. Found 2 JPA repository interfaces.
2026-07-26T13:30:40.002-04:00  INFO 29692 --- [lecturas] [restartedMain] o.s.boot.tomcat.TomcatWebServer          : Tomcat initialized with port 8081 (http)
2026-07-26T13:30:40.002-04:00  INFO 29692 --- [lecturas] [restartedMain] o.apache.catalina.core.StandardService   : Starting service [Tomcat]
2026-07-26T13:30:40.002-04:00  INFO 29692 --- [lecturas] [restartedMain] o.apache.catalina.core.StandardEngine    : Starting Servlet engine: [Apache Tomcat/11.0.22]
2026-07-26T13:30:40.030-04:00  INFO 29692 --- [lecturas] [restartedMain] b.w.c.s.WebApplicationContextInitializer : Root WebApplicationContext: initialization completed in 301 ms
2026-07-26T13:30:40.070-04:00  INFO 29692 --- [lecturas] [restartedMain] com.zaxxer.hikari.HikariDataSource       : HikariPool-3 - Starting...
2026-07-26T13:30:40.130-04:00  INFO 29692 --- [lecturas] [restartedMain] com.zaxxer.hikari.pool.HikariPool        : HikariPool-3 - Added connection org.postgresql.jdbc.PgConnection@2a57c666
2026-07-26T13:30:40.131-04:00  INFO 29692 --- [lecturas] [restartedMain] com.zaxxer.hikari.HikariDataSource       : HikariPool-3 - Start completed.
2026-07-26T13:30:40.132-04:00  INFO 29692 --- [lecturas] [restartedMain] org.flywaydb.core.FlywayExecutor         : Database: jdbc:postgresql://localhost:5432/BD_LIBRO (PostgreSQL 18.4)
2026-07-26T13:30:40.145-04:00  INFO 29692 --- [lecturas] [restartedMain] o.f.core.internal.command.DbValidate     : Successfully validated 2 migrations (execution time 00:00.006s)
2026-07-26T13:30:40.203-04:00  INFO 29692 --- [lecturas] [restartedMain] o.f.core.internal.command.DbMigrate      : Current version of schema "public": 2
2026-07-26T13:30:40.203-04:00  INFO 29692 --- [lecturas] [restartedMain] o.f.core.internal.command.DbMigrate      : Schema "public" is up to date. No migration necessary.
2026-07-26T13:30:40.217-04:00  INFO 29692 --- [lecturas] [restartedMain] org.hibernate.orm.jpa                    : HHH008540: Processing PersistenceUnitInfo [name: default]
2026-07-26T13:30:40.246-04:00  INFO 29692 --- [lecturas] [restartedMain] o.s.o.j.p.SpringPersistenceUnitInfo      : No LoadTimeWeaver setup: ignoring JPA class transformer
2026-07-26T13:30:40.258-04:00  INFO 29692 --- [lecturas] [restartedMain] org.hibernate.orm.connections.pooling    : HHH10001005: Database info:
	Database JDBC URL [jdbc:postgresql://localhost:5432/BD_LIBRO]
	Database driver: PostgreSQL JDBC Driver
	Database dialect: PostgreSQLDialect
	Database version: 18.4
	Default catalog/schema: BD_LIBRO/public
	Autocommit mode: undefined/unknown
	Isolation level: READ_COMMITTED [default READ_COMMITTED]
	JDBC fetch size: none
	Pool: DataSourceConnectionProvider
	Minimum pool size: undefined/unknown
	Maximum pool size: undefined/unknown
2026-07-26T13:30:40.311-04:00  INFO 29692 --- [lecturas] [restartedMain] org.hibernate.orm.core                   : HHH000489: No JTA platform available (set 'hibernate.transaction.jta.platform' to enable JTA platform integration)
2026-07-26T13:30:40.312-04:00  INFO 29692 --- [lecturas] [restartedMain] j.LocalContainerEntityManagerFactoryBean : Initialized JPA EntityManagerFactory for persistence unit 'default'
2026-07-26T13:30:40.395-04:00  WARN 29692 --- [lecturas] [restartedMain] JpaBaseConfiguration$JpaWebConfiguration : spring.jpa.open-in-view is enabled by default. Therefore, database queries may be performed during view rendering. Explicitly configure spring.jpa.open-in-view to disable this warning
2026-07-26T13:30:40.495-04:00  INFO 29692 --- [lecturas] [restartedMain] o.s.boot.tomcat.TomcatWebServer          : Tomcat started on port 8081 (http) with context path '/'
2026-07-26T13:30:40.498-04:00  INFO 29692 --- [lecturas] [restartedMain] c.l.lecturas.LecturasApplication         : Started LecturasApplication in 0.812 seconds (process running for 427.335)
2026-07-26T13:30:40.498-04:00  WARN 29692 --- [lecturas] [restartedMain] o.s.core.events.SpringDocAppInitializer  : SpringDoc /v3/api-docs endpoint is enabled by default. To disable it in production, set the property 'springdoc.api-docs.enabled=false'
2026-07-26T13:30:40.498-04:00  WARN 29692 --- [lecturas] [restartedMain] o.s.core.events.SpringDocAppInitializer  : SpringDoc /swagger-ui.html endpoint is enabled by default. To disable it in production, set the property 'springdoc.swagger-ui.enabled=false'
2026-07-26T13:30:40.499-04:00  INFO 29692 --- [lecturas] [restartedMain] .ConditionEvaluationDeltaLoggingListener : Condition evaluation unchanged
2026-07-26T13:30:41.573-04:00  INFO 29692 --- [lecturas] [SpringApplicationShutdownHook] o.s.boot.tomcat.GracefulShutdown         : Commencing graceful shutdown. Waiting for active requests to complete
2026-07-26T13:30:41.580-04:00  INFO 29692 --- [lecturas] [tomcat-shutdown] o.s.boot.tomcat.GracefulShutdown         : Graceful shutdown complete
2026-07-26T13:30:41.581-04:00  INFO 29692 --- [lecturas] [SpringApplicationShutdownHook] j.LocalContainerEntityManagerFactoryBean : Closing JPA EntityManagerFactory for persistence unit 'default'
2026-07-26T13:30:41.581-04:00  INFO 29692 --- [lecturas] [SpringApplicationShutdownHook] com.zaxxer.hikari.HikariDataSource       : HikariPool-3 - Shutdown initiated...
2026-07-26T13:30:41.584-04:00  INFO 29692 --- [lecturas] [SpringApplicationShutdownHook] com.zaxxer.hikari.HikariDataSource       : HikariPool-3 - Shutdown completed.
2026-07-26T13:30:56.659-04:00  INFO 10944 --- [lecturas] [main] c.l.lecturas.LecturasApplicationTests    : Starting LecturasApplicationTests using Java 21.0.11 with PID 10944 (started by tiare in C:\Users\tiare\Proyectos\lecturas)
2026-07-26T13:30:56.661-04:00  INFO 10944 --- [lecturas] [main] c.l.lecturas.LecturasApplicationTests    : No active profile set, falling back to 1 default profile: "default"
2026-07-26T13:30:57.486-04:00  INFO 10944 --- [lecturas] [main] .s.d.r.c.RepositoryConfigurationDelegate : Bootstrapping Spring Data JPA repositories in DEFAULT mode.
2026-07-26T13:30:57.553-04:00  INFO 10944 --- [lecturas] [main] .s.d.r.c.RepositoryConfigurationDelegate : Finished Spring Data repository scanning in 56 ms. Found 2 JPA repository interfaces.
2026-07-26T13:30:58.132-04:00  INFO 10944 --- [lecturas] [main] com.zaxxer.hikari.HikariDataSource       : HikariPool-1 - Starting...
2026-07-26T13:30:58.341-04:00  INFO 10944 --- [lecturas] [main] com.zaxxer.hikari.pool.HikariPool        : HikariPool-1 - Added connection org.postgresql.jdbc.PgConnection@553ce348
2026-07-26T13:30:58.343-04:00  INFO 10944 --- [lecturas] [main] com.zaxxer.hikari.HikariDataSource       : HikariPool-1 - Start completed.
2026-07-26T13:30:58.366-04:00  INFO 10944 --- [lecturas] [main] org.flywaydb.core.FlywayExecutor         : Database: jdbc:postgresql://localhost:5432/BD_LIBRO (PostgreSQL 18.4)
2026-07-26T13:30:58.417-04:00  INFO 10944 --- [lecturas] [main] o.f.core.internal.command.DbValidate     : Successfully validated 2 migrations (execution time 00:00.027s)
2026-07-26T13:30:58.465-04:00  INFO 10944 --- [lecturas] [main] o.f.core.internal.command.DbMigrate      : Current version of schema "public": 2
2026-07-26T13:30:58.473-04:00  INFO 10944 --- [lecturas] [main] o.f.core.internal.command.DbMigrate      : Schema "public" is up to date. No migration necessary.
2026-07-26T13:30:58.593-04:00  INFO 10944 --- [lecturas] [main] org.hibernate.orm.jpa                    : HHH008540: Processing PersistenceUnitInfo [name: default]
2026-07-26T13:30:58.660-04:00  INFO 10944 --- [lecturas] [main] org.hibernate.orm.core                   : HHH000001: Hibernate ORM core version 7.2.19.Final
2026-07-26T13:30:59.146-04:00  INFO 10944 --- [lecturas] [main] o.s.o.j.p.SpringPersistenceUnitInfo      : No LoadTimeWeaver setup: ignoring JPA class transformer
2026-07-26T13:30:59.231-04:00  INFO 10944 --- [lecturas] [main] org.hibernate.orm.connections.pooling    : HHH10001005: Database info:
	Database JDBC URL [jdbc:postgresql://localhost:5432/BD_LIBRO]
	Database driver: PostgreSQL JDBC Driver
	Database dialect: PostgreSQLDialect
	Database version: 18.4
	Default catalog/schema: BD_LIBRO/public
	Autocommit mode: undefined/unknown
	Isolation level: READ_COMMITTED [default READ_COMMITTED]
	JDBC fetch size: none
	Pool: DataSourceConnectionProvider
	Minimum pool size: undefined/unknown
	Maximum pool size: undefined/unknown
2026-07-26T13:31:00.058-04:00  INFO 10944 --- [lecturas] [main] org.hibernate.orm.core                   : HHH000489: No JTA platform available (set 'hibernate.transaction.jta.platform' to enable JTA platform integration)
2026-07-26T13:31:00.058-04:00  INFO 10944 --- [lecturas] [main] j.LocalContainerEntityManagerFactoryBean : Initialized JPA EntityManagerFactory for persistence unit 'default'
2026-07-26T13:31:00.141-04:00  INFO 10944 --- [lecturas] [main] o.s.d.j.r.query.QueryEnhancerFactories   : Hibernate is in classpath; If applicable, HQL parser will be used.
2026-07-26T13:31:01.392-04:00  WARN 10944 --- [lecturas] [main] JpaBaseConfiguration$JpaWebConfiguration : spring.jpa.open-in-view is enabled by default. Therefore, database queries may be performed during view rendering. Explicitly configure spring.jpa.open-in-view to disable this warning
2026-07-26T13:31:02.004-04:00  INFO 10944 --- [lecturas] [main] c.l.lecturas.LecturasApplicationTests    : Started LecturasApplicationTests in 5.704 seconds (process running for 6.89)
2026-07-26T13:31:02.008-04:00  WARN 10944 --- [lecturas] [main] o.s.core.events.SpringDocAppInitializer  : SpringDoc /v3/api-docs endpoint is enabled by default. To disable it in production, set the property 'springdoc.api-docs.enabled=false'
2026-07-26T13:31:02.008-04:00  WARN 10944 --- [lecturas] [main] o.s.core.events.SpringDocAppInitializer  : SpringDoc /swagger-ui.html endpoint is enabled by default. To disable it in production, set the property 'springdoc.swagger-ui.enabled=false'
2026-07-26T13:31:02.429-04:00  INFO 10944 --- [lecturas] [main] t.c.s.AnnotationConfigContextLoaderUtils : Could not detect default configuration classes for test class [com.libreriadelosmilpetalos.lecturas.repository.LibroRepositoryTest]: LibroRepositoryTest does not declare any static, non-private, non-final, nested classes annotated with @Configuration.
2026-07-26T13:31:02.465-04:00  INFO 10944 --- [lecturas] [main] .b.t.c.SpringBootTestContextBootstrapper : Found @SpringBootConfiguration com.libreriadelosmilpetalos.lecturas.LecturasApplication for test class com.libreriadelosmilpetalos.lecturas.repository.LibroRepositoryTest
2026-07-26T13:31:02.466-04:00  INFO 10944 --- [lecturas] [main] t.c.s.AnnotationConfigContextLoaderUtils : Could not detect default configuration classes for test class [com.libreriadelosmilpetalos.lecturas.repository.LibroRepositoryTest]: LibroRepositoryTest does not declare any static, non-private, non-final, nested classes annotated with @Configuration.
2026-07-26T13:31:02.481-04:00  INFO 10944 --- [lecturas] [main] .b.t.c.SpringBootTestContextBootstrapper : Found @SpringBootConfiguration com.libreriadelosmilpetalos.lecturas.LecturasApplication for test class com.libreriadelosmilpetalos.lecturas.repository.LibroRepositoryTest
2026-07-26T13:31:02.490-04:00  INFO 10944 --- [lecturas] [main] o.s.b.d.r.RestartApplicationListener     : Restart disabled due to context in which it is running
2026-07-26T13:31:02.523-04:00  INFO 10944 --- [lecturas] [main] c.l.l.repository.LibroRepositoryTest     : Starting LibroRepositoryTest using Java 21.0.11 with PID 10944 (started by tiare in C:\Users\tiare\Proyectos\lecturas)
2026-07-26T13:31:02.523-04:00  INFO 10944 --- [lecturas] [main] c.l.l.repository.LibroRepositoryTest     : No active profile set, falling back to 1 default profile: "default"
2026-07-26T13:31:02.596-04:00  INFO 10944 --- [lecturas] [main] .s.d.r.c.RepositoryConfigurationDelegate : Bootstrapping Spring Data JPA repositories in DEFAULT mode.
2026-07-26T13:31:02.607-04:00  INFO 10944 --- [lecturas] [main] .s.d.r.c.RepositoryConfigurationDelegate : Finished Spring Data repository scanning in 9 ms. Found 2 JPA repository interfaces.
2026-07-26T13:31:02.614-04:00  INFO 10944 --- [lecturas] [main] beddedDataSourceBeanFactoryPostProcessor : Replacing 'dataSource' DataSource bean with embedded version
2026-07-26T13:31:02.633-04:00  WARN 10944 --- [lecturas] [main] s.c.a.AnnotationConfigApplicationContext : Exception encountered during context initialization - cancelling refresh attempt: org.springframework.beans.factory.BeanCreationException: Error creating bean with name 'entityManagerFactory' defined in class path resource [org/springframework/boot/hibernate/autoconfigure/HibernateJpaConfiguration.class]: Failed to initialize dependency 'flyway' of LoadTimeWeaverAware bean 'entityManagerFactory': Error creating bean with name 'flyway' defined in class path resource [org/springframework/boot/flyway/autoconfigure/FlywayAutoConfiguration$FlywayConfiguration.class]: Failed to instantiate [org.flywaydb.core.Flyway]: Factory method 'flyway' threw exception with message: Error creating bean with name 'dataSource': Failed to replace DataSource with an embedded database for tests. If you want an embedded database please put a supported one on the classpath or tune the replace attribute of @AutoConfigureTestDatabase.
2026-07-26T13:31:02.650-04:00  INFO 10944 --- [lecturas] [main] .s.b.a.l.ConditionEvaluationReportLogger : 

Error starting ApplicationContext. To display the condition evaluation report re-run your application with 'debug' enabled.
2026-07-26T13:31:02.668-04:00 ERROR 10944 --- [lecturas] [main] o.s.boot.SpringApplication               : Application run failed

org.springframework.beans.factory.BeanCreationException: Error creating bean with name 'entityManagerFactory' defined in class path resource [org/springframework/boot/hibernate/autoconfigure/HibernateJpaConfiguration.class]: Failed to initialize dependency 'flyway' of LoadTimeWeaverAware bean 'entityManagerFactory': Error creating bean with name 'flyway' defined in class path resource [org/springframework/boot/flyway/autoconfigure/FlywayAutoConfiguration$FlywayConfiguration.class]: Failed to instantiate [org.flywaydb.core.Flyway]: Factory method 'flyway' threw exception with message: Error creating bean with name 'dataSource': Failed to replace DataSource with an embedded database for tests. If you want an embedded database please put a supported one on the classpath or tune the replace attribute of @AutoConfigureTestDatabase.
	at org.springframework.beans.factory.support.AbstractBeanFactory.doGetBean(AbstractBeanFactory.java:322) ~[spring-beans-7.0.8.jar:7.0.8]
	at org.springframework.beans.factory.support.AbstractBeanFactory.getBean(AbstractBeanFactory.java:201) ~[spring-beans-7.0.8.jar:7.0.8]
	at org.springframework.context.support.AbstractApplicationContext.finishBeanFactoryInitialization(AbstractApplicationContext.java:977) ~[spring-context-7.0.8.jar:7.0.8]
	at org.springframework.context.support.AbstractApplicationContext.refresh(AbstractApplicationContext.java:621) ~[spring-context-7.0.8.jar:7.0.8]
	at org.springframework.boot.SpringApplication.refresh(SpringApplication.java:756) ~[spring-boot-4.0.7.jar:4.0.7]
	at org.springframework.boot.SpringApplication.refreshContext(SpringApplication.java:445) ~[spring-boot-4.0.7.jar:4.0.7]
	at org.springframework.boot.SpringApplication.run(SpringApplication.java:321) ~[spring-boot-4.0.7.jar:4.0.7]
	at org.springframework.boot.test.context.SpringBootContextLoader.lambda$loadContext$2(SpringBootContextLoader.java:155) ~[spring-boot-test-4.0.7.jar:4.0.7]
	at org.springframework.util.function.ThrowingSupplier.get(ThrowingSupplier.java:58) ~[spring-core-7.0.8.jar:7.0.8]
	at org.springframework.util.function.ThrowingSupplier.get(ThrowingSupplier.java:46) ~[spring-core-7.0.8.jar:7.0.8]
	at org.springframework.boot.SpringApplication.withHook(SpringApplication.java:1465) ~[spring-boot-4.0.7.jar:4.0.7]
	at org.springframework.boot.test.context.SpringBootContextLoader$ContextLoaderHook.run(SpringBootContextLoader.java:600) ~[spring-boot-test-4.0.7.jar:4.0.7]
	at org.springframework.boot.test.context.SpringBootContextLoader.loadContext(SpringBootContextLoader.java:155) ~[spring-boot-test-4.0.7.jar:4.0.7]
	at org.springframework.boot.test.context.SpringBootContextLoader.loadContext(SpringBootContextLoader.java:114) ~[spring-boot-test-4.0.7.jar:4.0.7]
	at org.springframework.test.context.cache.DefaultCacheAwareContextLoaderDelegate.loadContextInternal(DefaultCacheAwareContextLoaderDelegate.java:247) ~[spring-test-7.0.8.jar:7.0.8]
	at org.springframework.test.context.cache.DefaultCacheAwareContextLoaderDelegate.lambda$loadContext$0(DefaultCacheAwareContextLoaderDelegate.java:167) ~[spring-test-7.0.8.jar:7.0.8]
	at org.springframework.test.context.cache.DefaultContextCache.put(DefaultContextCache.java:214) ~[spring-test-7.0.8.jar:7.0.8]
	at org.springframework.test.context.cache.DefaultCacheAwareContextLoaderDelegate.loadContext(DefaultCacheAwareContextLoaderDelegate.java:160) ~[spring-test-7.0.8.jar:7.0.8]
	at org.springframework.test.context.support.DefaultTestContext.getApplicationContext(DefaultTestContext.java:128) ~[spring-test-7.0.8.jar:7.0.8]
	at org.springframework.test.context.support.DependencyInjectionTestExecutionListener.injectDependencies(DependencyInjectionTestExecutionListener.java:156) ~[spring-test-7.0.8.jar:7.0.8]
	at org.springframework.test.context.support.DependencyInjectionTestExecutionListener.prepareTestInstance(DependencyInjectionTestExecutionListener.java:111) ~[spring-test-7.0.8.jar:7.0.8]
	at org.springframework.test.context.TestContextManager.prepareTestInstance(TestContextManager.java:260) ~[spring-test-7.0.8.jar:7.0.8]
	at org.springframework.test.context.junit.jupiter.SpringExtension.postProcessTestInstance(SpringExtension.java:242) ~[spring-test-7.0.8.jar:7.0.8]
	at org.junit.jupiter.engine.descriptor.ClassBasedTestDescriptor.lambda$invokeTestInstancePostProcessors$1(ClassBasedTestDescriptor.java:423) ~[junit-jupiter-engine-6.0.3.jar:6.0.3]
	at org.junit.jupiter.engine.descriptor.ClassBasedTestDescriptor.executeAndMaskThrowable(ClassBasedTestDescriptor.java:428) ~[junit-jupiter-engine-6.0.3.jar:6.0.3]
	at org.junit.jupiter.engine.descriptor.ClassBasedTestDescriptor.lambda$invokeTestInstancePostProcessors$0(ClassBasedTestDescriptor.java:422) ~[junit-jupiter-engine-6.0.3.jar:6.0.3]
	at java.base/java.util.stream.ForEachOps$ForEachOp$OfRef.accept(ForEachOps.java:184) ~[na:na]
	at java.base/java.util.stream.ReferencePipeline$3$1.accept(ReferencePipeline.java:197) ~[na:na]
	at java.base/java.util.stream.ReferencePipeline$2$1.accept(ReferencePipeline.java:179) ~[na:na]
	at java.base/java.util.stream.ReferencePipeline$3$1.accept(ReferencePipeline.java:197) ~[na:na]
	at java.base/java.util.ArrayList$ArrayListSpliterator.forEachRemaining(ArrayList.java:1708) ~[na:na]
	at java.base/java.util.stream.AbstractPipeline.copyInto(AbstractPipeline.java:509) ~[na:na]
	at java.base/java.util.stream.AbstractPipeline.wrapAndCopyInto(AbstractPipeline.java:499) ~[na:na]
	at java.base/java.util.stream.ForEachOps$ForEachOp.evaluateSequential(ForEachOps.java:151) ~[na:na]
	at java.base/java.util.stream.ForEachOps$ForEachOp$OfRef.evaluateSequential(ForEachOps.java:174) ~[na:na]
	at java.base/java.util.stream.AbstractPipeline.evaluate(AbstractPipeline.java:234) ~[na:na]
	at java.base/java.util.stream.ReferencePipeline.forEach(ReferencePipeline.java:596) ~[na:na]
	at org.junit.jupiter.engine.descriptor.ClassBasedTestDescriptor.invokeTestInstancePostProcessors(ClassBasedTestDescriptor.java:422) ~[junit-jupiter-engine-6.0.3.jar:6.0.3]
	at org.junit.jupiter.engine.descriptor.ClassBasedTestDescriptor.lambda$instantiateAndPostProcessTestInstance$0(ClassBasedTestDescriptor.java:334) ~[junit-jupiter-engine-6.0.3.jar:6.0.3]
	at org.junit.platform.engine.support.hierarchical.ThrowableCollector.execute(ThrowableCollector.java:74) ~[junit-platform-engine-6.0.3.jar:6.0.3]
	at org.junit.jupiter.engine.descriptor.ClassBasedTestDescriptor.instantiateAndPostProcessTestInstance(ClassBasedTestDescriptor.java:333) ~[junit-jupiter-engine-6.0.3.jar:6.0.3]
	at org.junit.jupiter.engine.descriptor.ClassBasedTestDescriptor.lambda$testInstancesProvider$1(ClassBasedTestDescriptor.java:322) ~[junit-jupiter-engine-6.0.3.jar:6.0.3]
	at java.base/java.util.Optional.orElseGet(Optional.java:364) ~[na:na]
	at org.junit.jupiter.engine.descriptor.ClassBasedTestDescriptor.lambda$testInstancesProvider$0(ClassBasedTestDescriptor.java:321) ~[junit-jupiter-engine-6.0.3.jar:6.0.3]
	at org.junit.jupiter.engine.execution.TestInstancesProvider.getTestInstances(TestInstancesProvider.java:27) ~[junit-jupiter-engine-6.0.3.jar:6.0.3]
	at org.junit.jupiter.engine.descriptor.TestMethodTestDescriptor.lambda$prepare$0(TestMethodTestDescriptor.java:127) ~[junit-jupiter-engine-6.0.3.jar:6.0.3]
	at org.junit.platform.engine.support.hierarchical.ThrowableCollector.execute(ThrowableCollector.java:74) ~[junit-platform-engine-6.0.3.jar:6.0.3]
	at org.junit.jupiter.engine.descriptor.TestMethodTestDescriptor.prepare(TestMethodTestDescriptor.java:126) ~[junit-jupiter-engine-6.0.3.jar:6.0.3]
	at org.junit.jupiter.engine.descriptor.TestMethodTestDescriptor.prepare(TestMethodTestDescriptor.java:70) ~[junit-jupiter-engine-6.0.3.jar:6.0.3]
	at org.junit.platform.engine.support.hierarchical.NodeTestTask.lambda$prepare$0(NodeTestTask.java:144) ~[junit-platform-engine-6.0.3.jar:6.0.3]
	at org.junit.platform.engine.support.hierarchical.ThrowableCollector.execute(ThrowableCollector.java:74) ~[junit-platform-engine-6.0.3.jar:6.0.3]
	at org.junit.platform.engine.support.hierarchical.NodeTestTask.prepare(NodeTestTask.java:144) ~[junit-platform-engine-6.0.3.jar:6.0.3]
	at org.junit.platform.engine.support.hierarchical.NodeTestTask.execute(NodeTestTask.java:110) ~[junit-platform-engine-6.0.3.jar:6.0.3]
	at java.base/java.util.ArrayList.forEach(ArrayList.java:1596) ~[na:na]
	at org.junit.platform.engine.support.hierarchical.SameThreadHierarchicalTestExecutorService.invokeAll(SameThreadHierarchicalTestExecutorService.java:42) ~[junit-platform-engine-6.0.3.jar:6.0.3]
	at org.junit.platform.engine.support.hierarchical.NodeTestTask.lambda$executeRecursively$2(NodeTestTask.java:180) ~[junit-platform-engine-6.0.3.jar:6.0.3]
	at org.junit.platform.engine.support.hierarchical.ThrowableCollector.execute(ThrowableCollector.java:74) ~[junit-platform-engine-6.0.3.jar:6.0.3]
	at org.junit.platform.engine.support.hierarchical.NodeTestTask.lambda$executeRecursively$1(NodeTestTask.java:166) ~[junit-platform-engine-6.0.3.jar:6.0.3]
	at org.junit.platform.engine.support.hierarchical.Node.around(Node.java:138) ~[junit-platform-engine-6.0.3.jar:6.0.3]
	at org.junit.platform.engine.support.hierarchical.NodeTestTask.lambda$executeRecursively$0(NodeTestTask.java:164) ~[junit-platform-engine-6.0.3.jar:6.0.3]
	at org.junit.platform.engine.support.hierarchical.ThrowableCollector.execute(ThrowableCollector.java:74) ~[junit-platform-engine-6.0.3.jar:6.0.3]
	at org.junit.platform.engine.support.hierarchical.NodeTestTask.executeRecursively(NodeTestTask.java:163) ~[junit-platform-engine-6.0.3.jar:6.0.3]
	at org.junit.platform.engine.support.hierarchical.NodeTestTask.execute(NodeTestTask.java:116) ~[junit-platform-engine-6.0.3.jar:6.0.3]
	at java.base/java.util.ArrayList.forEach(ArrayList.java:1596) ~[na:na]
	at org.junit.platform.engine.support.hierarchical.SameThreadHierarchicalTestExecutorService.invokeAll(SameThreadHierarchicalTestExecutorService.java:42) ~[junit-platform-engine-6.0.3.jar:6.0.3]
	at org.junit.platform.engine.support.hierarchical.NodeTestTask.lambda$executeRecursively$2(NodeTestTask.java:180) ~[junit-platform-engine-6.0.3.jar:6.0.3]
	at org.junit.platform.engine.support.hierarchical.ThrowableCollector.execute(ThrowableCollector.java:74) ~[junit-platform-engine-6.0.3.jar:6.0.3]
	at org.junit.platform.engine.support.hierarchical.NodeTestTask.lambda$executeRecursively$1(NodeTestTask.java:166) ~[junit-platform-engine-6.0.3.jar:6.0.3]
	at org.junit.platform.engine.support.hierarchical.Node.around(Node.java:138) ~[junit-platform-engine-6.0.3.jar:6.0.3]
	at org.junit.platform.engine.support.hierarchical.NodeTestTask.lambda$executeRecursively$0(NodeTestTask.java:164) ~[junit-platform-engine-6.0.3.jar:6.0.3]
	at org.junit.platform.engine.support.hierarchical.ThrowableCollector.execute(ThrowableCollector.java:74) ~[junit-platform-engine-6.0.3.jar:6.0.3]
	at org.junit.platform.engine.support.hierarchical.NodeTestTask.executeRecursively(NodeTestTask.java:163) ~[junit-platform-engine-6.0.3.jar:6.0.3]
	at org.junit.platform.engine.support.hierarchical.NodeTestTask.execute(NodeTestTask.java:116) ~[junit-platform-engine-6.0.3.jar:6.0.3]
	at org.junit.platform.engine.support.hierarchical.SameThreadHierarchicalTestExecutorService.submit(SameThreadHierarchicalTestExecutorService.java:36) ~[junit-platform-engine-6.0.3.jar:6.0.3]
	at org.junit.platform.engine.support.hierarchical.HierarchicalTestExecutor.execute(HierarchicalTestExecutor.java:52) ~[junit-platform-engine-6.0.3.jar:6.0.3]
	at org.junit.platform.engine.support.hierarchical.HierarchicalTestEngine.execute(HierarchicalTestEngine.java:58) ~[junit-platform-engine-6.0.3.jar:6.0.3]
	at org.junit.platform.launcher.core.EngineExecutionOrchestrator.executeEngine(EngineExecutionOrchestrator.java:246) ~[junit-platform-launcher-6.0.3.jar:6.0.3]
	at org.junit.platform.launcher.core.EngineExecutionOrchestrator.failOrExecuteEngine(EngineExecutionOrchestrator.java:218) ~[junit-platform-launcher-6.0.3.jar:6.0.3]
	at org.junit.platform.launcher.core.EngineExecutionOrchestrator.execute(EngineExecutionOrchestrator.java:179) ~[junit-platform-launcher-6.0.3.jar:6.0.3]
	at org.junit.platform.launcher.core.EngineExecutionOrchestrator.execute(EngineExecutionOrchestrator.java:108) ~[junit-platform-launcher-6.0.3.jar:6.0.3]
	at org.junit.platform.launcher.core.EngineExecutionOrchestrator.lambda$execute$0(EngineExecutionOrchestrator.java:66) ~[junit-platform-launcher-6.0.3.jar:6.0.3]
	at org.junit.platform.launcher.core.EngineExecutionOrchestrator.withInterceptedStreams(EngineExecutionOrchestrator.java:157) ~[junit-platform-launcher-6.0.3.jar:6.0.3]
	at org.junit.platform.launcher.core.EngineExecutionOrchestrator.execute(EngineExecutionOrchestrator.java:65) ~[junit-platform-launcher-6.0.3.jar:6.0.3]
	at org.junit.platform.launcher.core.DefaultLauncher.execute(DefaultLauncher.java:125) ~[junit-platform-launcher-6.0.3.jar:6.0.3]
	at org.junit.platform.launcher.core.DefaultLauncher.execute(DefaultLauncher.java:114) ~[junit-platform-launcher-6.0.3.jar:6.0.3]
	at org.junit.platform.launcher.core.DelegatingLauncher.execute(DelegatingLauncher.java:58) ~[junit-platform-launcher-6.0.3.jar:6.0.3]
	at org.junit.platform.launcher.core.InterceptingLauncher.lambda$execute$2(InterceptingLauncher.java:57) ~[junit-platform-launcher-6.0.3.jar:6.0.3]
	at org.junit.platform.launcher.core.ClasspathAlignmentCheckingLauncherInterceptor.intercept(ClasspathAlignmentCheckingLauncherInterceptor.java:25) ~[junit-platform-launcher-6.0.3.jar:6.0.3]
	at org.junit.platform.launcher.core.InterceptingLauncher.execute(InterceptingLauncher.java:56) ~[junit-platform-launcher-6.0.3.jar:6.0.3]
	at org.junit.platform.launcher.core.DelegatingLauncher.execute(DelegatingLauncher.java:58) ~[junit-platform-launcher-6.0.3.jar:6.0.3]
	at java.base/jdk.internal.reflect.DirectMethodHandleAccessor.invoke(DirectMethodHandleAccessor.java:103) ~[na:na]
	at java.base/java.lang.reflect.Method.invoke(Method.java:580) ~[na:na]
	at org.apache.maven.surefire.api.util.ReflectionUtils.invokeMethodWithArray(ReflectionUtils.java:125) ~[surefire-api-3.5.6.jar:3.5.6]
	at org.apache.maven.surefire.junitplatform.LauncherAdapter.executeWithCancellationToken(LauncherAdapter.java:68) ~[surefire-junit-platform-3.5.6.jar:3.5.6]
	at org.apache.maven.surefire.junitplatform.LauncherAdapter.execute(LauncherAdapter.java:54) ~[surefire-junit-platform-3.5.6.jar:3.5.6]
	at org.apache.maven.surefire.junitplatform.JUnitPlatformProvider.execute(JUnitPlatformProvider.java:203) ~[surefire-junit-platform-3.5.6.jar:3.5.6]
	at org.apache.maven.surefire.junitplatform.JUnitPlatformProvider.invokeAllTests(JUnitPlatformProvider.java:168) ~[surefire-junit-platform-3.5.6.jar:3.5.6]
	at org.apache.maven.surefire.junitplatform.JUnitPlatformProvider.invoke(JUnitPlatformProvider.java:136) ~[surefire-junit-platform-3.5.6.jar:3.5.6]
	at org.apache.maven.surefire.booter.ForkedBooter.runSuitesInProcess(ForkedBooter.java:385) ~[surefire-booter-3.5.6.jar:3.5.6]
	at org.apache.maven.surefire.booter.ForkedBooter.execute(ForkedBooter.java:162) ~[surefire-booter-3.5.6.jar:3.5.6]
	at org.apache.maven.surefire.booter.ForkedBooter.run(ForkedBooter.java:507) ~[surefire-booter-3.5.6.jar:3.5.6]
	at org.apache.maven.surefire.booter.ForkedBooter.main(ForkedBooter.java:495) ~[surefire-booter-3.5.6.jar:3.5.6]
Caused by: org.springframework.beans.factory.BeanCreationException: Error creating bean with name 'flyway' defined in class path resource [org/springframework/boot/flyway/autoconfigure/FlywayAutoConfiguration$FlywayConfiguration.class]: Failed to instantiate [org.flywaydb.core.Flyway]: Factory method 'flyway' threw exception with message: Error creating bean with name 'dataSource': Failed to replace DataSource with an embedded database for tests. If you want an embedded database please put a supported one on the classpath or tune the replace attribute of @AutoConfigureTestDatabase.
	at org.springframework.beans.factory.support.ConstructorResolver.instantiate(ConstructorResolver.java:657) ~[spring-beans-7.0.8.jar:7.0.8]
	at org.springframework.beans.factory.support.ConstructorResolver.instantiateUsingFactoryMethod(ConstructorResolver.java:645) ~[spring-beans-7.0.8.jar:7.0.8]
	at org.springframework.beans.factory.support.AbstractAutowireCapableBeanFactory.instantiateUsingFactoryMethod(AbstractAutowireCapableBeanFactory.java:1360) ~[spring-beans-7.0.8.jar:7.0.8]
	at org.springframework.beans.factory.support.AbstractAutowireCapableBeanFactory.createBeanInstance(AbstractAutowireCapableBeanFactory.java:1192) ~[spring-beans-7.0.8.jar:7.0.8]
	at org.springframework.beans.factory.support.AbstractAutowireCapableBeanFactory.doCreateBean(AbstractAutowireCapableBeanFactory.java:565) ~[spring-beans-7.0.8.jar:7.0.8]
	at org.springframework.beans.factory.support.AbstractAutowireCapableBeanFactory.createBean(AbstractAutowireCapableBeanFactory.java:525) ~[spring-beans-7.0.8.jar:7.0.8]
	at org.springframework.beans.factory.support.AbstractBeanFactory.lambda$doGetBean$0(AbstractBeanFactory.java:333) ~[spring-beans-7.0.8.jar:7.0.8]
	at org.springframework.beans.factory.support.DefaultSingletonBeanRegistry.getSingleton(DefaultSingletonBeanRegistry.java:371) ~[spring-beans-7.0.8.jar:7.0.8]
	at org.springframework.beans.factory.support.AbstractBeanFactory.doGetBean(AbstractBeanFactory.java:331) ~[spring-beans-7.0.8.jar:7.0.8]
	at org.springframework.beans.factory.support.AbstractBeanFactory.getBean(AbstractBeanFactory.java:196) ~[spring-beans-7.0.8.jar:7.0.8]
	at org.springframework.beans.factory.support.AbstractBeanFactory.doGetBean(AbstractBeanFactory.java:309) ~[spring-beans-7.0.8.jar:7.0.8]
	... 101 common frames omitted
Caused by: org.springframework.beans.BeanInstantiationException: Failed to instantiate [org.flywaydb.core.Flyway]: Factory method 'flyway' threw exception with message: Error creating bean with name 'dataSource': Failed to replace DataSource with an embedded database for tests. If you want an embedded database please put a supported one on the classpath or tune the replace attribute of @AutoConfigureTestDatabase.
	at org.springframework.beans.factory.support.SimpleInstantiationStrategy.lambda$instantiate$0(SimpleInstantiationStrategy.java:183) ~[spring-beans-7.0.8.jar:7.0.8]
	at org.springframework.beans.factory.support.SimpleInstantiationStrategy.instantiateWithFactoryMethod(SimpleInstantiationStrategy.java:72) ~[spring-beans-7.0.8.jar:7.0.8]
	at org.springframework.beans.factory.support.SimpleInstantiationStrategy.instantiate(SimpleInstantiationStrategy.java:152) ~[spring-beans-7.0.8.jar:7.0.8]
	at org.springframework.beans.factory.support.ConstructorResolver.instantiate(ConstructorResolver.java:653) ~[spring-beans-7.0.8.jar:7.0.8]
	... 111 common frames omitted
Caused by: org.springframework.beans.factory.BeanCreationException: Error creating bean with name 'dataSource': Failed to replace DataSource with an embedded database for tests. If you want an embedded database please put a supported one on the classpath or tune the replace attribute of @AutoConfigureTestDatabase.
	at org.springframework.beans.factory.support.AbstractAutowireCapableBeanFactory.initializeBean(AbstractAutowireCapableBeanFactory.java:1815) ~[spring-beans-7.0.8.jar:7.0.8]
	at org.springframework.beans.factory.support.AbstractAutowireCapableBeanFactory.doCreateBean(AbstractAutowireCapableBeanFactory.java:603) ~[spring-beans-7.0.8.jar:7.0.8]
	at org.springframework.beans.factory.support.AbstractAutowireCapableBeanFactory.createBean(AbstractAutowireCapableBeanFactory.java:525) ~[spring-beans-7.0.8.jar:7.0.8]
	at org.springframework.beans.factory.support.AbstractBeanFactory.lambda$doGetBean$0(AbstractBeanFactory.java:333) ~[spring-beans-7.0.8.jar:7.0.8]
	at org.springframework.beans.factory.support.DefaultSingletonBeanRegistry.getSingleton(DefaultSingletonBeanRegistry.java:371) ~[spring-beans-7.0.8.jar:7.0.8]
	at org.springframework.beans.factory.support.AbstractBeanFactory.doGetBean(AbstractBeanFactory.java:331) ~[spring-beans-7.0.8.jar:7.0.8]
	at org.springframework.beans.factory.support.AbstractBeanFactory.getBean(AbstractBeanFactory.java:201) ~[spring-beans-7.0.8.jar:7.0.8]
	at org.springframework.beans.factory.support.DefaultListableBeanFactory.resolveBean(DefaultListableBeanFactory.java:1232) ~[spring-beans-7.0.8.jar:7.0.8]
	at org.springframework.beans.factory.support.DefaultListableBeanFactory.doResolveDependency(DefaultListableBeanFactory.java:1711) ~[spring-beans-7.0.8.jar:7.0.8]
	at org.springframework.beans.factory.support.DefaultListableBeanFactory$DependencyObjectProvider.getIfUnique(DefaultListableBeanFactory.java:2618) ~[spring-beans-7.0.8.jar:7.0.8]
	at org.springframework.boot.flyway.autoconfigure.FlywayAutoConfiguration$FlywayConfiguration.flyway(FlywayAutoConfiguration.java:154) ~[spring-boot-flyway-4.0.7.jar:4.0.7]
	at java.base/jdk.internal.reflect.DirectMethodHandleAccessor.invoke(DirectMethodHandleAccessor.java:103) ~[na:na]
	at java.base/java.lang.reflect.Method.invoke(Method.java:580) ~[na:na]
	at org.springframework.beans.factory.support.SimpleInstantiationStrategy.lambda$instantiate$0(SimpleInstantiationStrategy.java:155) ~[spring-beans-7.0.8.jar:7.0.8]
	... 114 common frames omitted
Caused by: java.lang.IllegalStateException: Failed to replace DataSource with an embedded database for tests. If you want an embedded database please put a supported one on the classpath or tune the replace attribute of @AutoConfigureTestDatabase.
	at org.springframework.util.Assert.state(Assert.java:80) ~[spring-core-7.0.8.jar:7.0.8]
	at org.springframework.boot.jdbc.test.autoconfigure.TestDatabaseAutoConfiguration$EmbeddedDataSourceFactory.getEmbeddedDatabase(TestDatabaseAutoConfiguration.java:296) ~[spring-boot-jdbc-test-4.0.7.jar:4.0.7]
	at org.springframework.boot.jdbc.test.autoconfigure.TestDatabaseAutoConfiguration$EmbeddedDataSourceFactoryBean.afterPropertiesSet(TestDatabaseAutoConfiguration.java:261) ~[spring-boot-jdbc-test-4.0.7.jar:4.0.7]
	at org.springframework.beans.factory.support.AbstractAutowireCapableBeanFactory.invokeInitMethods(AbstractAutowireCapableBeanFactory.java:1862) ~[spring-beans-7.0.8.jar:7.0.8]
	at org.springframework.beans.factory.support.AbstractAutowireCapableBeanFactory.initializeBean(AbstractAutowireCapableBeanFactory.java:1811) ~[spring-beans-7.0.8.jar:7.0.8]
	... 127 common frames omitted

2026-07-26T13:31:02.676-04:00  WARN 10944 --- [lecturas] [main] o.s.test.context.TestContextManager      : Caught exception while allowing TestExecutionListener [org.springframework.test.context.support.DependencyInjectionTestExecutionListener] to prepare test instance [com.libreriadelosmilpetalos.lecturas.repository.LibroRepositoryTest@516ec5e4]

java.lang.IllegalStateException: Failed to load ApplicationContext for [MergedContextConfiguration@2c0e38c2 testClass = com.libreriadelosmilpetalos.lecturas.repository.LibroRepositoryTest, locations = [], classes = [com.libreriadelosmilpetalos.lecturas.LecturasApplication], contextInitializerClasses = [], activeProfiles = [], propertySourceDescriptors = [], propertySourceProperties = ["org.springframework.boot.data.jpa.test.autoconfigure.DataJpaTestContextBootstrapper=true"], contextCustomizers = [org.springframework.boot.web.server.context.SpringBootTestRandomPortContextCustomizer@6865c751, [ImportsContextCustomizer@615a30bd key = [org.springframework.boot.hibernate.autoconfigure.HibernateJpaAutoConfiguration, org.springframework.boot.jpa.test.autoconfigure.TestEntityManagerAutoConfiguration, org.springframework.boot.transaction.autoconfigure.TransactionAutoConfiguration, org.springframework.boot.transaction.autoconfigure.TransactionManagerCustomizationAutoConfiguration, org.springframework.boot.jdbc.autoconfigure.DataSourceTransactionManagerAutoConfiguration, org.springframework.boot.jdbc.autoconfigure.JdbcTemplateAutoConfiguration, org.springframework.boot.data.jpa.autoconfigure.DataJpaRepositoriesAutoConfiguration, org.springframework.boot.flyway.autoconfigure.FlywayAutoConfiguration, org.springframework.boot.jdbc.autoconfigure.DataSourceInitializationAutoConfiguration, org.springframework.boot.jdbc.autoconfigure.JdbcClientAutoConfiguration, org.springframework.boot.jdbc.test.autoconfigure.TestDatabaseAutoConfiguration, org.springframework.boot.jdbc.autoconfigure.DataSourceAutoConfiguration]], org.springframework.boot.test.context.PropertyMappingContextCustomizer@11ad14ac, org.springframework.boot.test.context.filter.ExcludeFilterContextCustomizer@1568159, org.springframework.boot.test.context.filter.annotation.TypeExcludeFiltersContextCustomizer@34be3d80, org.springframework.boot.test.json.DuplicateJsonObjectContextCustomizerFactory$DuplicateJsonObjectContextCustomizer@25f7391e, org.springframework.boot.test.autoconfigure.OnFailureConditionReportContextCustomizerFactory$OnFailureConditionReportContextCustomizer@5fb97279, org.springframework.boot.test.autoconfigure.OverrideAutoConfigurationContextCustomizerFactory$DisableAutoConfigurationContextCustomizer@164c4eca, org.springframework.test.context.support.DynamicPropertiesContextCustomizer@0, org.springframework.boot.webmvc.test.autoconfigure.WebDriverContextCustomizer@71104a4, org.springframework.boot.test.context.SpringBootTestAnnotation@e5731e4f], contextLoader = org.springframework.boot.test.context.SpringBootContextLoader, parent = null]
	at org.springframework.test.context.cache.DefaultCacheAwareContextLoaderDelegate.lambda$loadContext$0(DefaultCacheAwareContextLoaderDelegate.java:195) ~[spring-test-7.0.8.jar:7.0.8]
	at org.springframework.test.context.cache.DefaultContextCache.put(DefaultContextCache.java:214) ~[spring-test-7.0.8.jar:7.0.8]
	at org.springframework.test.context.cache.DefaultCacheAwareContextLoaderDelegate.loadContext(DefaultCacheAwareContextLoaderDelegate.java:160) ~[spring-test-7.0.8.jar:7.0.8]
	at org.springframework.test.context.support.DefaultTestContext.getApplicationContext(DefaultTestContext.java:128) ~[spring-test-7.0.8.jar:7.0.8]
	at org.springframework.test.context.support.DependencyInjectionTestExecutionListener.injectDependencies(DependencyInjectionTestExecutionListener.java:156) ~[spring-test-7.0.8.jar:7.0.8]
	at org.springframework.test.context.support.DependencyInjectionTestExecutionListener.prepareTestInstance(DependencyInjectionTestExecutionListener.java:111) ~[spring-test-7.0.8.jar:7.0.8]
	at org.springframework.test.context.TestContextManager.prepareTestInstance(TestContextManager.java:260) ~[spring-test-7.0.8.jar:7.0.8]
	at org.springframework.test.context.junit.jupiter.SpringExtension.postProcessTestInstance(SpringExtension.java:242) ~[spring-test-7.0.8.jar:7.0.8]
	at org.junit.jupiter.engine.descriptor.ClassBasedTestDescriptor.lambda$invokeTestInstancePostProcessors$1(ClassBasedTestDescriptor.java:423) ~[junit-jupiter-engine-6.0.3.jar:6.0.3]
	at org.junit.jupiter.engine.descriptor.ClassBasedTestDescriptor.executeAndMaskThrowable(ClassBasedTestDescriptor.java:428) ~[junit-jupiter-engine-6.0.3.jar:6.0.3]
	at org.junit.jupiter.engine.descriptor.ClassBasedTestDescriptor.lambda$invokeTestInstancePostProcessors$0(ClassBasedTestDescriptor.java:422) ~[junit-jupiter-engine-6.0.3.jar:6.0.3]
	at java.base/java.util.stream.ForEachOps$ForEachOp$OfRef.accept(ForEachOps.java:184) ~[na:na]
	at java.base/java.util.stream.ReferencePipeline$3$1.accept(ReferencePipeline.java:197) ~[na:na]
	at java.base/java.util.stream.ReferencePipeline$2$1.accept(ReferencePipeline.java:179) ~[na:na]
	at java.base/java.util.stream.ReferencePipeline$3$1.accept(ReferencePipeline.java:197) ~[na:na]
	at java.base/java.util.ArrayList$ArrayListSpliterator.forEachRemaining(ArrayList.java:1708) ~[na:na]
	at java.base/java.util.stream.AbstractPipeline.copyInto(AbstractPipeline.java:509) ~[na:na]
	at java.base/java.util.stream.AbstractPipeline.wrapAndCopyInto(AbstractPipeline.java:499) ~[na:na]
	at java.base/java.util.stream.ForEachOps$ForEachOp.evaluateSequential(ForEachOps.java:151) ~[na:na]
	at java.base/java.util.stream.ForEachOps$ForEachOp$OfRef.evaluateSequential(ForEachOps.java:174) ~[na:na]
	at java.base/java.util.stream.AbstractPipeline.evaluate(AbstractPipeline.java:234) ~[na:na]
	at java.base/java.util.stream.ReferencePipeline.forEach(ReferencePipeline.java:596) ~[na:na]
	at org.junit.jupiter.engine.descriptor.ClassBasedTestDescriptor.invokeTestInstancePostProcessors(ClassBasedTestDescriptor.java:422) ~[junit-jupiter-engine-6.0.3.jar:6.0.3]
	at org.junit.jupiter.engine.descriptor.ClassBasedTestDescriptor.lambda$instantiateAndPostProcessTestInstance$0(ClassBasedTestDescriptor.java:334) ~[junit-jupiter-engine-6.0.3.jar:6.0.3]
	at org.junit.platform.engine.support.hierarchical.ThrowableCollector.execute(ThrowableCollector.java:74) ~[junit-platform-engine-6.0.3.jar:6.0.3]
	at org.junit.jupiter.engine.descriptor.ClassBasedTestDescriptor.instantiateAndPostProcessTestInstance(ClassBasedTestDescriptor.java:333) ~[junit-jupiter-engine-6.0.3.jar:6.0.3]
	at org.junit.jupiter.engine.descriptor.ClassBasedTestDescriptor.lambda$testInstancesProvider$1(ClassBasedTestDescriptor.java:322) ~[junit-jupiter-engine-6.0.3.jar:6.0.3]
	at java.base/java.util.Optional.orElseGet(Optional.java:364) ~[na:na]
	at org.junit.jupiter.engine.descriptor.ClassBasedTestDescriptor.lambda$testInstancesProvider$0(ClassBasedTestDescriptor.java:321) ~[junit-jupiter-engine-6.0.3.jar:6.0.3]
	at org.junit.jupiter.engine.execution.TestInstancesProvider.getTestInstances(TestInstancesProvider.java:27) ~[junit-jupiter-engine-6.0.3.jar:6.0.3]
	at org.junit.jupiter.engine.descriptor.TestMethodTestDescriptor.lambda$prepare$0(TestMethodTestDescriptor.java:127) ~[junit-jupiter-engine-6.0.3.jar:6.0.3]
	at org.junit.platform.engine.support.hierarchical.ThrowableCollector.execute(ThrowableCollector.java:74) ~[junit-platform-engine-6.0.3.jar:6.0.3]
	at org.junit.jupiter.engine.descriptor.TestMethodTestDescriptor.prepare(TestMethodTestDescriptor.java:126) ~[junit-jupiter-engine-6.0.3.jar:6.0.3]
	at org.junit.jupiter.engine.descriptor.TestMethodTestDescriptor.prepare(TestMethodTestDescriptor.java:70) ~[junit-jupiter-engine-6.0.3.jar:6.0.3]
	at org.junit.platform.engine.support.hierarchical.NodeTestTask.lambda$prepare$0(NodeTestTask.java:144) ~[junit-platform-engine-6.0.3.jar:6.0.3]
	at org.junit.platform.engine.support.hierarchical.ThrowableCollector.execute(ThrowableCollector.java:74) ~[junit-platform-engine-6.0.3.jar:6.0.3]
	at org.junit.platform.engine.support.hierarchical.NodeTestTask.prepare(NodeTestTask.java:144) ~[junit-platform-engine-6.0.3.jar:6.0.3]
	at org.junit.platform.engine.support.hierarchical.NodeTestTask.execute(NodeTestTask.java:110) ~[junit-platform-engine-6.0.3.jar:6.0.3]
	at java.base/java.util.ArrayList.forEach(ArrayList.java:1596) ~[na:na]
	at org.junit.platform.engine.support.hierarchical.SameThreadHierarchicalTestExecutorService.invokeAll(SameThreadHierarchicalTestExecutorService.java:42) ~[junit-platform-engine-6.0.3.jar:6.0.3]
	at org.junit.platform.engine.support.hierarchical.NodeTestTask.lambda$executeRecursively$2(NodeTestTask.java:180) ~[junit-platform-engine-6.0.3.jar:6.0.3]
	at org.junit.platform.engine.support.hierarchical.ThrowableCollector.execute(ThrowableCollector.java:74) ~[junit-platform-engine-6.0.3.jar:6.0.3]
	at org.junit.platform.engine.support.hierarchical.NodeTestTask.lambda$executeRecursively$1(NodeTestTask.java:166) ~[junit-platform-engine-6.0.3.jar:6.0.3]
	at org.junit.platform.engine.support.hierarchical.Node.around(Node.java:138) ~[junit-platform-engine-6.0.3.jar:6.0.3]
	at org.junit.platform.engine.support.hierarchical.NodeTestTask.lambda$executeRecursively$0(NodeTestTask.java:164) ~[junit-platform-engine-6.0.3.jar:6.0.3]
	at org.junit.platform.engine.support.hierarchical.ThrowableCollector.execute(ThrowableCollector.java:74) ~[junit-platform-engine-6.0.3.jar:6.0.3]
	at org.junit.platform.engine.support.hierarchical.NodeTestTask.executeRecursively(NodeTestTask.java:163) ~[junit-platform-engine-6.0.3.jar:6.0.3]
	at org.junit.platform.engine.support.hierarchical.NodeTestTask.execute(NodeTestTask.java:116) ~[junit-platform-engine-6.0.3.jar:6.0.3]
	at java.base/java.util.ArrayList.forEach(ArrayList.java:1596) ~[na:na]
	at org.junit.platform.engine.support.hierarchical.SameThreadHierarchicalTestExecutorService.invokeAll(SameThreadHierarchicalTestExecutorService.java:42) ~[junit-platform-engine-6.0.3.jar:6.0.3]
	at org.junit.platform.engine.support.hierarchical.NodeTestTask.lambda$executeRecursively$2(NodeTestTask.java:180) ~[junit-platform-engine-6.0.3.jar:6.0.3]
	at org.junit.platform.engine.support.hierarchical.ThrowableCollector.execute(ThrowableCollector.java:74) ~[junit-platform-engine-6.0.3.jar:6.0.3]
	at org.junit.platform.engine.support.hierarchical.NodeTestTask.lambda$executeRecursively$1(NodeTestTask.java:166) ~[junit-platform-engine-6.0.3.jar:6.0.3]
	at org.junit.platform.engine.support.hierarchical.Node.around(Node.java:138) ~[junit-platform-engine-6.0.3.jar:6.0.3]
	at org.junit.platform.engine.support.hierarchical.NodeTestTask.lambda$executeRecursively$0(NodeTestTask.java:164) ~[junit-platform-engine-6.0.3.jar:6.0.3]
	at org.junit.platform.engine.support.hierarchical.ThrowableCollector.execute(ThrowableCollector.java:74) ~[junit-platform-engine-6.0.3.jar:6.0.3]
	at org.junit.platform.engine.support.hierarchical.NodeTestTask.executeRecursively(NodeTestTask.java:163) ~[junit-platform-engine-6.0.3.jar:6.0.3]
	at org.junit.platform.engine.support.hierarchical.NodeTestTask.execute(NodeTestTask.java:116) ~[junit-platform-engine-6.0.3.jar:6.0.3]
	at org.junit.platform.engine.support.hierarchical.SameThreadHierarchicalTestExecutorService.submit(SameThreadHierarchicalTestExecutorService.java:36) ~[junit-platform-engine-6.0.3.jar:6.0.3]
	at org.junit.platform.engine.support.hierarchical.HierarchicalTestExecutor.execute(HierarchicalTestExecutor.java:52) ~[junit-platform-engine-6.0.3.jar:6.0.3]
	at org.junit.platform.engine.support.hierarchical.HierarchicalTestEngine.execute(HierarchicalTestEngine.java:58) ~[junit-platform-engine-6.0.3.jar:6.0.3]
	at org.junit.platform.launcher.core.EngineExecutionOrchestrator.executeEngine(EngineExecutionOrchestrator.java:246) ~[junit-platform-launcher-6.0.3.jar:6.0.3]
	at org.junit.platform.launcher.core.EngineExecutionOrchestrator.failOrExecuteEngine(EngineExecutionOrchestrator.java:218) ~[junit-platform-launcher-6.0.3.jar:6.0.3]
	at org.junit.platform.launcher.core.EngineExecutionOrchestrator.execute(EngineExecutionOrchestrator.java:179) ~[junit-platform-launcher-6.0.3.jar:6.0.3]
	at org.junit.platform.launcher.core.EngineExecutionOrchestrator.execute(EngineExecutionOrchestrator.java:108) ~[junit-platform-launcher-6.0.3.jar:6.0.3]
	at org.junit.platform.launcher.core.EngineExecutionOrchestrator.lambda$execute$0(EngineExecutionOrchestrator.java:66) ~[junit-platform-launcher-6.0.3.jar:6.0.3]
	at org.junit.platform.launcher.core.EngineExecutionOrchestrator.withInterceptedStreams(EngineExecutionOrchestrator.java:157) ~[junit-platform-launcher-6.0.3.jar:6.0.3]
	at org.junit.platform.launcher.core.EngineExecutionOrchestrator.execute(EngineExecutionOrchestrator.java:65) ~[junit-platform-launcher-6.0.3.jar:6.0.3]
	at org.junit.platform.launcher.core.DefaultLauncher.execute(DefaultLauncher.java:125) ~[junit-platform-launcher-6.0.3.jar:6.0.3]
	at org.junit.platform.launcher.core.DefaultLauncher.execute(DefaultLauncher.java:114) ~[junit-platform-launcher-6.0.3.jar:6.0.3]
	at org.junit.platform.launcher.core.DelegatingLauncher.execute(DelegatingLauncher.java:58) ~[junit-platform-launcher-6.0.3.jar:6.0.3]
	at org.junit.platform.launcher.core.InterceptingLauncher.lambda$execute$2(InterceptingLauncher.java:57) ~[junit-platform-launcher-6.0.3.jar:6.0.3]
	at org.junit.platform.launcher.core.ClasspathAlignmentCheckingLauncherInterceptor.intercept(ClasspathAlignmentCheckingLauncherInterceptor.java:25) ~[junit-platform-launcher-6.0.3.jar:6.0.3]
	at org.junit.platform.launcher.core.InterceptingLauncher.execute(InterceptingLauncher.java:56) ~[junit-platform-launcher-6.0.3.jar:6.0.3]
	at org.junit.platform.launcher.core.DelegatingLauncher.execute(DelegatingLauncher.java:58) ~[junit-platform-launcher-6.0.3.jar:6.0.3]
	at java.base/jdk.internal.reflect.DirectMethodHandleAccessor.invoke(DirectMethodHandleAccessor.java:103) ~[na:na]
	at java.base/java.lang.reflect.Method.invoke(Method.java:580) ~[na:na]
	at org.apache.maven.surefire.api.util.ReflectionUtils.invokeMethodWithArray(ReflectionUtils.java:125) ~[surefire-api-3.5.6.jar:3.5.6]
	at org.apache.maven.surefire.junitplatform.LauncherAdapter.executeWithCancellationToken(LauncherAdapter.java:68) ~[surefire-junit-platform-3.5.6.jar:3.5.6]
	at org.apache.maven.surefire.junitplatform.LauncherAdapter.execute(LauncherAdapter.java:54) ~[surefire-junit-platform-3.5.6.jar:3.5.6]
	at org.apache.maven.surefire.junitplatform.JUnitPlatformProvider.execute(JUnitPlatformProvider.java:203) ~[surefire-junit-platform-3.5.6.jar:3.5.6]
	at org.apache.maven.surefire.junitplatform.JUnitPlatformProvider.invokeAllTests(JUnitPlatformProvider.java:168) ~[surefire-junit-platform-3.5.6.jar:3.5.6]
	at org.apache.maven.surefire.junitplatform.JUnitPlatformProvider.invoke(JUnitPlatformProvider.java:136) ~[surefire-junit-platform-3.5.6.jar:3.5.6]
	at org.apache.maven.surefire.booter.ForkedBooter.runSuitesInProcess(ForkedBooter.java:385) ~[surefire-booter-3.5.6.jar:3.5.6]
	at org.apache.maven.surefire.booter.ForkedBooter.execute(ForkedBooter.java:162) ~[surefire-booter-3.5.6.jar:3.5.6]
	at org.apache.maven.surefire.booter.ForkedBooter.run(ForkedBooter.java:507) ~[surefire-booter-3.5.6.jar:3.5.6]
	at org.apache.maven.surefire.booter.ForkedBooter.main(ForkedBooter.java:495) ~[surefire-booter-3.5.6.jar:3.5.6]
Caused by: org.springframework.beans.factory.BeanCreationException: Error creating bean with name 'entityManagerFactory' defined in class path resource [org/springframework/boot/hibernate/autoconfigure/HibernateJpaConfiguration.class]: Failed to initialize dependency 'flyway' of LoadTimeWeaverAware bean 'entityManagerFactory': Error creating bean with name 'flyway' defined in class path resource [org/springframework/boot/flyway/autoconfigure/FlywayAutoConfiguration$FlywayConfiguration.class]: Failed to instantiate [org.flywaydb.core.Flyway]: Factory method 'flyway' threw exception with message: Error creating bean with name 'dataSource': Failed to replace DataSource with an embedded database for tests. If you want an embedded database please put a supported one on the classpath or tune the replace attribute of @AutoConfigureTestDatabase.
	at org.springframework.beans.factory.support.AbstractBeanFactory.doGetBean(AbstractBeanFactory.java:322) ~[spring-beans-7.0.8.jar:7.0.8]
	at org.springframework.beans.factory.support.AbstractBeanFactory.getBean(AbstractBeanFactory.java:201) ~[spring-beans-7.0.8.jar:7.0.8]
	at org.springframework.context.support.AbstractApplicationContext.finishBeanFactoryInitialization(AbstractApplicationContext.java:977) ~[spring-context-7.0.8.jar:7.0.8]
	at org.springframework.context.support.AbstractApplicationContext.refresh(AbstractApplicationContext.java:621) ~[spring-context-7.0.8.jar:7.0.8]
	at org.springframework.boot.SpringApplication.refresh(SpringApplication.java:756) ~[spring-boot-4.0.7.jar:4.0.7]
	at org.springframework.boot.SpringApplication.refreshContext(SpringApplication.java:445) ~[spring-boot-4.0.7.jar:4.0.7]
	at org.springframework.boot.SpringApplication.run(SpringApplication.java:321) ~[spring-boot-4.0.7.jar:4.0.7]
	at org.springframework.boot.test.context.SpringBootContextLoader.lambda$loadContext$2(SpringBootContextLoader.java:155) ~[spring-boot-test-4.0.7.jar:4.0.7]
	at org.springframework.util.function.ThrowingSupplier.get(ThrowingSupplier.java:58) ~[spring-core-7.0.8.jar:7.0.8]
	at org.springframework.util.function.ThrowingSupplier.get(ThrowingSupplier.java:46) ~[spring-core-7.0.8.jar:7.0.8]
	at org.springframework.boot.SpringApplication.withHook(SpringApplication.java:1465) ~[spring-boot-4.0.7.jar:4.0.7]
	at org.springframework.boot.test.context.SpringBootContextLoader$ContextLoaderHook.run(SpringBootContextLoader.java:600) ~[spring-boot-test-4.0.7.jar:4.0.7]
	at org.springframework.boot.test.context.SpringBootContextLoader.loadContext(SpringBootContextLoader.java:155) ~[spring-boot-test-4.0.7.jar:4.0.7]
	at org.springframework.boot.test.context.SpringBootContextLoader.loadContext(SpringBootContextLoader.java:114) ~[spring-boot-test-4.0.7.jar:4.0.7]
	at org.springframework.test.context.cache.DefaultCacheAwareContextLoaderDelegate.loadContextInternal(DefaultCacheAwareContextLoaderDelegate.java:247) ~[spring-test-7.0.8.jar:7.0.8]
	at org.springframework.test.context.cache.DefaultCacheAwareContextLoaderDelegate.lambda$loadContext$0(DefaultCacheAwareContextLoaderDelegate.java:167) ~[spring-test-7.0.8.jar:7.0.8]
	... 86 common frames omitted
Caused by: org.springframework.beans.factory.BeanCreationException: Error creating bean with name 'flyway' defined in class path resource [org/springframework/boot/flyway/autoconfigure/FlywayAutoConfiguration$FlywayConfiguration.class]: Failed to instantiate [org.flywaydb.core.Flyway]: Factory method 'flyway' threw exception with message: Error creating bean with name 'dataSource': Failed to replace DataSource with an embedded database for tests. If you want an embedded database please put a supported one on the classpath or tune the replace attribute of @AutoConfigureTestDatabase.
	at org.springframework.beans.factory.support.ConstructorResolver.instantiate(ConstructorResolver.java:657) ~[spring-beans-7.0.8.jar:7.0.8]
	at org.springframework.beans.factory.support.ConstructorResolver.instantiateUsingFactoryMethod(ConstructorResolver.java:645) ~[spring-beans-7.0.8.jar:7.0.8]
	at org.springframework.beans.factory.support.AbstractAutowireCapableBeanFactory.instantiateUsingFactoryMethod(AbstractAutowireCapableBeanFactory.java:1360) ~[spring-beans-7.0.8.jar:7.0.8]
	at org.springframework.beans.factory.support.AbstractAutowireCapableBeanFactory.createBeanInstance(AbstractAutowireCapableBeanFactory.java:1192) ~[spring-beans-7.0.8.jar:7.0.8]
	at org.springframework.beans.factory.support.AbstractAutowireCapableBeanFactory.doCreateBean(AbstractAutowireCapableBeanFactory.java:565) ~[spring-beans-7.0.8.jar:7.0.8]
	at org.springframework.beans.factory.support.AbstractAutowireCapableBeanFactory.createBean(AbstractAutowireCapableBeanFactory.java:525) ~[spring-beans-7.0.8.jar:7.0.8]
	at org.springframework.beans.factory.support.AbstractBeanFactory.lambda$doGetBean$0(AbstractBeanFactory.java:333) ~[spring-beans-7.0.8.jar:7.0.8]
	at org.springframework.beans.factory.support.DefaultSingletonBeanRegistry.getSingleton(DefaultSingletonBeanRegistry.java:371) ~[spring-beans-7.0.8.jar:7.0.8]
	at org.springframework.beans.factory.support.AbstractBeanFactory.doGetBean(AbstractBeanFactory.java:331) ~[spring-beans-7.0.8.jar:7.0.8]
	at org.springframework.beans.factory.support.AbstractBeanFactory.getBean(AbstractBeanFactory.java:196) ~[spring-beans-7.0.8.jar:7.0.8]
	at org.springframework.beans.factory.support.AbstractBeanFactory.doGetBean(AbstractBeanFactory.java:309) ~[spring-beans-7.0.8.jar:7.0.8]
	... 101 common frames omitted
Caused by: org.springframework.beans.BeanInstantiationException: Failed to instantiate [org.flywaydb.core.Flyway]: Factory method 'flyway' threw exception with message: Error creating bean with name 'dataSource': Failed to replace DataSource with an embedded database for tests. If you want an embedded database please put a supported one on the classpath or tune the replace attribute of @AutoConfigureTestDatabase.
	at org.springframework.beans.factory.support.SimpleInstantiationStrategy.lambda$instantiate$0(SimpleInstantiationStrategy.java:183) ~[spring-beans-7.0.8.jar:7.0.8]
	at org.springframework.beans.factory.support.SimpleInstantiationStrategy.instantiateWithFactoryMethod(SimpleInstantiationStrategy.java:72) ~[spring-beans-7.0.8.jar:7.0.8]
	at org.springframework.beans.factory.support.SimpleInstantiationStrategy.instantiate(SimpleInstantiationStrategy.java:152) ~[spring-beans-7.0.8.jar:7.0.8]
	at org.springframework.beans.factory.support.ConstructorResolver.instantiate(ConstructorResolver.java:653) ~[spring-beans-7.0.8.jar:7.0.8]
	... 111 common frames omitted
Caused by: org.springframework.beans.factory.BeanCreationException: Error creating bean with name 'dataSource': Failed to replace DataSource with an embedded database for tests. If you want an embedded database please put a supported one on the classpath or tune the replace attribute of @AutoConfigureTestDatabase.
	at org.springframework.beans.factory.support.AbstractAutowireCapableBeanFactory.initializeBean(AbstractAutowireCapableBeanFactory.java:1815) ~[spring-beans-7.0.8.jar:7.0.8]
	at org.springframework.beans.factory.support.AbstractAutowireCapableBeanFactory.doCreateBean(AbstractAutowireCapableBeanFactory.java:603) ~[spring-beans-7.0.8.jar:7.0.8]
	at org.springframework.beans.factory.support.AbstractAutowireCapableBeanFactory.createBean(AbstractAutowireCapableBeanFactory.java:525) ~[spring-beans-7.0.8.jar:7.0.8]
	at org.springframework.beans.factory.support.AbstractBeanFactory.lambda$doGetBean$0(AbstractBeanFactory.java:333) ~[spring-beans-7.0.8.jar:7.0.8]
	at org.springframework.beans.factory.support.DefaultSingletonBeanRegistry.getSingleton(DefaultSingletonBeanRegistry.java:371) ~[spring-beans-7.0.8.jar:7.0.8]
	at org.springframework.beans.factory.support.AbstractBeanFactory.doGetBean(AbstractBeanFactory.java:331) ~[spring-beans-7.0.8.jar:7.0.8]
	at org.springframework.beans.factory.support.AbstractBeanFactory.getBean(AbstractBeanFactory.java:201) ~[spring-beans-7.0.8.jar:7.0.8]
	at org.springframework.beans.factory.support.DefaultListableBeanFactory.resolveBean(DefaultListableBeanFactory.java:1232) ~[spring-beans-7.0.8.jar:7.0.8]
	at org.springframework.beans.factory.support.DefaultListableBeanFactory.doResolveDependency(DefaultListableBeanFactory.java:1711) ~[spring-beans-7.0.8.jar:7.0.8]
	at org.springframework.beans.factory.support.DefaultListableBeanFactory$DependencyObjectProvider.getIfUnique(DefaultListableBeanFactory.java:2618) ~[spring-beans-7.0.8.jar:7.0.8]
	at org.springframework.boot.flyway.autoconfigure.FlywayAutoConfiguration$FlywayConfiguration.flyway(FlywayAutoConfiguration.java:154) ~[spring-boot-flyway-4.0.7.jar:4.0.7]
	at java.base/jdk.internal.reflect.DirectMethodHandleAccessor.invoke(DirectMethodHandleAccessor.java:103) ~[na:na]
	at java.base/java.lang.reflect.Method.invoke(Method.java:580) ~[na:na]
	at org.springframework.beans.factory.support.SimpleInstantiationStrategy.lambda$instantiate$0(SimpleInstantiationStrategy.java:155) ~[spring-beans-7.0.8.jar:7.0.8]
	... 114 common frames omitted
Caused by: java.lang.IllegalStateException: Failed to replace DataSource with an embedded database for tests. If you want an embedded database please put a supported one on the classpath or tune the replace attribute of @AutoConfigureTestDatabase.
	at org.springframework.util.Assert.state(Assert.java:80) ~[spring-core-7.0.8.jar:7.0.8]
	at org.springframework.boot.jdbc.test.autoconfigure.TestDatabaseAutoConfiguration$EmbeddedDataSourceFactory.getEmbeddedDatabase(TestDatabaseAutoConfiguration.java:296) ~[spring-boot-jdbc-test-4.0.7.jar:4.0.7]
	at org.springframework.boot.jdbc.test.autoconfigure.TestDatabaseAutoConfiguration$EmbeddedDataSourceFactoryBean.afterPropertiesSet(TestDatabaseAutoConfiguration.java:261) ~[spring-boot-jdbc-test-4.0.7.jar:4.0.7]
	at org.springframework.beans.factory.support.AbstractAutowireCapableBeanFactory.invokeInitMethods(AbstractAutowireCapableBeanFactory.java:1862) ~[spring-beans-7.0.8.jar:7.0.8]
	at org.springframework.beans.factory.support.AbstractAutowireCapableBeanFactory.initializeBean(AbstractAutowireCapableBeanFactory.java:1811) ~[spring-beans-7.0.8.jar:7.0.8]
	... 127 common frames omitted

2026-07-26T13:31:03.244-04:00  INFO 10944 --- [lecturas] [main] c.l.lecturas.service.LibroService        : Creando libro
2026-07-26T13:31:03.244-04:00  INFO 10944 --- [lecturas] [main] c.l.lecturas.service.LibroService        : Iniciando limpieza del formato
2026-07-26T13:31:03.349-04:00  INFO 10944 --- [lecturas] [SpringApplicationShutdownHook] j.LocalContainerEntityManagerFactoryBean : Closing JPA EntityManagerFactory for persistence unit 'default'
2026-07-26T13:31:03.356-04:00  INFO 10944 --- [lecturas] [SpringApplicationShutdownHook] com.zaxxer.hikari.HikariDataSource       : HikariPool-1 - Shutdown initiated...
2026-07-26T13:31:03.362-04:00  INFO 10944 --- [lecturas] [SpringApplicationShutdownHook] com.zaxxer.hikari.HikariDataSource       : HikariPool-1 - Shutdown completed.
2026-07-26T13:37:38.835-04:00  INFO 31728 --- [lecturas] [main] c.l.lecturas.LecturasApplicationTests    : Starting LecturasApplicationTests using Java 21.0.11 with PID 31728 (started by tiare in C:\Users\tiare\Proyectos\lecturas)
2026-07-26T13:37:38.835-04:00  INFO 31728 --- [lecturas] [main] c.l.lecturas.LecturasApplicationTests    : No active profile set, falling back to 1 default profile: "default"
2026-07-26T13:37:39.675-04:00  INFO 31728 --- [lecturas] [main] .s.d.r.c.RepositoryConfigurationDelegate : Bootstrapping Spring Data JPA repositories in DEFAULT mode.
2026-07-26T13:37:39.756-04:00  INFO 31728 --- [lecturas] [main] .s.d.r.c.RepositoryConfigurationDelegate : Finished Spring Data repository scanning in 64 ms. Found 2 JPA repository interfaces.
2026-07-26T13:37:40.476-04:00  INFO 31728 --- [lecturas] [main] com.zaxxer.hikari.HikariDataSource       : HikariPool-1 - Starting...
2026-07-26T13:37:40.713-04:00  INFO 31728 --- [lecturas] [main] com.zaxxer.hikari.pool.HikariPool        : HikariPool-1 - Added connection org.postgresql.jdbc.PgConnection@466fedfa
2026-07-26T13:37:40.716-04:00  INFO 31728 --- [lecturas] [main] com.zaxxer.hikari.HikariDataSource       : HikariPool-1 - Start completed.
2026-07-26T13:37:40.747-04:00  INFO 31728 --- [lecturas] [main] org.flywaydb.core.FlywayExecutor         : Database: jdbc:postgresql://localhost:5432/BD_LIBRO (PostgreSQL 18.4)
2026-07-26T13:37:40.795-04:00  INFO 31728 --- [lecturas] [main] o.f.core.internal.command.DbValidate     : Successfully validated 2 migrations (execution time 00:00.033s)
2026-07-26T13:37:40.881-04:00  INFO 31728 --- [lecturas] [main] o.f.core.internal.command.DbMigrate      : Current version of schema "public": 2
2026-07-26T13:37:40.881-04:00  INFO 31728 --- [lecturas] [main] o.f.core.internal.command.DbMigrate      : Schema "public" is up to date. No migration necessary.
2026-07-26T13:37:41.041-04:00  INFO 31728 --- [lecturas] [main] org.hibernate.orm.jpa                    : HHH008540: Processing PersistenceUnitInfo [name: default]
2026-07-26T13:37:41.111-04:00  INFO 31728 --- [lecturas] [main] org.hibernate.orm.core                   : HHH000001: Hibernate ORM core version 7.2.19.Final
2026-07-26T13:37:41.579-04:00  INFO 31728 --- [lecturas] [main] o.s.o.j.p.SpringPersistenceUnitInfo      : No LoadTimeWeaver setup: ignoring JPA class transformer
2026-07-26T13:37:41.662-04:00  INFO 31728 --- [lecturas] [main] org.hibernate.orm.connections.pooling    : HHH10001005: Database info:
	Database JDBC URL [jdbc:postgresql://localhost:5432/BD_LIBRO]
	Database driver: PostgreSQL JDBC Driver
	Database dialect: PostgreSQLDialect
	Database version: 18.4
	Default catalog/schema: BD_LIBRO/public
	Autocommit mode: undefined/unknown
	Isolation level: READ_COMMITTED [default READ_COMMITTED]
	JDBC fetch size: none
	Pool: DataSourceConnectionProvider
	Minimum pool size: undefined/unknown
	Maximum pool size: undefined/unknown
2026-07-26T13:37:42.492-04:00  INFO 31728 --- [lecturas] [main] org.hibernate.orm.core                   : HHH000489: No JTA platform available (set 'hibernate.transaction.jta.platform' to enable JTA platform integration)
2026-07-26T13:37:42.509-04:00  INFO 31728 --- [lecturas] [main] j.LocalContainerEntityManagerFactoryBean : Initialized JPA EntityManagerFactory for persistence unit 'default'
2026-07-26T13:37:42.589-04:00  INFO 31728 --- [lecturas] [main] o.s.d.j.r.query.QueryEnhancerFactories   : Hibernate is in classpath; If applicable, HQL parser will be used.
2026-07-26T13:37:43.936-04:00  WARN 31728 --- [lecturas] [main] JpaBaseConfiguration$JpaWebConfiguration : spring.jpa.open-in-view is enabled by default. Therefore, database queries may be performed during view rendering. Explicitly configure spring.jpa.open-in-view to disable this warning
2026-07-26T13:37:44.521-04:00  INFO 31728 --- [lecturas] [main] c.l.lecturas.LecturasApplicationTests    : Started LecturasApplicationTests in 6.049 seconds (process running for 7.137)
2026-07-26T13:37:44.521-04:00  WARN 31728 --- [lecturas] [main] o.s.core.events.SpringDocAppInitializer  : SpringDoc /v3/api-docs endpoint is enabled by default. To disable it in production, set the property 'springdoc.api-docs.enabled=false'
2026-07-26T13:37:44.521-04:00  WARN 31728 --- [lecturas] [main] o.s.core.events.SpringDocAppInitializer  : SpringDoc /swagger-ui.html endpoint is enabled by default. To disable it in production, set the property 'springdoc.swagger-ui.enabled=false'
2026-07-26T13:37:44.904-04:00  INFO 31728 --- [lecturas] [main] t.c.s.AnnotationConfigContextLoaderUtils : Could not detect default configuration classes for test class [com.libreriadelosmilpetalos.lecturas.repository.LibroRepositoryTest]: LibroRepositoryTest does not declare any static, non-private, non-final, nested classes annotated with @Configuration.
2026-07-26T13:37:44.942-04:00  INFO 31728 --- [lecturas] [main] .b.t.c.SpringBootTestContextBootstrapper : Found @SpringBootConfiguration com.libreriadelosmilpetalos.lecturas.LecturasApplication for test class com.libreriadelosmilpetalos.lecturas.repository.LibroRepositoryTest
2026-07-26T13:37:44.943-04:00  INFO 31728 --- [lecturas] [main] t.c.s.AnnotationConfigContextLoaderUtils : Could not detect default configuration classes for test class [com.libreriadelosmilpetalos.lecturas.repository.LibroRepositoryTest]: LibroRepositoryTest does not declare any static, non-private, non-final, nested classes annotated with @Configuration.
2026-07-26T13:37:44.961-04:00  INFO 31728 --- [lecturas] [main] .b.t.c.SpringBootTestContextBootstrapper : Found @SpringBootConfiguration com.libreriadelosmilpetalos.lecturas.LecturasApplication for test class com.libreriadelosmilpetalos.lecturas.repository.LibroRepositoryTest
2026-07-26T13:37:44.966-04:00  INFO 31728 --- [lecturas] [main] o.s.b.d.r.RestartApplicationListener     : Restart disabled due to context in which it is running
2026-07-26T13:37:45.002-04:00  INFO 31728 --- [lecturas] [main] c.l.l.repository.LibroRepositoryTest     : Starting LibroRepositoryTest using Java 21.0.11 with PID 31728 (started by tiare in C:\Users\tiare\Proyectos\lecturas)
2026-07-26T13:37:45.002-04:00  INFO 31728 --- [lecturas] [main] c.l.l.repository.LibroRepositoryTest     : No active profile set, falling back to 1 default profile: "default"
2026-07-26T13:37:45.079-04:00  INFO 31728 --- [lecturas] [main] .s.d.r.c.RepositoryConfigurationDelegate : Bootstrapping Spring Data JPA repositories in DEFAULT mode.
2026-07-26T13:37:45.091-04:00  INFO 31728 --- [lecturas] [main] .s.d.r.c.RepositoryConfigurationDelegate : Finished Spring Data repository scanning in 8 ms. Found 2 JPA repository interfaces.
2026-07-26T13:37:45.100-04:00  INFO 31728 --- [lecturas] [main] beddedDataSourceBeanFactoryPostProcessor : Replacing 'dataSource' DataSource bean with embedded version
2026-07-26T13:37:45.132-04:00  INFO 31728 --- [lecturas] [main] o.s.j.d.e.EmbeddedDatabaseFactory        : Starting embedded database: url='jdbc:h2:mem:a5766e2d-5d9d-4aa9-8ef8-e7192b7051fa;DB_CLOSE_DELAY=-1;DB_CLOSE_ON_EXIT=false', username='sa'
2026-07-26T13:37:45.364-04:00  INFO 31728 --- [lecturas] [main] org.flywaydb.core.FlywayExecutor         : Database: jdbc:h2:mem:a5766e2d-5d9d-4aa9-8ef8-e7192b7051fa (H2 2.4)
2026-07-26T13:37:45.364-04:00  WARN 31728 --- [lecturas] [main] o.f.c.internal.database.base.Database    : Using H2 2.4.240 which is newer than the version Flyway has been verified with. The latest verified version of H2 is 2.3.232.
2026-07-26T13:37:45.379-04:00  INFO 31728 --- [lecturas] [main] o.f.c.i.s.JdbcTableSchemaHistory         : Schema history table "PUBLIC"."flyway_schema_history" does not exist yet
2026-07-26T13:37:45.379-04:00  INFO 31728 --- [lecturas] [main] o.f.core.internal.command.DbValidate     : Successfully validated 2 migrations (execution time 00:00.004s)
2026-07-26T13:37:45.379-04:00  INFO 31728 --- [lecturas] [main] o.f.c.i.s.JdbcTableSchemaHistory         : Creating Schema History table "PUBLIC"."flyway_schema_history" ...
2026-07-26T13:37:45.411-04:00  INFO 31728 --- [lecturas] [main] o.f.core.internal.command.DbMigrate      : Current version of schema "PUBLIC": << Empty Schema >>
2026-07-26T13:37:45.423-04:00  INFO 31728 --- [lecturas] [main] o.f.core.internal.command.DbMigrate      : Migrating schema "PUBLIC" to version "1 - crear bd"
2026-07-26T13:37:45.443-04:00  INFO 31728 --- [lecturas] [main] o.f.core.internal.command.DbMigrate      : Migrating schema "PUBLIC" to version "2 - datos prueba1"
2026-07-26T13:37:45.443-04:00  INFO 31728 --- [lecturas] [main] o.f.core.internal.command.DbMigrate      : Successfully applied 2 migrations to schema "PUBLIC", now at version v2 (execution time 00:00.020s)
2026-07-26T13:37:45.476-04:00  INFO 31728 --- [lecturas] [main] org.hibernate.orm.jpa                    : HHH008540: Processing PersistenceUnitInfo [name: default]
2026-07-26T13:37:45.502-04:00  INFO 31728 --- [lecturas] [main] o.s.o.j.p.SpringPersistenceUnitInfo      : No LoadTimeWeaver setup: ignoring JPA class transformer
2026-07-26T13:37:45.510-04:00  INFO 31728 --- [lecturas] [main] org.hibernate.orm.connections.pooling    : HHH10001005: Database info:
	Database JDBC URL [jdbc:h2:mem:a5766e2d-5d9d-4aa9-8ef8-e7192b7051fa]
	Database driver: H2 JDBC Driver
	Database dialect: H2Dialect
	Database version: 2.4.240
	Default catalog/schema: A5766E2D-5D9D-4AA9-8EF8-E7192B7051FA/PUBLIC
	Autocommit mode: undefined/unknown
	Isolation level: READ_COMMITTED [default READ_COMMITTED]
	JDBC fetch size: 100
	Pool: DataSourceConnectionProvider
	Minimum pool size: undefined/unknown
	Maximum pool size: undefined/unknown
2026-07-26T13:37:45.578-04:00  INFO 31728 --- [lecturas] [main] org.hibernate.orm.core                   : HHH000489: No JTA platform available (set 'hibernate.transaction.jta.platform' to enable JTA platform integration)
2026-07-26T13:37:45.579-04:00  INFO 31728 --- [lecturas] [main] j.LocalContainerEntityManagerFactoryBean : Initialized JPA EntityManagerFactory for persistence unit 'default'
2026-07-26T13:37:45.645-04:00  INFO 31728 --- [lecturas] [main] c.l.l.repository.LibroRepositoryTest     : Started LibroRepositoryTest in 0.679 seconds (process running for 8.257)
2026-07-26T13:37:45.701-04:00  WARN 31728 --- [lecturas] [main] org.hibernate.orm.query                  : HHH90003004: firstResult/maxResults specified with collection fetch; applying in memory
2026-07-26T13:37:46.351-04:00  INFO 31728 --- [lecturas] [main] c.l.lecturas.service.LibroService        : Creando libro
2026-07-26T13:37:46.351-04:00  INFO 31728 --- [lecturas] [main] c.l.lecturas.service.LibroService        : Iniciando limpieza del formato
2026-07-26T13:37:46.416-04:00  INFO 31728 --- [lecturas] [SpringApplicationShutdownHook] j.LocalContainerEntityManagerFactoryBean : Closing JPA EntityManagerFactory for persistence unit 'default'
2026-07-26T13:37:46.421-04:00  INFO 31728 --- [lecturas] [SpringApplicationShutdownHook] com.zaxxer.hikari.HikariDataSource       : HikariPool-1 - Shutdown initiated...
2026-07-26T13:37:46.432-04:00  INFO 31728 --- [lecturas] [SpringApplicationShutdownHook] com.zaxxer.hikari.HikariDataSource       : HikariPool-1 - Shutdown completed.
2026-07-26T13:37:46.441-04:00  INFO 31728 --- [lecturas] [SpringApplicationShutdownHook] j.LocalContainerEntityManagerFactoryBean : Closing JPA EntityManagerFactory for persistence unit 'default'
2026-07-26T13:38:55.961-04:00  INFO 33204 --- [lecturas] [main] c.l.lecturas.LecturasApplicationTests    : Starting LecturasApplicationTests using Java 21.0.11 with PID 33204 (started by tiare in C:\Users\tiare\Proyectos\lecturas)
2026-07-26T13:38:55.964-04:00  INFO 33204 --- [lecturas] [main] c.l.lecturas.LecturasApplicationTests    : No active profile set, falling back to 1 default profile: "default"
2026-07-26T13:38:56.810-04:00  INFO 33204 --- [lecturas] [main] .s.d.r.c.RepositoryConfigurationDelegate : Bootstrapping Spring Data JPA repositories in DEFAULT mode.
2026-07-26T13:38:56.881-04:00  INFO 33204 --- [lecturas] [main] .s.d.r.c.RepositoryConfigurationDelegate : Finished Spring Data repository scanning in 55 ms. Found 2 JPA repository interfaces.
2026-07-26T13:38:57.476-04:00  INFO 33204 --- [lecturas] [main] com.zaxxer.hikari.HikariDataSource       : HikariPool-1 - Starting...
2026-07-26T13:38:57.675-04:00  INFO 33204 --- [lecturas] [main] com.zaxxer.hikari.pool.HikariPool        : HikariPool-1 - Added connection org.postgresql.jdbc.PgConnection@7417ef4f
2026-07-26T13:38:57.677-04:00  INFO 33204 --- [lecturas] [main] com.zaxxer.hikari.HikariDataSource       : HikariPool-1 - Start completed.
2026-07-26T13:38:57.700-04:00  INFO 33204 --- [lecturas] [main] org.flywaydb.core.FlywayExecutor         : Database: jdbc:postgresql://localhost:5432/BD_LIBRO (PostgreSQL 18.4)
2026-07-26T13:38:57.754-04:00  INFO 33204 --- [lecturas] [main] o.f.core.internal.command.DbValidate     : Successfully validated 2 migrations (execution time 00:00.028s)
2026-07-26T13:38:57.912-04:00  INFO 33204 --- [lecturas] [main] o.f.core.internal.command.DbMigrate      : Current version of schema "public": 2
2026-07-26T13:38:57.920-04:00  INFO 33204 --- [lecturas] [main] o.f.core.internal.command.DbMigrate      : Schema "public" is up to date. No migration necessary.
2026-07-26T13:38:58.033-04:00  INFO 33204 --- [lecturas] [main] org.hibernate.orm.jpa                    : HHH008540: Processing PersistenceUnitInfo [name: default]
2026-07-26T13:38:58.080-04:00  INFO 33204 --- [lecturas] [main] org.hibernate.orm.core                   : HHH000001: Hibernate ORM core version 7.2.19.Final
2026-07-26T13:38:58.557-04:00  INFO 33204 --- [lecturas] [main] o.s.o.j.p.SpringPersistenceUnitInfo      : No LoadTimeWeaver setup: ignoring JPA class transformer
2026-07-26T13:38:58.646-04:00  INFO 33204 --- [lecturas] [main] org.hibernate.orm.connections.pooling    : HHH10001005: Database info:
	Database JDBC URL [jdbc:postgresql://localhost:5432/BD_LIBRO]
	Database driver: PostgreSQL JDBC Driver
	Database dialect: PostgreSQLDialect
	Database version: 18.4
	Default catalog/schema: BD_LIBRO/public
	Autocommit mode: undefined/unknown
	Isolation level: READ_COMMITTED [default READ_COMMITTED]
	JDBC fetch size: none
	Pool: DataSourceConnectionProvider
	Minimum pool size: undefined/unknown
	Maximum pool size: undefined/unknown
2026-07-26T13:38:59.467-04:00  INFO 33204 --- [lecturas] [main] org.hibernate.orm.core                   : HHH000489: No JTA platform available (set 'hibernate.transaction.jta.platform' to enable JTA platform integration)
2026-07-26T13:38:59.467-04:00  INFO 33204 --- [lecturas] [main] j.LocalContainerEntityManagerFactoryBean : Initialized JPA EntityManagerFactory for persistence unit 'default'
2026-07-26T13:38:59.562-04:00  INFO 33204 --- [lecturas] [main] o.s.d.j.r.query.QueryEnhancerFactories   : Hibernate is in classpath; If applicable, HQL parser will be used.
2026-07-26T13:39:00.902-04:00  WARN 33204 --- [lecturas] [main] JpaBaseConfiguration$JpaWebConfiguration : spring.jpa.open-in-view is enabled by default. Therefore, database queries may be performed during view rendering. Explicitly configure spring.jpa.open-in-view to disable this warning
2026-07-26T13:39:01.551-04:00  INFO 33204 --- [lecturas] [main] c.l.lecturas.LecturasApplicationTests    : Started LecturasApplicationTests in 5.971 seconds (process running for 7.088)
2026-07-26T13:39:01.556-04:00  WARN 33204 --- [lecturas] [main] o.s.core.events.SpringDocAppInitializer  : SpringDoc /v3/api-docs endpoint is enabled by default. To disable it in production, set the property 'springdoc.api-docs.enabled=false'
2026-07-26T13:39:01.557-04:00  WARN 33204 --- [lecturas] [main] o.s.core.events.SpringDocAppInitializer  : SpringDoc /swagger-ui.html endpoint is enabled by default. To disable it in production, set the property 'springdoc.swagger-ui.enabled=false'
2026-07-26T13:39:01.942-04:00  INFO 33204 --- [lecturas] [main] t.c.s.AnnotationConfigContextLoaderUtils : Could not detect default configuration classes for test class [com.libreriadelosmilpetalos.lecturas.repository.LibroRepositoryTest]: LibroRepositoryTest does not declare any static, non-private, non-final, nested classes annotated with @Configuration.
2026-07-26T13:39:01.974-04:00  INFO 33204 --- [lecturas] [main] .b.t.c.SpringBootTestContextBootstrapper : Found @SpringBootConfiguration com.libreriadelosmilpetalos.lecturas.LecturasApplication for test class com.libreriadelosmilpetalos.lecturas.repository.LibroRepositoryTest
2026-07-26T13:39:01.976-04:00  INFO 33204 --- [lecturas] [main] t.c.s.AnnotationConfigContextLoaderUtils : Could not detect default configuration classes for test class [com.libreriadelosmilpetalos.lecturas.repository.LibroRepositoryTest]: LibroRepositoryTest does not declare any static, non-private, non-final, nested classes annotated with @Configuration.
2026-07-26T13:39:01.994-04:00  INFO 33204 --- [lecturas] [main] .b.t.c.SpringBootTestContextBootstrapper : Found @SpringBootConfiguration com.libreriadelosmilpetalos.lecturas.LecturasApplication for test class com.libreriadelosmilpetalos.lecturas.repository.LibroRepositoryTest
2026-07-26T13:39:02.001-04:00  INFO 33204 --- [lecturas] [main] o.s.b.d.r.RestartApplicationListener     : Restart disabled due to context in which it is running
2026-07-26T13:39:02.033-04:00  INFO 33204 --- [lecturas] [main] c.l.l.repository.LibroRepositoryTest     : Starting LibroRepositoryTest using Java 21.0.11 with PID 33204 (started by tiare in C:\Users\tiare\Proyectos\lecturas)
2026-07-26T13:39:02.034-04:00  INFO 33204 --- [lecturas] [main] c.l.l.repository.LibroRepositoryTest     : No active profile set, falling back to 1 default profile: "default"
2026-07-26T13:39:02.097-04:00  INFO 33204 --- [lecturas] [main] .s.d.r.c.RepositoryConfigurationDelegate : Bootstrapping Spring Data JPA repositories in DEFAULT mode.
2026-07-26T13:39:02.118-04:00  INFO 33204 --- [lecturas] [main] .s.d.r.c.RepositoryConfigurationDelegate : Finished Spring Data repository scanning in 9 ms. Found 2 JPA repository interfaces.
2026-07-26T13:39:02.133-04:00  INFO 33204 --- [lecturas] [main] beddedDataSourceBeanFactoryPostProcessor : Replacing 'dataSource' DataSource bean with embedded version
2026-07-26T13:39:02.155-04:00  INFO 33204 --- [lecturas] [main] o.s.j.d.e.EmbeddedDatabaseFactory        : Starting embedded database: url='jdbc:h2:mem:a66f752f-fd80-494a-80de-9caed6278dc3;DB_CLOSE_DELAY=-1;DB_CLOSE_ON_EXIT=false', username='sa'
2026-07-26T13:39:02.376-04:00  INFO 33204 --- [lecturas] [main] org.flywaydb.core.FlywayExecutor         : Database: jdbc:h2:mem:a66f752f-fd80-494a-80de-9caed6278dc3 (H2 2.4)
2026-07-26T13:39:02.376-04:00  WARN 33204 --- [lecturas] [main] o.f.c.internal.database.base.Database    : Using H2 2.4.240 which is newer than the version Flyway has been verified with. The latest verified version of H2 is 2.3.232.
2026-07-26T13:39:02.391-04:00  INFO 33204 --- [lecturas] [main] o.f.c.i.s.JdbcTableSchemaHistory         : Schema history table "PUBLIC"."flyway_schema_history" does not exist yet
2026-07-26T13:39:02.391-04:00  INFO 33204 --- [lecturas] [main] o.f.core.internal.command.DbValidate     : Successfully validated 2 migrations (execution time 00:00.005s)
2026-07-26T13:39:02.401-04:00  INFO 33204 --- [lecturas] [main] o.f.c.i.s.JdbcTableSchemaHistory         : Creating Schema History table "PUBLIC"."flyway_schema_history" ...
2026-07-26T13:39:02.437-04:00  INFO 33204 --- [lecturas] [main] o.f.core.internal.command.DbMigrate      : Current version of schema "PUBLIC": << Empty Schema >>
2026-07-26T13:39:02.445-04:00  INFO 33204 --- [lecturas] [main] o.f.core.internal.command.DbMigrate      : Migrating schema "PUBLIC" to version "1 - crear bd"
2026-07-26T13:39:02.470-04:00  INFO 33204 --- [lecturas] [main] o.f.core.internal.command.DbMigrate      : Migrating schema "PUBLIC" to version "2 - datos prueba1"
2026-07-26T13:39:02.481-04:00  INFO 33204 --- [lecturas] [main] o.f.core.internal.command.DbMigrate      : Successfully applied 2 migrations to schema "PUBLIC", now at version v2 (execution time 00:00.020s)
2026-07-26T13:39:02.511-04:00  INFO 33204 --- [lecturas] [main] org.hibernate.orm.jpa                    : HHH008540: Processing PersistenceUnitInfo [name: default]
2026-07-26T13:39:02.537-04:00  INFO 33204 --- [lecturas] [main] o.s.o.j.p.SpringPersistenceUnitInfo      : No LoadTimeWeaver setup: ignoring JPA class transformer
2026-07-26T13:39:02.539-04:00  INFO 33204 --- [lecturas] [main] org.hibernate.orm.connections.pooling    : HHH10001005: Database info:
	Database JDBC URL [jdbc:h2:mem:a66f752f-fd80-494a-80de-9caed6278dc3]
	Database driver: H2 JDBC Driver
	Database dialect: H2Dialect
	Database version: 2.4.240
	Default catalog/schema: A66F752F-FD80-494A-80DE-9CAED6278DC3/PUBLIC
	Autocommit mode: undefined/unknown
	Isolation level: READ_COMMITTED [default READ_COMMITTED]
	JDBC fetch size: 100
	Pool: DataSourceConnectionProvider
	Minimum pool size: undefined/unknown
	Maximum pool size: undefined/unknown
2026-07-26T13:39:02.603-04:00  INFO 33204 --- [lecturas] [main] org.hibernate.orm.core                   : HHH000489: No JTA platform available (set 'hibernate.transaction.jta.platform' to enable JTA platform integration)
2026-07-26T13:39:02.603-04:00  INFO 33204 --- [lecturas] [main] j.LocalContainerEntityManagerFactoryBean : Initialized JPA EntityManagerFactory for persistence unit 'default'
2026-07-26T13:39:02.647-04:00  INFO 33204 --- [lecturas] [main] c.l.l.repository.LibroRepositoryTest     : Started LibroRepositoryTest in 0.646 seconds (process running for 8.185)
2026-07-26T13:39:02.714-04:00  WARN 33204 --- [lecturas] [main] org.hibernate.orm.query                  : HHH90003004: firstResult/maxResults specified with collection fetch; applying in memory
2026-07-26T13:39:03.377-04:00  INFO 33204 --- [lecturas] [main] c.l.lecturas.service.LibroService        : Creando libro
2026-07-26T13:39:03.377-04:00  INFO 33204 --- [lecturas] [main] c.l.lecturas.service.LibroService        : Iniciando limpieza del formato
2026-07-26T13:39:03.460-04:00  INFO 33204 --- [lecturas] [SpringApplicationShutdownHook] j.LocalContainerEntityManagerFactoryBean : Closing JPA EntityManagerFactory for persistence unit 'default'
2026-07-26T13:39:03.467-04:00  INFO 33204 --- [lecturas] [SpringApplicationShutdownHook] com.zaxxer.hikari.HikariDataSource       : HikariPool-1 - Shutdown initiated...
2026-07-26T13:39:03.477-04:00  INFO 33204 --- [lecturas] [SpringApplicationShutdownHook] com.zaxxer.hikari.HikariDataSource       : HikariPool-1 - Shutdown completed.
2026-07-26T13:39:03.485-04:00  INFO 33204 --- [lecturas] [SpringApplicationShutdownHook] j.LocalContainerEntityManagerFactoryBean : Closing JPA EntityManagerFactory for persistence unit 'default'
2026-07-26T13:55:53.134-04:00  INFO 35520 --- [lecturas] [main] c.l.l.repository.LibroRepositoryTest     : Starting LibroRepositoryTest using Java 21.0.11 with PID 35520 (started by tiare in C:\Users\tiare\Proyectos\lecturas)
2026-07-26T13:55:53.136-04:00  INFO 35520 --- [lecturas] [main] c.l.l.repository.LibroRepositoryTest     : No active profile set, falling back to 1 default profile: "default"
2026-07-26T13:55:53.595-04:00  INFO 35520 --- [lecturas] [main] .s.d.r.c.RepositoryConfigurationDelegate : Bootstrapping Spring Data JPA repositories in DEFAULT mode.
2026-07-26T13:55:53.679-04:00  INFO 35520 --- [lecturas] [main] .s.d.r.c.RepositoryConfigurationDelegate : Finished Spring Data repository scanning in 68 ms. Found 2 JPA repository interfaces.
2026-07-26T13:55:53.763-04:00  INFO 35520 --- [lecturas] [main] beddedDataSourceBeanFactoryPostProcessor : Replacing 'dataSource' DataSource bean with embedded version
2026-07-26T13:55:53.925-04:00  INFO 35520 --- [lecturas] [main] o.s.j.d.e.EmbeddedDatabaseFactory        : Starting embedded database: url='jdbc:h2:mem:97c41515-ac83-47d0-8845-a5f5429f3fb2;DB_CLOSE_DELAY=-1;DB_CLOSE_ON_EXIT=false', username='sa'
2026-07-26T13:55:54.308-04:00  INFO 35520 --- [lecturas] [main] org.flywaydb.core.FlywayExecutor         : Database: jdbc:h2:mem:97c41515-ac83-47d0-8845-a5f5429f3fb2 (H2 2.4)
2026-07-26T13:55:54.317-04:00  WARN 35520 --- [lecturas] [main] o.f.c.internal.database.base.Database    : Using H2 2.4.240 which is newer than the version Flyway has been verified with. The latest verified version of H2 is 2.3.232.
2026-07-26T13:55:54.354-04:00  INFO 35520 --- [lecturas] [main] o.f.c.i.s.JdbcTableSchemaHistory         : Schema history table "PUBLIC"."flyway_schema_history" does not exist yet
2026-07-26T13:55:54.359-04:00  INFO 35520 --- [lecturas] [main] o.f.core.internal.command.DbValidate     : Successfully validated 2 migrations (execution time 00:00.023s)
2026-07-26T13:55:54.368-04:00  INFO 35520 --- [lecturas] [main] o.f.c.i.s.JdbcTableSchemaHistory         : Creating Schema History table "PUBLIC"."flyway_schema_history" ...
2026-07-26T13:55:54.407-04:00  INFO 35520 --- [lecturas] [main] o.f.core.internal.command.DbMigrate      : Current version of schema "PUBLIC": << Empty Schema >>
2026-07-26T13:55:54.417-04:00  INFO 35520 --- [lecturas] [main] o.f.core.internal.command.DbMigrate      : Migrating schema "PUBLIC" to version "1 - crear bd"
2026-07-26T13:55:54.445-04:00  INFO 35520 --- [lecturas] [main] o.f.core.internal.command.DbMigrate      : Migrating schema "PUBLIC" to version "2 - datos prueba1"
2026-07-26T13:55:54.457-04:00  INFO 35520 --- [lecturas] [main] o.f.core.internal.command.DbMigrate      : Successfully applied 2 migrations to schema "PUBLIC", now at version v2 (execution time 00:00.018s)
2026-07-26T13:55:54.573-04:00  INFO 35520 --- [lecturas] [main] org.hibernate.orm.jpa                    : HHH008540: Processing PersistenceUnitInfo [name: default]
2026-07-26T13:55:54.642-04:00  INFO 35520 --- [lecturas] [main] org.hibernate.orm.core                   : HHH000001: Hibernate ORM core version 7.2.19.Final
2026-07-26T13:55:55.085-04:00  INFO 35520 --- [lecturas] [main] o.s.o.j.p.SpringPersistenceUnitInfo      : No LoadTimeWeaver setup: ignoring JPA class transformer
2026-07-26T13:55:55.157-04:00  INFO 35520 --- [lecturas] [main] org.hibernate.orm.connections.pooling    : HHH10001005: Database info:
	Database JDBC URL [jdbc:h2:mem:97c41515-ac83-47d0-8845-a5f5429f3fb2]
	Database driver: H2 JDBC Driver
	Database dialect: H2Dialect
	Database version: 2.4.240
	Default catalog/schema: 97C41515-AC83-47D0-8845-A5F5429F3FB2/PUBLIC
	Autocommit mode: undefined/unknown
	Isolation level: READ_COMMITTED [default READ_COMMITTED]
	JDBC fetch size: 100
	Pool: DataSourceConnectionProvider
	Minimum pool size: undefined/unknown
	Maximum pool size: undefined/unknown
2026-07-26T13:55:56.001-04:00  INFO 35520 --- [lecturas] [main] org.hibernate.orm.core                   : HHH000489: No JTA platform available (set 'hibernate.transaction.jta.platform' to enable JTA platform integration)
2026-07-26T13:55:56.009-04:00  INFO 35520 --- [lecturas] [main] j.LocalContainerEntityManagerFactoryBean : Initialized JPA EntityManagerFactory for persistence unit 'default'
2026-07-26T13:55:56.129-04:00  INFO 35520 --- [lecturas] [main] o.s.d.j.r.query.QueryEnhancerFactories   : Hibernate is in classpath; If applicable, HQL parser will be used.
2026-07-26T13:55:57.245-04:00  INFO 35520 --- [lecturas] [main] c.l.l.repository.LibroRepositoryTest     : Started LibroRepositoryTest in 4.586 seconds (process running for 5.916)
2026-07-26T13:55:57.582-04:00  WARN 35520 --- [lecturas] [main] org.hibernate.orm.query                  : HHH90003004: firstResult/maxResults specified with collection fetch; applying in memory
2026-07-26T13:55:57.709-04:00  WARN 35520 --- [lecturas] [main] org.hibernate.orm.query                  : HHH90003004: firstResult/maxResults specified with collection fetch; applying in memory
2026-07-26T13:55:57.728-04:00  WARN 35520 --- [lecturas] [main] org.hibernate.orm.query                  : HHH90003004: firstResult/maxResults specified with collection fetch; applying in memory
2026-07-26T13:55:57.748-04:00  INFO 35520 --- [lecturas] [SpringApplicationShutdownHook] j.LocalContainerEntityManagerFactoryBean : Closing JPA EntityManagerFactory for persistence unit 'default'
2026-07-26T13:56:30.274-04:00  INFO 32392 --- [lecturas] [main] c.l.lecturas.LecturasApplicationTests    : Starting LecturasApplicationTests using Java 21.0.11 with PID 32392 (started by tiare in C:\Users\tiare\Proyectos\lecturas)
2026-07-26T13:56:30.277-04:00  INFO 32392 --- [lecturas] [main] c.l.lecturas.LecturasApplicationTests    : No active profile set, falling back to 1 default profile: "default"
2026-07-26T13:56:31.147-04:00  INFO 32392 --- [lecturas] [main] .s.d.r.c.RepositoryConfigurationDelegate : Bootstrapping Spring Data JPA repositories in DEFAULT mode.
2026-07-26T13:56:31.222-04:00  INFO 32392 --- [lecturas] [main] .s.d.r.c.RepositoryConfigurationDelegate : Finished Spring Data repository scanning in 60 ms. Found 2 JPA repository interfaces.
2026-07-26T13:56:31.841-04:00  INFO 32392 --- [lecturas] [main] com.zaxxer.hikari.HikariDataSource       : HikariPool-1 - Starting...
2026-07-26T13:56:32.052-04:00  INFO 32392 --- [lecturas] [main] com.zaxxer.hikari.pool.HikariPool        : HikariPool-1 - Added connection org.postgresql.jdbc.PgConnection@3feebf9c
2026-07-26T13:56:32.053-04:00  INFO 32392 --- [lecturas] [main] com.zaxxer.hikari.HikariDataSource       : HikariPool-1 - Start completed.
2026-07-26T13:56:32.077-04:00  INFO 32392 --- [lecturas] [main] org.flywaydb.core.FlywayExecutor         : Database: jdbc:postgresql://localhost:5432/BD_LIBRO (PostgreSQL 18.4)
2026-07-26T13:56:32.129-04:00  INFO 32392 --- [lecturas] [main] o.f.core.internal.command.DbValidate     : Successfully validated 2 migrations (execution time 00:00.029s)
2026-07-26T13:56:32.181-04:00  INFO 32392 --- [lecturas] [main] o.f.core.internal.command.DbMigrate      : Current version of schema "public": 2
2026-07-26T13:56:32.184-04:00  INFO 32392 --- [lecturas] [main] o.f.core.internal.command.DbMigrate      : Schema "public" is up to date. No migration necessary.
2026-07-26T13:56:32.309-04:00  INFO 32392 --- [lecturas] [main] org.hibernate.orm.jpa                    : HHH008540: Processing PersistenceUnitInfo [name: default]
2026-07-26T13:56:32.381-04:00  INFO 32392 --- [lecturas] [main] org.hibernate.orm.core                   : HHH000001: Hibernate ORM core version 7.2.19.Final
2026-07-26T13:56:32.869-04:00  INFO 32392 --- [lecturas] [main] o.s.o.j.p.SpringPersistenceUnitInfo      : No LoadTimeWeaver setup: ignoring JPA class transformer
2026-07-26T13:56:32.952-04:00  INFO 32392 --- [lecturas] [main] org.hibernate.orm.connections.pooling    : HHH10001005: Database info:
	Database JDBC URL [jdbc:postgresql://localhost:5432/BD_LIBRO]
	Database driver: PostgreSQL JDBC Driver
	Database dialect: PostgreSQLDialect
	Database version: 18.4
	Default catalog/schema: BD_LIBRO/public
	Autocommit mode: undefined/unknown
	Isolation level: READ_COMMITTED [default READ_COMMITTED]
	JDBC fetch size: none
	Pool: DataSourceConnectionProvider
	Minimum pool size: undefined/unknown
	Maximum pool size: undefined/unknown
2026-07-26T13:56:33.887-04:00  INFO 32392 --- [lecturas] [main] org.hibernate.orm.core                   : HHH000489: No JTA platform available (set 'hibernate.transaction.jta.platform' to enable JTA platform integration)
2026-07-26T13:56:33.896-04:00  INFO 32392 --- [lecturas] [main] j.LocalContainerEntityManagerFactoryBean : Initialized JPA EntityManagerFactory for persistence unit 'default'
2026-07-26T13:56:33.973-04:00  INFO 32392 --- [lecturas] [main] o.s.d.j.r.query.QueryEnhancerFactories   : Hibernate is in classpath; If applicable, HQL parser will be used.
2026-07-26T13:56:35.320-04:00  WARN 32392 --- [lecturas] [main] JpaBaseConfiguration$JpaWebConfiguration : spring.jpa.open-in-view is enabled by default. Therefore, database queries may be performed during view rendering. Explicitly configure spring.jpa.open-in-view to disable this warning
2026-07-26T13:56:35.890-04:00  INFO 32392 --- [lecturas] [main] c.l.lecturas.LecturasApplicationTests    : Started LecturasApplicationTests in 5.99 seconds (process running for 7.145)
2026-07-26T13:56:35.895-04:00  WARN 32392 --- [lecturas] [main] o.s.core.events.SpringDocAppInitializer  : SpringDoc /v3/api-docs endpoint is enabled by default. To disable it in production, set the property 'springdoc.api-docs.enabled=false'
2026-07-26T13:56:35.896-04:00  WARN 32392 --- [lecturas] [main] o.s.core.events.SpringDocAppInitializer  : SpringDoc /swagger-ui.html endpoint is enabled by default. To disable it in production, set the property 'springdoc.swagger-ui.enabled=false'
2026-07-26T13:56:36.280-04:00  INFO 32392 --- [lecturas] [main] t.c.s.AnnotationConfigContextLoaderUtils : Could not detect default configuration classes for test class [com.libreriadelosmilpetalos.lecturas.repository.LibroRepositoryTest]: LibroRepositoryTest does not declare any static, non-private, non-final, nested classes annotated with @Configuration.
2026-07-26T13:56:36.319-04:00  INFO 32392 --- [lecturas] [main] .b.t.c.SpringBootTestContextBootstrapper : Found @SpringBootConfiguration com.libreriadelosmilpetalos.lecturas.LecturasApplication for test class com.libreriadelosmilpetalos.lecturas.repository.LibroRepositoryTest
2026-07-26T13:56:36.320-04:00  INFO 32392 --- [lecturas] [main] t.c.s.AnnotationConfigContextLoaderUtils : Could not detect default configuration classes for test class [com.libreriadelosmilpetalos.lecturas.repository.LibroRepositoryTest]: LibroRepositoryTest does not declare any static, non-private, non-final, nested classes annotated with @Configuration.
2026-07-26T13:56:36.336-04:00  INFO 32392 --- [lecturas] [main] .b.t.c.SpringBootTestContextBootstrapper : Found @SpringBootConfiguration com.libreriadelosmilpetalos.lecturas.LecturasApplication for test class com.libreriadelosmilpetalos.lecturas.repository.LibroRepositoryTest
2026-07-26T13:56:36.343-04:00  INFO 32392 --- [lecturas] [main] o.s.b.d.r.RestartApplicationListener     : Restart disabled due to context in which it is running
2026-07-26T13:56:36.378-04:00  INFO 32392 --- [lecturas] [main] c.l.l.repository.LibroRepositoryTest     : Starting LibroRepositoryTest using Java 21.0.11 with PID 32392 (started by tiare in C:\Users\tiare\Proyectos\lecturas)
2026-07-26T13:56:36.379-04:00  INFO 32392 --- [lecturas] [main] c.l.l.repository.LibroRepositoryTest     : No active profile set, falling back to 1 default profile: "default"
2026-07-26T13:56:36.460-04:00  INFO 32392 --- [lecturas] [main] .s.d.r.c.RepositoryConfigurationDelegate : Bootstrapping Spring Data JPA repositories in DEFAULT mode.
2026-07-26T13:56:36.471-04:00  INFO 32392 --- [lecturas] [main] .s.d.r.c.RepositoryConfigurationDelegate : Finished Spring Data repository scanning in 9 ms. Found 2 JPA repository interfaces.
2026-07-26T13:56:36.489-04:00  INFO 32392 --- [lecturas] [main] beddedDataSourceBeanFactoryPostProcessor : Replacing 'dataSource' DataSource bean with embedded version
2026-07-26T13:56:36.525-04:00  INFO 32392 --- [lecturas] [main] o.s.j.d.e.EmbeddedDatabaseFactory        : Starting embedded database: url='jdbc:h2:mem:f4282700-2227-47e5-9cd1-c880ea65e12f;DB_CLOSE_DELAY=-1;DB_CLOSE_ON_EXIT=false', username='sa'
2026-07-26T13:56:36.743-04:00  INFO 32392 --- [lecturas] [main] org.flywaydb.core.FlywayExecutor         : Database: jdbc:h2:mem:f4282700-2227-47e5-9cd1-c880ea65e12f (H2 2.4)
2026-07-26T13:56:36.747-04:00  WARN 32392 --- [lecturas] [main] o.f.c.internal.database.base.Database    : Using H2 2.4.240 which is newer than the version Flyway has been verified with. The latest verified version of H2 is 2.3.232.
2026-07-26T13:56:36.760-04:00  INFO 32392 --- [lecturas] [main] o.f.c.i.s.JdbcTableSchemaHistory         : Schema history table "PUBLIC"."flyway_schema_history" does not exist yet
2026-07-26T13:56:36.760-04:00  INFO 32392 --- [lecturas] [main] o.f.core.internal.command.DbValidate     : Successfully validated 2 migrations (execution time 00:00.005s)
2026-07-26T13:56:36.766-04:00  INFO 32392 --- [lecturas] [main] o.f.c.i.s.JdbcTableSchemaHistory         : Creating Schema History table "PUBLIC"."flyway_schema_history" ...
2026-07-26T13:56:36.797-04:00  INFO 32392 --- [lecturas] [main] o.f.core.internal.command.DbMigrate      : Current version of schema "PUBLIC": << Empty Schema >>
2026-07-26T13:56:36.806-04:00  INFO 32392 --- [lecturas] [main] o.f.core.internal.command.DbMigrate      : Migrating schema "PUBLIC" to version "1 - crear bd"
2026-07-26T13:56:36.837-04:00  INFO 32392 --- [lecturas] [main] o.f.core.internal.command.DbMigrate      : Migrating schema "PUBLIC" to version "2 - datos prueba1"
2026-07-26T13:56:36.845-04:00  INFO 32392 --- [lecturas] [main] o.f.core.internal.command.DbMigrate      : Successfully applied 2 migrations to schema "PUBLIC", now at version v2 (execution time 00:00.024s)
2026-07-26T13:56:36.862-04:00  INFO 32392 --- [lecturas] [main] org.hibernate.orm.jpa                    : HHH008540: Processing PersistenceUnitInfo [name: default]
2026-07-26T13:56:36.885-04:00  INFO 32392 --- [lecturas] [main] o.s.o.j.p.SpringPersistenceUnitInfo      : No LoadTimeWeaver setup: ignoring JPA class transformer
2026-07-26T13:56:36.892-04:00  INFO 32392 --- [lecturas] [main] org.hibernate.orm.connections.pooling    : HHH10001005: Database info:
	Database JDBC URL [jdbc:h2:mem:f4282700-2227-47e5-9cd1-c880ea65e12f]
	Database driver: H2 JDBC Driver
	Database dialect: H2Dialect
	Database version: 2.4.240
	Default catalog/schema: F4282700-2227-47E5-9CD1-C880EA65E12F/PUBLIC
	Autocommit mode: undefined/unknown
	Isolation level: READ_COMMITTED [default READ_COMMITTED]
	JDBC fetch size: 100
	Pool: DataSourceConnectionProvider
	Minimum pool size: undefined/unknown
	Maximum pool size: undefined/unknown
2026-07-26T13:56:36.951-04:00  INFO 32392 --- [lecturas] [main] org.hibernate.orm.core                   : HHH000489: No JTA platform available (set 'hibernate.transaction.jta.platform' to enable JTA platform integration)
2026-07-26T13:56:36.952-04:00  INFO 32392 --- [lecturas] [main] j.LocalContainerEntityManagerFactoryBean : Initialized JPA EntityManagerFactory for persistence unit 'default'
2026-07-26T13:56:36.993-04:00  INFO 32392 --- [lecturas] [main] c.l.l.repository.LibroRepositoryTest     : Started LibroRepositoryTest in 0.65 seconds (process running for 8.248)
2026-07-26T13:56:37.053-04:00  WARN 32392 --- [lecturas] [main] org.hibernate.orm.query                  : HHH90003004: firstResult/maxResults specified with collection fetch; applying in memory
2026-07-26T13:56:37.227-04:00  WARN 32392 --- [lecturas] [main] org.hibernate.orm.query                  : HHH90003004: firstResult/maxResults specified with collection fetch; applying in memory
2026-07-26T13:56:37.245-04:00  WARN 32392 --- [lecturas] [main] org.hibernate.orm.query                  : HHH90003004: firstResult/maxResults specified with collection fetch; applying in memory
2026-07-26T13:56:37.773-04:00  INFO 32392 --- [lecturas] [main] c.l.lecturas.service.LibroService        : Creando libro
2026-07-26T13:56:37.773-04:00  INFO 32392 --- [lecturas] [main] c.l.lecturas.service.LibroService        : Iniciando limpieza del formato
2026-07-26T13:56:37.849-04:00  INFO 32392 --- [lecturas] [SpringApplicationShutdownHook] j.LocalContainerEntityManagerFactoryBean : Closing JPA EntityManagerFactory for persistence unit 'default'
2026-07-26T13:56:37.856-04:00  INFO 32392 --- [lecturas] [SpringApplicationShutdownHook] com.zaxxer.hikari.HikariDataSource       : HikariPool-1 - Shutdown initiated...
2026-07-26T13:56:37.863-04:00  INFO 32392 --- [lecturas] [SpringApplicationShutdownHook] com.zaxxer.hikari.HikariDataSource       : HikariPool-1 - Shutdown completed.
2026-07-26T13:56:37.873-04:00  INFO 32392 --- [lecturas] [SpringApplicationShutdownHook] j.LocalContainerEntityManagerFactoryBean : Closing JPA EntityManagerFactory for persistence unit 'default'
2026-07-26T14:02:09.857-04:00  INFO 33292 --- [lecturas] [main] c.l.lecturas.LecturasApplicationTests    : Starting LecturasApplicationTests using Java 21.0.11 with PID 33292 (started by tiare in C:\Users\tiare\Proyectos\lecturas)
2026-07-26T14:02:09.860-04:00  INFO 33292 --- [lecturas] [main] c.l.lecturas.LecturasApplicationTests    : No active profile set, falling back to 1 default profile: "default"
2026-07-26T14:02:10.706-04:00  INFO 33292 --- [lecturas] [main] .s.d.r.c.RepositoryConfigurationDelegate : Bootstrapping Spring Data JPA repositories in DEFAULT mode.
2026-07-26T14:02:10.778-04:00  INFO 33292 --- [lecturas] [main] .s.d.r.c.RepositoryConfigurationDelegate : Finished Spring Data repository scanning in 57 ms. Found 2 JPA repository interfaces.
2026-07-26T14:02:11.404-04:00  INFO 33292 --- [lecturas] [main] com.zaxxer.hikari.HikariDataSource       : HikariPool-1 - Starting...
2026-07-26T14:02:11.618-04:00  INFO 33292 --- [lecturas] [main] com.zaxxer.hikari.pool.HikariPool        : HikariPool-1 - Added connection org.postgresql.jdbc.PgConnection@4269aad7
2026-07-26T14:02:11.620-04:00  INFO 33292 --- [lecturas] [main] com.zaxxer.hikari.HikariDataSource       : HikariPool-1 - Start completed.
2026-07-26T14:02:11.648-04:00  INFO 33292 --- [lecturas] [main] org.flywaydb.core.FlywayExecutor         : Database: jdbc:postgresql://localhost:5432/BD_LIBRO (PostgreSQL 18.4)
2026-07-26T14:02:11.709-04:00  INFO 33292 --- [lecturas] [main] o.f.core.internal.command.DbValidate     : Successfully validated 2 migrations (execution time 00:00.031s)
2026-07-26T14:02:11.764-04:00  INFO 33292 --- [lecturas] [main] o.f.core.internal.command.DbMigrate      : Current version of schema "public": 2
2026-07-26T14:02:11.769-04:00  INFO 33292 --- [lecturas] [main] o.f.core.internal.command.DbMigrate      : Schema "public" is up to date. No migration necessary.
2026-07-26T14:02:11.880-04:00  INFO 33292 --- [lecturas] [main] org.hibernate.orm.jpa                    : HHH008540: Processing PersistenceUnitInfo [name: default]
2026-07-26T14:02:11.943-04:00  INFO 33292 --- [lecturas] [main] org.hibernate.orm.core                   : HHH000001: Hibernate ORM core version 7.2.19.Final
2026-07-26T14:02:12.412-04:00  INFO 33292 --- [lecturas] [main] o.s.o.j.p.SpringPersistenceUnitInfo      : No LoadTimeWeaver setup: ignoring JPA class transformer
2026-07-26T14:02:12.497-04:00  INFO 33292 --- [lecturas] [main] org.hibernate.orm.connections.pooling    : HHH10001005: Database info:
	Database JDBC URL [jdbc:postgresql://localhost:5432/BD_LIBRO]
	Database driver: PostgreSQL JDBC Driver
	Database dialect: PostgreSQLDialect
	Database version: 18.4
	Default catalog/schema: BD_LIBRO/public
	Autocommit mode: undefined/unknown
	Isolation level: READ_COMMITTED [default READ_COMMITTED]
	JDBC fetch size: none
	Pool: DataSourceConnectionProvider
	Minimum pool size: undefined/unknown
	Maximum pool size: undefined/unknown
2026-07-26T14:02:13.336-04:00  INFO 33292 --- [lecturas] [main] org.hibernate.orm.core                   : HHH000489: No JTA platform available (set 'hibernate.transaction.jta.platform' to enable JTA platform integration)
2026-07-26T14:02:13.343-04:00  INFO 33292 --- [lecturas] [main] j.LocalContainerEntityManagerFactoryBean : Initialized JPA EntityManagerFactory for persistence unit 'default'
2026-07-26T14:02:13.425-04:00  INFO 33292 --- [lecturas] [main] o.s.d.j.r.query.QueryEnhancerFactories   : Hibernate is in classpath; If applicable, HQL parser will be used.
2026-07-26T14:02:14.745-04:00  WARN 33292 --- [lecturas] [main] JpaBaseConfiguration$JpaWebConfiguration : spring.jpa.open-in-view is enabled by default. Therefore, database queries may be performed during view rendering. Explicitly configure spring.jpa.open-in-view to disable this warning
2026-07-26T14:02:15.406-04:00  INFO 33292 --- [lecturas] [main] c.l.lecturas.LecturasApplicationTests    : Started LecturasApplicationTests in 5.913 seconds (process running for 7.053)
2026-07-26T14:02:15.412-04:00  WARN 33292 --- [lecturas] [main] o.s.core.events.SpringDocAppInitializer  : SpringDoc /v3/api-docs endpoint is enabled by default. To disable it in production, set the property 'springdoc.api-docs.enabled=false'
2026-07-26T14:02:15.412-04:00  WARN 33292 --- [lecturas] [main] o.s.core.events.SpringDocAppInitializer  : SpringDoc /swagger-ui.html endpoint is enabled by default. To disable it in production, set the property 'springdoc.swagger-ui.enabled=false'
2026-07-26T14:02:15.798-04:00  INFO 33292 --- [lecturas] [main] t.c.s.AnnotationConfigContextLoaderUtils : Could not detect default configuration classes for test class [com.libreriadelosmilpetalos.lecturas.repository.LibroRepositoryTest]: LibroRepositoryTest does not declare any static, non-private, non-final, nested classes annotated with @Configuration.
2026-07-26T14:02:15.830-04:00  INFO 33292 --- [lecturas] [main] .b.t.c.SpringBootTestContextBootstrapper : Found @SpringBootConfiguration com.libreriadelosmilpetalos.lecturas.LecturasApplication for test class com.libreriadelosmilpetalos.lecturas.repository.LibroRepositoryTest
2026-07-26T14:02:15.831-04:00  INFO 33292 --- [lecturas] [main] t.c.s.AnnotationConfigContextLoaderUtils : Could not detect default configuration classes for test class [com.libreriadelosmilpetalos.lecturas.repository.LibroRepositoryTest]: LibroRepositoryTest does not declare any static, non-private, non-final, nested classes annotated with @Configuration.
2026-07-26T14:02:15.847-04:00  INFO 33292 --- [lecturas] [main] .b.t.c.SpringBootTestContextBootstrapper : Found @SpringBootConfiguration com.libreriadelosmilpetalos.lecturas.LecturasApplication for test class com.libreriadelosmilpetalos.lecturas.repository.LibroRepositoryTest
2026-07-26T14:02:15.852-04:00  INFO 33292 --- [lecturas] [main] o.s.b.d.r.RestartApplicationListener     : Restart disabled due to context in which it is running
2026-07-26T14:02:15.889-04:00  INFO 33292 --- [lecturas] [main] c.l.l.repository.LibroRepositoryTest     : Starting LibroRepositoryTest using Java 21.0.11 with PID 33292 (started by tiare in C:\Users\tiare\Proyectos\lecturas)
2026-07-26T14:02:15.889-04:00  INFO 33292 --- [lecturas] [main] c.l.l.repository.LibroRepositoryTest     : No active profile set, falling back to 1 default profile: "default"
2026-07-26T14:02:15.962-04:00  INFO 33292 --- [lecturas] [main] .s.d.r.c.RepositoryConfigurationDelegate : Bootstrapping Spring Data JPA repositories in DEFAULT mode.
2026-07-26T14:02:15.976-04:00  INFO 33292 --- [lecturas] [main] .s.d.r.c.RepositoryConfigurationDelegate : Finished Spring Data repository scanning in 10 ms. Found 2 JPA repository interfaces.
2026-07-26T14:02:15.990-04:00  INFO 33292 --- [lecturas] [main] beddedDataSourceBeanFactoryPostProcessor : Replacing 'dataSource' DataSource bean with embedded version
2026-07-26T14:02:16.022-04:00  INFO 33292 --- [lecturas] [main] o.s.j.d.e.EmbeddedDatabaseFactory        : Starting embedded database: url='jdbc:h2:mem:9f9a302e-07ad-4c59-8a84-300d1e209ff5;DB_CLOSE_DELAY=-1;DB_CLOSE_ON_EXIT=false', username='sa'
2026-07-26T14:02:16.248-04:00  INFO 33292 --- [lecturas] [main] org.flywaydb.core.FlywayExecutor         : Database: jdbc:h2:mem:9f9a302e-07ad-4c59-8a84-300d1e209ff5 (H2 2.4)
2026-07-26T14:02:16.251-04:00  WARN 33292 --- [lecturas] [main] o.f.c.internal.database.base.Database    : Using H2 2.4.240 which is newer than the version Flyway has been verified with. The latest verified version of H2 is 2.3.232.
2026-07-26T14:02:16.265-04:00  INFO 33292 --- [lecturas] [main] o.f.c.i.s.JdbcTableSchemaHistory         : Schema history table "PUBLIC"."flyway_schema_history" does not exist yet
2026-07-26T14:02:16.266-04:00  INFO 33292 --- [lecturas] [main] o.f.core.internal.command.DbValidate     : Successfully validated 2 migrations (execution time 00:00.006s)
2026-07-26T14:02:16.272-04:00  INFO 33292 --- [lecturas] [main] o.f.c.i.s.JdbcTableSchemaHistory         : Creating Schema History table "PUBLIC"."flyway_schema_history" ...
2026-07-26T14:02:16.301-04:00  INFO 33292 --- [lecturas] [main] o.f.core.internal.command.DbMigrate      : Current version of schema "PUBLIC": << Empty Schema >>
2026-07-26T14:02:16.308-04:00  INFO 33292 --- [lecturas] [main] o.f.core.internal.command.DbMigrate      : Migrating schema "PUBLIC" to version "1 - crear bd"
2026-07-26T14:02:16.335-04:00  INFO 33292 --- [lecturas] [main] o.f.core.internal.command.DbMigrate      : Migrating schema "PUBLIC" to version "2 - datos prueba1"
2026-07-26T14:02:16.346-04:00  INFO 33292 --- [lecturas] [main] o.f.core.internal.command.DbMigrate      : Successfully applied 2 migrations to schema "PUBLIC", now at version v2 (execution time 00:00.022s)
2026-07-26T14:02:16.359-04:00  INFO 33292 --- [lecturas] [main] org.hibernate.orm.jpa                    : HHH008540: Processing PersistenceUnitInfo [name: default]
2026-07-26T14:02:16.396-04:00  INFO 33292 --- [lecturas] [main] o.s.o.j.p.SpringPersistenceUnitInfo      : No LoadTimeWeaver setup: ignoring JPA class transformer
2026-07-26T14:02:16.406-04:00  INFO 33292 --- [lecturas] [main] org.hibernate.orm.connections.pooling    : HHH10001005: Database info:
	Database JDBC URL [jdbc:h2:mem:9f9a302e-07ad-4c59-8a84-300d1e209ff5]
	Database driver: H2 JDBC Driver
	Database dialect: H2Dialect
	Database version: 2.4.240
	Default catalog/schema: 9F9A302E-07AD-4C59-8A84-300D1E209FF5/PUBLIC
	Autocommit mode: undefined/unknown
	Isolation level: READ_COMMITTED [default READ_COMMITTED]
	JDBC fetch size: 100
	Pool: DataSourceConnectionProvider
	Minimum pool size: undefined/unknown
	Maximum pool size: undefined/unknown
2026-07-26T14:02:16.490-04:00  INFO 33292 --- [lecturas] [main] org.hibernate.orm.core                   : HHH000489: No JTA platform available (set 'hibernate.transaction.jta.platform' to enable JTA platform integration)
2026-07-26T14:02:16.490-04:00  INFO 33292 --- [lecturas] [main] j.LocalContainerEntityManagerFactoryBean : Initialized JPA EntityManagerFactory for persistence unit 'default'
2026-07-26T14:02:16.533-04:00  INFO 33292 --- [lecturas] [main] c.l.l.repository.LibroRepositoryTest     : Started LibroRepositoryTest in 0.681 seconds (process running for 8.18)
2026-07-26T14:02:16.611-04:00  WARN 33292 --- [lecturas] [main] org.hibernate.orm.query                  : HHH90003004: firstResult/maxResults specified with collection fetch; applying in memory
2026-07-26T14:02:16.745-04:00  WARN 33292 --- [lecturas] [main] org.hibernate.orm.query                  : HHH90003004: firstResult/maxResults specified with collection fetch; applying in memory
2026-07-26T14:02:16.766-04:00  WARN 33292 --- [lecturas] [main] org.hibernate.orm.query                  : HHH90003004: firstResult/maxResults specified with collection fetch; applying in memory
2026-07-26T14:02:17.320-04:00  INFO 33292 --- [lecturas] [main] c.l.lecturas.service.LibroService        : Creando libro
2026-07-26T14:02:17.320-04:00  INFO 33292 --- [lecturas] [main] c.l.lecturas.service.LibroService        : Iniciando limpieza del formato
2026-07-26T14:02:17.408-04:00  INFO 33292 --- [lecturas] [SpringApplicationShutdownHook] j.LocalContainerEntityManagerFactoryBean : Closing JPA EntityManagerFactory for persistence unit 'default'
2026-07-26T14:02:17.413-04:00  INFO 33292 --- [lecturas] [SpringApplicationShutdownHook] com.zaxxer.hikari.HikariDataSource       : HikariPool-1 - Shutdown initiated...
2026-07-26T14:02:17.422-04:00  INFO 33292 --- [lecturas] [SpringApplicationShutdownHook] com.zaxxer.hikari.HikariDataSource       : HikariPool-1 - Shutdown completed.
2026-07-26T14:02:17.430-04:00  INFO 33292 --- [lecturas] [SpringApplicationShutdownHook] j.LocalContainerEntityManagerFactoryBean : Closing JPA EntityManagerFactory for persistence unit 'default'
2026-07-26T14:03:55.335-04:00  INFO 32760 --- [lecturas] [main] c.l.lecturas.LecturasApplicationTests    : Starting LecturasApplicationTests using Java 21.0.11 with PID 32760 (started by tiare in C:\Users\tiare\Proyectos\lecturas)
2026-07-26T14:03:55.338-04:00  INFO 32760 --- [lecturas] [main] c.l.lecturas.LecturasApplicationTests    : No active profile set, falling back to 1 default profile: "default"
2026-07-26T14:03:56.174-04:00  INFO 32760 --- [lecturas] [main] .s.d.r.c.RepositoryConfigurationDelegate : Bootstrapping Spring Data JPA repositories in DEFAULT mode.
2026-07-26T14:03:56.244-04:00  INFO 32760 --- [lecturas] [main] .s.d.r.c.RepositoryConfigurationDelegate : Finished Spring Data repository scanning in 54 ms. Found 2 JPA repository interfaces.
2026-07-26T14:03:56.876-04:00  INFO 32760 --- [lecturas] [main] com.zaxxer.hikari.HikariDataSource       : HikariPool-1 - Starting...
2026-07-26T14:03:57.097-04:00  INFO 32760 --- [lecturas] [main] com.zaxxer.hikari.pool.HikariPool        : HikariPool-1 - Added connection org.postgresql.jdbc.PgConnection@553ce348
2026-07-26T14:03:57.100-04:00  INFO 32760 --- [lecturas] [main] com.zaxxer.hikari.HikariDataSource       : HikariPool-1 - Start completed.
2026-07-26T14:03:57.126-04:00  INFO 32760 --- [lecturas] [main] org.flywaydb.core.FlywayExecutor         : Database: jdbc:postgresql://localhost:5432/BD_LIBRO (PostgreSQL 18.4)
2026-07-26T14:03:57.183-04:00  INFO 32760 --- [lecturas] [main] o.f.core.internal.command.DbValidate     : Successfully validated 2 migrations (execution time 00:00.031s)
2026-07-26T14:03:57.238-04:00  INFO 32760 --- [lecturas] [main] o.f.core.internal.command.DbMigrate      : Current version of schema "public": 2
2026-07-26T14:03:57.240-04:00  INFO 32760 --- [lecturas] [main] o.f.core.internal.command.DbMigrate      : Schema "public" is up to date. No migration necessary.
2026-07-26T14:03:57.360-04:00  INFO 32760 --- [lecturas] [main] org.hibernate.orm.jpa                    : HHH008540: Processing PersistenceUnitInfo [name: default]
2026-07-26T14:03:57.425-04:00  INFO 32760 --- [lecturas] [main] org.hibernate.orm.core                   : HHH000001: Hibernate ORM core version 7.2.19.Final
2026-07-26T14:03:57.883-04:00  INFO 32760 --- [lecturas] [main] o.s.o.j.p.SpringPersistenceUnitInfo      : No LoadTimeWeaver setup: ignoring JPA class transformer
2026-07-26T14:03:57.967-04:00  INFO 32760 --- [lecturas] [main] org.hibernate.orm.connections.pooling    : HHH10001005: Database info:
	Database JDBC URL [jdbc:postgresql://localhost:5432/BD_LIBRO]
	Database driver: PostgreSQL JDBC Driver
	Database dialect: PostgreSQLDialect
	Database version: 18.4
	Default catalog/schema: BD_LIBRO/public
	Autocommit mode: undefined/unknown
	Isolation level: READ_COMMITTED [default READ_COMMITTED]
	JDBC fetch size: none
	Pool: DataSourceConnectionProvider
	Minimum pool size: undefined/unknown
	Maximum pool size: undefined/unknown
2026-07-26T14:03:58.794-04:00  INFO 32760 --- [lecturas] [main] org.hibernate.orm.core                   : HHH000489: No JTA platform available (set 'hibernate.transaction.jta.platform' to enable JTA platform integration)
2026-07-26T14:03:58.801-04:00  INFO 32760 --- [lecturas] [main] j.LocalContainerEntityManagerFactoryBean : Initialized JPA EntityManagerFactory for persistence unit 'default'
2026-07-26T14:03:58.875-04:00  INFO 32760 --- [lecturas] [main] o.s.d.j.r.query.QueryEnhancerFactories   : Hibernate is in classpath; If applicable, HQL parser will be used.
2026-07-26T14:04:00.227-04:00  WARN 32760 --- [lecturas] [main] JpaBaseConfiguration$JpaWebConfiguration : spring.jpa.open-in-view is enabled by default. Therefore, database queries may be performed during view rendering. Explicitly configure spring.jpa.open-in-view to disable this warning
2026-07-26T14:04:00.844-04:00  INFO 32760 --- [lecturas] [main] c.l.lecturas.LecturasApplicationTests    : Started LecturasApplicationTests in 5.876 seconds (process running for 7.018)
2026-07-26T14:04:00.850-04:00  WARN 32760 --- [lecturas] [main] o.s.core.events.SpringDocAppInitializer  : SpringDoc /v3/api-docs endpoint is enabled by default. To disable it in production, set the property 'springdoc.api-docs.enabled=false'
2026-07-26T14:04:00.850-04:00  WARN 32760 --- [lecturas] [main] o.s.core.events.SpringDocAppInitializer  : SpringDoc /swagger-ui.html endpoint is enabled by default. To disable it in production, set the property 'springdoc.swagger-ui.enabled=false'
2026-07-26T14:04:01.201-04:00  INFO 32760 --- [lecturas] [main] t.c.s.AnnotationConfigContextLoaderUtils : Could not detect default configuration classes for test class [com.libreriadelosmilpetalos.lecturas.repository.LibroRepositoryTest]: LibroRepositoryTest does not declare any static, non-private, non-final, nested classes annotated with @Configuration.
2026-07-26T14:04:01.238-04:00  INFO 32760 --- [lecturas] [main] .b.t.c.SpringBootTestContextBootstrapper : Found @SpringBootConfiguration com.libreriadelosmilpetalos.lecturas.LecturasApplication for test class com.libreriadelosmilpetalos.lecturas.repository.LibroRepositoryTest
2026-07-26T14:04:01.239-04:00  INFO 32760 --- [lecturas] [main] t.c.s.AnnotationConfigContextLoaderUtils : Could not detect default configuration classes for test class [com.libreriadelosmilpetalos.lecturas.repository.LibroRepositoryTest]: LibroRepositoryTest does not declare any static, non-private, non-final, nested classes annotated with @Configuration.
2026-07-26T14:04:01.251-04:00  INFO 32760 --- [lecturas] [main] .b.t.c.SpringBootTestContextBootstrapper : Found @SpringBootConfiguration com.libreriadelosmilpetalos.lecturas.LecturasApplication for test class com.libreriadelosmilpetalos.lecturas.repository.LibroRepositoryTest
2026-07-26T14:04:01.259-04:00  INFO 32760 --- [lecturas] [main] o.s.b.d.r.RestartApplicationListener     : Restart disabled due to context in which it is running
2026-07-26T14:04:01.294-04:00  INFO 32760 --- [lecturas] [main] c.l.l.repository.LibroRepositoryTest     : Starting LibroRepositoryTest using Java 21.0.11 with PID 32760 (started by tiare in C:\Users\tiare\Proyectos\lecturas)
2026-07-26T14:04:01.295-04:00  INFO 32760 --- [lecturas] [main] c.l.l.repository.LibroRepositoryTest     : No active profile set, falling back to 1 default profile: "default"
2026-07-26T14:04:01.381-04:00  INFO 32760 --- [lecturas] [main] .s.d.r.c.RepositoryConfigurationDelegate : Bootstrapping Spring Data JPA repositories in DEFAULT mode.
2026-07-26T14:04:01.392-04:00  INFO 32760 --- [lecturas] [main] .s.d.r.c.RepositoryConfigurationDelegate : Finished Spring Data repository scanning in 9 ms. Found 2 JPA repository interfaces.
2026-07-26T14:04:01.406-04:00  INFO 32760 --- [lecturas] [main] beddedDataSourceBeanFactoryPostProcessor : Replacing 'dataSource' DataSource bean with embedded version
2026-07-26T14:04:01.436-04:00  INFO 32760 --- [lecturas] [main] o.s.j.d.e.EmbeddedDatabaseFactory        : Starting embedded database: url='jdbc:h2:mem:9af06c36-052e-48d8-852b-84027dd73520;DB_CLOSE_DELAY=-1;DB_CLOSE_ON_EXIT=false', username='sa'
2026-07-26T14:04:01.672-04:00  INFO 32760 --- [lecturas] [main] org.flywaydb.core.FlywayExecutor         : Database: jdbc:h2:mem:9af06c36-052e-48d8-852b-84027dd73520 (H2 2.4)
2026-07-26T14:04:01.676-04:00  WARN 32760 --- [lecturas] [main] o.f.c.internal.database.base.Database    : Using H2 2.4.240 which is newer than the version Flyway has been verified with. The latest verified version of H2 is 2.3.232.
2026-07-26T14:04:01.688-04:00  INFO 32760 --- [lecturas] [main] o.f.c.i.s.JdbcTableSchemaHistory         : Schema history table "PUBLIC"."flyway_schema_history" does not exist yet
2026-07-26T14:04:01.688-04:00  INFO 32760 --- [lecturas] [main] o.f.core.internal.command.DbValidate     : Successfully validated 2 migrations (execution time 00:00.005s)
2026-07-26T14:04:01.697-04:00  INFO 32760 --- [lecturas] [main] o.f.c.i.s.JdbcTableSchemaHistory         : Creating Schema History table "PUBLIC"."flyway_schema_history" ...
2026-07-26T14:04:01.732-04:00  INFO 32760 --- [lecturas] [main] o.f.core.internal.command.DbMigrate      : Current version of schema "PUBLIC": << Empty Schema >>
2026-07-26T14:04:01.742-04:00  INFO 32760 --- [lecturas] [main] o.f.core.internal.command.DbMigrate      : Migrating schema "PUBLIC" to version "1 - crear bd"
2026-07-26T14:04:01.780-04:00  INFO 32760 --- [lecturas] [main] o.f.core.internal.command.DbMigrate      : Migrating schema "PUBLIC" to version "2 - datos prueba1"
2026-07-26T14:04:01.792-04:00  INFO 32760 --- [lecturas] [main] o.f.core.internal.command.DbMigrate      : Successfully applied 2 migrations to schema "PUBLIC", now at version v2 (execution time 00:00.026s)
2026-07-26T14:04:01.817-04:00  INFO 32760 --- [lecturas] [main] org.hibernate.orm.jpa                    : HHH008540: Processing PersistenceUnitInfo [name: default]
2026-07-26T14:04:01.857-04:00  INFO 32760 --- [lecturas] [main] o.s.o.j.p.SpringPersistenceUnitInfo      : No LoadTimeWeaver setup: ignoring JPA class transformer
2026-07-26T14:04:01.867-04:00  INFO 32760 --- [lecturas] [main] org.hibernate.orm.connections.pooling    : HHH10001005: Database info:
	Database JDBC URL [jdbc:h2:mem:9af06c36-052e-48d8-852b-84027dd73520]
	Database driver: H2 JDBC Driver
	Database dialect: H2Dialect
	Database version: 2.4.240
	Default catalog/schema: 9AF06C36-052E-48D8-852B-84027DD73520/PUBLIC
	Autocommit mode: undefined/unknown
	Isolation level: READ_COMMITTED [default READ_COMMITTED]
	JDBC fetch size: 100
	Pool: DataSourceConnectionProvider
	Minimum pool size: undefined/unknown
	Maximum pool size: undefined/unknown
2026-07-26T14:04:01.943-04:00  INFO 32760 --- [lecturas] [main] org.hibernate.orm.core                   : HHH000489: No JTA platform available (set 'hibernate.transaction.jta.platform' to enable JTA platform integration)
2026-07-26T14:04:01.946-04:00  INFO 32760 --- [lecturas] [main] j.LocalContainerEntityManagerFactoryBean : Initialized JPA EntityManagerFactory for persistence unit 'default'
2026-07-26T14:04:01.990-04:00  INFO 32760 --- [lecturas] [main] c.l.l.repository.LibroRepositoryTest     : Started LibroRepositoryTest in 0.731 seconds (process running for 8.165)
2026-07-26T14:04:02.047-04:00  WARN 32760 --- [lecturas] [main] org.hibernate.orm.query                  : HHH90003004: firstResult/maxResults specified with collection fetch; applying in memory
2026-07-26T14:04:02.163-04:00  WARN 32760 --- [lecturas] [main] org.hibernate.orm.query                  : HHH90003004: firstResult/maxResults specified with collection fetch; applying in memory
2026-07-26T14:04:02.180-04:00  WARN 32760 --- [lecturas] [main] org.hibernate.orm.query                  : HHH90003004: firstResult/maxResults specified with collection fetch; applying in memory
2026-07-26T14:04:02.189-04:00  WARN 32760 --- [lecturas] [main] org.hibernate.orm.query                  : HHH90003004: firstResult/maxResults specified with collection fetch; applying in memory
2026-07-26T14:04:02.726-04:00  INFO 32760 --- [lecturas] [main] c.l.lecturas.service.LibroService        : Creando libro
2026-07-26T14:04:02.726-04:00  INFO 32760 --- [lecturas] [main] c.l.lecturas.service.LibroService        : Iniciando limpieza del formato
2026-07-26T14:04:02.818-04:00  INFO 32760 --- [lecturas] [SpringApplicationShutdownHook] j.LocalContainerEntityManagerFactoryBean : Closing JPA EntityManagerFactory for persistence unit 'default'
2026-07-26T14:04:02.823-04:00  INFO 32760 --- [lecturas] [SpringApplicationShutdownHook] com.zaxxer.hikari.HikariDataSource       : HikariPool-1 - Shutdown initiated...
2026-07-26T14:04:02.834-04:00  INFO 32760 --- [lecturas] [SpringApplicationShutdownHook] com.zaxxer.hikari.HikariDataSource       : HikariPool-1 - Shutdown completed.
2026-07-26T14:04:02.843-04:00  INFO 32760 --- [lecturas] [SpringApplicationShutdownHook] j.LocalContainerEntityManagerFactoryBean : Closing JPA EntityManagerFactory for persistence unit 'default'
2026-07-26T14:07:56.282-04:00  INFO 33916 --- [lecturas] [main] c.l.l.repository.LibroRepositoryTest     : Starting LibroRepositoryTest using Java 21.0.11 with PID 33916 (started by tiare in C:\Users\tiare\Proyectos\lecturas)
2026-07-26T14:07:56.285-04:00  INFO 33916 --- [lecturas] [main] c.l.l.repository.LibroRepositoryTest     : No active profile set, falling back to 1 default profile: "default"
2026-07-26T14:07:56.735-04:00  INFO 33916 --- [lecturas] [main] .s.d.r.c.RepositoryConfigurationDelegate : Bootstrapping Spring Data JPA repositories in DEFAULT mode.
2026-07-26T14:07:56.819-04:00  INFO 33916 --- [lecturas] [main] .s.d.r.c.RepositoryConfigurationDelegate : Finished Spring Data repository scanning in 65 ms. Found 2 JPA repository interfaces.
2026-07-26T14:07:56.904-04:00  INFO 33916 --- [lecturas] [main] beddedDataSourceBeanFactoryPostProcessor : Replacing 'dataSource' DataSource bean with embedded version
2026-07-26T14:07:57.077-04:00  INFO 33916 --- [lecturas] [main] o.s.j.d.e.EmbeddedDatabaseFactory        : Starting embedded database: url='jdbc:h2:mem:da34b185-0ce6-4d84-9046-caa0724abc15;DB_CLOSE_DELAY=-1;DB_CLOSE_ON_EXIT=false', username='sa'
2026-07-26T14:07:57.505-04:00  INFO 33916 --- [lecturas] [main] org.flywaydb.core.FlywayExecutor         : Database: jdbc:h2:mem:da34b185-0ce6-4d84-9046-caa0724abc15 (H2 2.4)
2026-07-26T14:07:57.515-04:00  WARN 33916 --- [lecturas] [main] o.f.c.internal.database.base.Database    : Using H2 2.4.240 which is newer than the version Flyway has been verified with. The latest verified version of H2 is 2.3.232.
2026-07-26T14:07:57.554-04:00  INFO 33916 --- [lecturas] [main] o.f.c.i.s.JdbcTableSchemaHistory         : Schema history table "PUBLIC"."flyway_schema_history" does not exist yet
2026-07-26T14:07:57.558-04:00  INFO 33916 --- [lecturas] [main] o.f.core.internal.command.DbValidate     : Successfully validated 2 migrations (execution time 00:00.021s)
2026-07-26T14:07:57.567-04:00  INFO 33916 --- [lecturas] [main] o.f.c.i.s.JdbcTableSchemaHistory         : Creating Schema History table "PUBLIC"."flyway_schema_history" ...
2026-07-26T14:07:57.607-04:00  INFO 33916 --- [lecturas] [main] o.f.core.internal.command.DbMigrate      : Current version of schema "PUBLIC": << Empty Schema >>
2026-07-26T14:07:57.618-04:00  INFO 33916 --- [lecturas] [main] o.f.core.internal.command.DbMigrate      : Migrating schema "PUBLIC" to version "1 - crear bd"
2026-07-26T14:07:57.646-04:00  INFO 33916 --- [lecturas] [main] o.f.core.internal.command.DbMigrate      : Migrating schema "PUBLIC" to version "2 - datos prueba1"
2026-07-26T14:07:57.657-04:00  INFO 33916 --- [lecturas] [main] o.f.core.internal.command.DbMigrate      : Successfully applied 2 migrations to schema "PUBLIC", now at version v2 (execution time 00:00.019s)
2026-07-26T14:07:57.781-04:00  INFO 33916 --- [lecturas] [main] org.hibernate.orm.jpa                    : HHH008540: Processing PersistenceUnitInfo [name: default]
2026-07-26T14:07:57.851-04:00  INFO 33916 --- [lecturas] [main] org.hibernate.orm.core                   : HHH000001: Hibernate ORM core version 7.2.19.Final
2026-07-26T14:07:58.296-04:00  INFO 33916 --- [lecturas] [main] o.s.o.j.p.SpringPersistenceUnitInfo      : No LoadTimeWeaver setup: ignoring JPA class transformer
2026-07-26T14:07:58.366-04:00  INFO 33916 --- [lecturas] [main] org.hibernate.orm.connections.pooling    : HHH10001005: Database info:
	Database JDBC URL [jdbc:h2:mem:da34b185-0ce6-4d84-9046-caa0724abc15]
	Database driver: H2 JDBC Driver
	Database dialect: H2Dialect
	Database version: 2.4.240
	Default catalog/schema: DA34B185-0CE6-4D84-9046-CAA0724ABC15/PUBLIC
	Autocommit mode: undefined/unknown
	Isolation level: READ_COMMITTED [default READ_COMMITTED]
	JDBC fetch size: 100
	Pool: DataSourceConnectionProvider
	Minimum pool size: undefined/unknown
	Maximum pool size: undefined/unknown
2026-07-26T14:07:59.217-04:00  INFO 33916 --- [lecturas] [main] org.hibernate.orm.core                   : HHH000489: No JTA platform available (set 'hibernate.transaction.jta.platform' to enable JTA platform integration)
2026-07-26T14:07:59.225-04:00  INFO 33916 --- [lecturas] [main] j.LocalContainerEntityManagerFactoryBean : Initialized JPA EntityManagerFactory for persistence unit 'default'
2026-07-26T14:07:59.327-04:00  INFO 33916 --- [lecturas] [main] o.s.d.j.r.query.QueryEnhancerFactories   : Hibernate is in classpath; If applicable, HQL parser will be used.
2026-07-26T14:08:00.449-04:00  INFO 33916 --- [lecturas] [main] c.l.l.repository.LibroRepositoryTest     : Started LibroRepositoryTest in 4.626 seconds (process running for 5.823)
2026-07-26T14:08:00.803-04:00  WARN 33916 --- [lecturas] [main] org.hibernate.orm.query                  : HHH90003004: firstResult/maxResults specified with collection fetch; applying in memory
2026-07-26T14:08:00.915-04:00  INFO 33916 --- [lecturas] [SpringApplicationShutdownHook] j.LocalContainerEntityManagerFactoryBean : Closing JPA EntityManagerFactory for persistence unit 'default'
2026-07-26T14:08:06.933-04:00  INFO 16176 --- [lecturas] [main] c.l.l.repository.LibroRepositoryTest     : Starting LibroRepositoryTest using Java 21.0.11 with PID 16176 (started by tiare in C:\Users\tiare\Proyectos\lecturas)
2026-07-26T14:08:06.935-04:00  INFO 16176 --- [lecturas] [main] c.l.l.repository.LibroRepositoryTest     : No active profile set, falling back to 1 default profile: "default"
2026-07-26T14:08:07.393-04:00  INFO 16176 --- [lecturas] [main] .s.d.r.c.RepositoryConfigurationDelegate : Bootstrapping Spring Data JPA repositories in DEFAULT mode.
2026-07-26T14:08:07.478-04:00  INFO 16176 --- [lecturas] [main] .s.d.r.c.RepositoryConfigurationDelegate : Finished Spring Data repository scanning in 68 ms. Found 2 JPA repository interfaces.
2026-07-26T14:08:07.554-04:00  INFO 16176 --- [lecturas] [main] beddedDataSourceBeanFactoryPostProcessor : Replacing 'dataSource' DataSource bean with embedded version
2026-07-26T14:08:07.714-04:00  INFO 16176 --- [lecturas] [main] o.s.j.d.e.EmbeddedDatabaseFactory        : Starting embedded database: url='jdbc:h2:mem:702eb58c-db98-4d25-881b-49df8cf87749;DB_CLOSE_DELAY=-1;DB_CLOSE_ON_EXIT=false', username='sa'
2026-07-26T14:08:08.111-04:00  INFO 16176 --- [lecturas] [main] org.flywaydb.core.FlywayExecutor         : Database: jdbc:h2:mem:702eb58c-db98-4d25-881b-49df8cf87749 (H2 2.4)
2026-07-26T14:08:08.119-04:00  WARN 16176 --- [lecturas] [main] o.f.c.internal.database.base.Database    : Using H2 2.4.240 which is newer than the version Flyway has been verified with. The latest verified version of H2 is 2.3.232.
2026-07-26T14:08:08.161-04:00  INFO 16176 --- [lecturas] [main] o.f.c.i.s.JdbcTableSchemaHistory         : Schema history table "PUBLIC"."flyway_schema_history" does not exist yet
2026-07-26T14:08:08.164-04:00  INFO 16176 --- [lecturas] [main] o.f.core.internal.command.DbValidate     : Successfully validated 2 migrations (execution time 00:00.024s)
2026-07-26T14:08:08.172-04:00  INFO 16176 --- [lecturas] [main] o.f.c.i.s.JdbcTableSchemaHistory         : Creating Schema History table "PUBLIC"."flyway_schema_history" ...
2026-07-26T14:08:08.214-04:00  INFO 16176 --- [lecturas] [main] o.f.core.internal.command.DbMigrate      : Current version of schema "PUBLIC": << Empty Schema >>
2026-07-26T14:08:08.227-04:00  INFO 16176 --- [lecturas] [main] o.f.core.internal.command.DbMigrate      : Migrating schema "PUBLIC" to version "1 - crear bd"
2026-07-26T14:08:08.248-04:00  INFO 16176 --- [lecturas] [main] o.f.core.internal.command.DbMigrate      : Migrating schema "PUBLIC" to version "2 - datos prueba1"
2026-07-26T14:08:08.261-04:00  INFO 16176 --- [lecturas] [main] o.f.core.internal.command.DbMigrate      : Successfully applied 2 migrations to schema "PUBLIC", now at version v2 (execution time 00:00.018s)
2026-07-26T14:08:08.380-04:00  INFO 16176 --- [lecturas] [main] org.hibernate.orm.jpa                    : HHH008540: Processing PersistenceUnitInfo [name: default]
2026-07-26T14:08:08.446-04:00  INFO 16176 --- [lecturas] [main] org.hibernate.orm.core                   : HHH000001: Hibernate ORM core version 7.2.19.Final
2026-07-26T14:08:08.880-04:00  INFO 16176 --- [lecturas] [main] o.s.o.j.p.SpringPersistenceUnitInfo      : No LoadTimeWeaver setup: ignoring JPA class transformer
2026-07-26T14:08:08.950-04:00  INFO 16176 --- [lecturas] [main] org.hibernate.orm.connections.pooling    : HHH10001005: Database info:
	Database JDBC URL [jdbc:h2:mem:702eb58c-db98-4d25-881b-49df8cf87749]
	Database driver: H2 JDBC Driver
	Database dialect: H2Dialect
	Database version: 2.4.240
	Default catalog/schema: 702EB58C-DB98-4D25-881B-49DF8CF87749/PUBLIC
	Autocommit mode: undefined/unknown
	Isolation level: READ_COMMITTED [default READ_COMMITTED]
	JDBC fetch size: 100
	Pool: DataSourceConnectionProvider
	Minimum pool size: undefined/unknown
	Maximum pool size: undefined/unknown
2026-07-26T14:08:09.761-04:00  INFO 16176 --- [lecturas] [main] org.hibernate.orm.core                   : HHH000489: No JTA platform available (set 'hibernate.transaction.jta.platform' to enable JTA platform integration)
2026-07-26T14:08:09.767-04:00  INFO 16176 --- [lecturas] [main] j.LocalContainerEntityManagerFactoryBean : Initialized JPA EntityManagerFactory for persistence unit 'default'
2026-07-26T14:08:09.861-04:00  INFO 16176 --- [lecturas] [main] o.s.d.j.r.query.QueryEnhancerFactories   : Hibernate is in classpath; If applicable, HQL parser will be used.
2026-07-26T14:08:11.004-04:00  INFO 16176 --- [lecturas] [main] c.l.l.repository.LibroRepositoryTest     : Started LibroRepositoryTest in 4.519 seconds (process running for 5.7)
2026-07-26T14:08:11.378-04:00  WARN 16176 --- [lecturas] [main] org.hibernate.orm.query                  : HHH90003004: firstResult/maxResults specified with collection fetch; applying in memory
2026-07-26T14:08:11.495-04:00  INFO 16176 --- [lecturas] [SpringApplicationShutdownHook] j.LocalContainerEntityManagerFactoryBean : Closing JPA EntityManagerFactory for persistence unit 'default'
2026-07-26T14:47:34.661-04:00  INFO 35736 --- [lecturas] [main] c.l.l.repository.LibroRepositoryTest     : Starting LibroRepositoryTest using Java 21.0.11 with PID 35736 (started by tiare in C:\Users\tiare\Proyectos\lecturas)
2026-07-26T14:47:34.662-04:00  INFO 35736 --- [lecturas] [main] c.l.l.repository.LibroRepositoryTest     : No active profile set, falling back to 1 default profile: "default"
2026-07-26T14:47:35.151-04:00  INFO 35736 --- [lecturas] [main] .s.d.r.c.RepositoryConfigurationDelegate : Bootstrapping Spring Data JPA repositories in DEFAULT mode.
2026-07-26T14:47:35.227-04:00  INFO 35736 --- [lecturas] [main] .s.d.r.c.RepositoryConfigurationDelegate : Finished Spring Data repository scanning in 60 ms. Found 2 JPA repository interfaces.
2026-07-26T14:47:35.308-04:00  INFO 35736 --- [lecturas] [main] beddedDataSourceBeanFactoryPostProcessor : Replacing 'dataSource' DataSource bean with embedded version
2026-07-26T14:47:35.485-04:00  INFO 35736 --- [lecturas] [main] o.s.j.d.e.EmbeddedDatabaseFactory        : Starting embedded database: url='jdbc:h2:mem:6256564f-9ce7-48fa-a743-eb6e03559b6d;DB_CLOSE_DELAY=-1;DB_CLOSE_ON_EXIT=false', username='sa'
2026-07-26T14:47:35.893-04:00  INFO 35736 --- [lecturas] [main] org.flywaydb.core.FlywayExecutor         : Database: jdbc:h2:mem:6256564f-9ce7-48fa-a743-eb6e03559b6d (H2 2.4)
2026-07-26T14:47:35.901-04:00  WARN 35736 --- [lecturas] [main] o.f.c.internal.database.base.Database    : Using H2 2.4.240 which is newer than the version Flyway has been verified with. The latest verified version of H2 is 2.3.232.
2026-07-26T14:47:35.937-04:00  INFO 35736 --- [lecturas] [main] o.f.c.i.s.JdbcTableSchemaHistory         : Schema history table "PUBLIC"."flyway_schema_history" does not exist yet
2026-07-26T14:47:35.941-04:00  INFO 35736 --- [lecturas] [main] o.f.core.internal.command.DbValidate     : Successfully validated 2 migrations (execution time 00:00.021s)
2026-07-26T14:47:35.951-04:00  INFO 35736 --- [lecturas] [main] o.f.c.i.s.JdbcTableSchemaHistory         : Creating Schema History table "PUBLIC"."flyway_schema_history" ...
2026-07-26T14:47:35.989-04:00  INFO 35736 --- [lecturas] [main] o.f.core.internal.command.DbMigrate      : Current version of schema "PUBLIC": << Empty Schema >>
2026-07-26T14:47:35.996-04:00  INFO 35736 --- [lecturas] [main] o.f.core.internal.command.DbMigrate      : Migrating schema "PUBLIC" to version "1 - crear bd"
2026-07-26T14:47:36.028-04:00  INFO 35736 --- [lecturas] [main] o.f.core.internal.command.DbMigrate      : Migrating schema "PUBLIC" to version "2 - datos prueba1"
2026-07-26T14:47:36.037-04:00  INFO 35736 --- [lecturas] [main] o.f.core.internal.command.DbMigrate      : Successfully applied 2 migrations to schema "PUBLIC", now at version v2 (execution time 00:00.021s)
2026-07-26T14:47:36.165-04:00  INFO 35736 --- [lecturas] [main] org.hibernate.orm.jpa                    : HHH008540: Processing PersistenceUnitInfo [name: default]
2026-07-26T14:47:36.256-04:00  INFO 35736 --- [lecturas] [main] org.hibernate.orm.core                   : HHH000001: Hibernate ORM core version 7.2.19.Final
2026-07-26T14:47:36.809-04:00  INFO 35736 --- [lecturas] [main] o.s.o.j.p.SpringPersistenceUnitInfo      : No LoadTimeWeaver setup: ignoring JPA class transformer
2026-07-26T14:47:36.895-04:00  INFO 35736 --- [lecturas] [main] org.hibernate.orm.connections.pooling    : HHH10001005: Database info:
	Database JDBC URL [jdbc:h2:mem:6256564f-9ce7-48fa-a743-eb6e03559b6d]
	Database driver: H2 JDBC Driver
	Database dialect: H2Dialect
	Database version: 2.4.240
	Default catalog/schema: 6256564F-9CE7-48FA-A743-EB6E03559B6D/PUBLIC
	Autocommit mode: undefined/unknown
	Isolation level: READ_COMMITTED [default READ_COMMITTED]
	JDBC fetch size: 100
	Pool: DataSourceConnectionProvider
	Minimum pool size: undefined/unknown
	Maximum pool size: undefined/unknown
2026-07-26T14:47:37.917-04:00  INFO 35736 --- [lecturas] [main] org.hibernate.orm.core                   : HHH000489: No JTA platform available (set 'hibernate.transaction.jta.platform' to enable JTA platform integration)
2026-07-26T14:47:37.927-04:00  INFO 35736 --- [lecturas] [main] j.LocalContainerEntityManagerFactoryBean : Initialized JPA EntityManagerFactory for persistence unit 'default'
2026-07-26T14:47:38.066-04:00  INFO 35736 --- [lecturas] [main] o.s.d.j.r.query.QueryEnhancerFactories   : Hibernate is in classpath; If applicable, HQL parser will be used.
2026-07-26T14:47:39.512-04:00  INFO 35736 --- [lecturas] [main] c.l.l.repository.LibroRepositoryTest     : Started LibroRepositoryTest in 5.311 seconds (process running for 6.529)
2026-07-26T14:47:39.906-04:00  WARN 35736 --- [lecturas] [main] org.hibernate.orm.query                  : HHH90003004: firstResult/maxResults specified with collection fetch; applying in memory
2026-07-26T14:47:40.119-04:00  INFO 35736 --- [lecturas] [SpringApplicationShutdownHook] j.LocalContainerEntityManagerFactoryBean : Closing JPA EntityManagerFactory for persistence unit 'default'
2026-07-26T14:47:57.435-04:00  INFO 7728 --- [lecturas] [main] c.l.l.repository.LibroRepositoryTest     : Starting LibroRepositoryTest using Java 21.0.11 with PID 7728 (started by tiare in C:\Users\tiare\Proyectos\lecturas)
2026-07-26T14:47:57.436-04:00  INFO 7728 --- [lecturas] [main] c.l.l.repository.LibroRepositoryTest     : No active profile set, falling back to 1 default profile: "default"
2026-07-26T14:47:57.937-04:00  INFO 7728 --- [lecturas] [main] .s.d.r.c.RepositoryConfigurationDelegate : Bootstrapping Spring Data JPA repositories in DEFAULT mode.
2026-07-26T14:47:58.037-04:00  INFO 7728 --- [lecturas] [main] .s.d.r.c.RepositoryConfigurationDelegate : Finished Spring Data repository scanning in 82 ms. Found 2 JPA repository interfaces.
2026-07-26T14:47:58.136-04:00  INFO 7728 --- [lecturas] [main] beddedDataSourceBeanFactoryPostProcessor : Replacing 'dataSource' DataSource bean with embedded version
2026-07-26T14:47:58.329-04:00  INFO 7728 --- [lecturas] [main] o.s.j.d.e.EmbeddedDatabaseFactory        : Starting embedded database: url='jdbc:h2:mem:add4e869-fea9-4970-8e2d-e7102cfe346c;DB_CLOSE_DELAY=-1;DB_CLOSE_ON_EXIT=false', username='sa'
2026-07-26T14:47:58.799-04:00  INFO 7728 --- [lecturas] [main] org.flywaydb.core.FlywayExecutor         : Database: jdbc:h2:mem:add4e869-fea9-4970-8e2d-e7102cfe346c (H2 2.4)
2026-07-26T14:47:58.810-04:00  WARN 7728 --- [lecturas] [main] o.f.c.internal.database.base.Database    : Using H2 2.4.240 which is newer than the version Flyway has been verified with. The latest verified version of H2 is 2.3.232.
2026-07-26T14:47:58.860-04:00  INFO 7728 --- [lecturas] [main] o.f.c.i.s.JdbcTableSchemaHistory         : Schema history table "PUBLIC"."flyway_schema_history" does not exist yet
2026-07-26T14:47:58.867-04:00  INFO 7728 --- [lecturas] [main] o.f.core.internal.command.DbValidate     : Successfully validated 2 migrations (execution time 00:00.029s)
2026-07-26T14:47:58.879-04:00  INFO 7728 --- [lecturas] [main] o.f.c.i.s.JdbcTableSchemaHistory         : Creating Schema History table "PUBLIC"."flyway_schema_history" ...
2026-07-26T14:47:58.922-04:00  INFO 7728 --- [lecturas] [main] o.f.core.internal.command.DbMigrate      : Current version of schema "PUBLIC": << Empty Schema >>
2026-07-26T14:47:58.933-04:00  INFO 7728 --- [lecturas] [main] o.f.core.internal.command.DbMigrate      : Migrating schema "PUBLIC" to version "1 - crear bd"
2026-07-26T14:47:58.966-04:00  INFO 7728 --- [lecturas] [main] o.f.core.internal.command.DbMigrate      : Migrating schema "PUBLIC" to version "2 - datos prueba1"
2026-07-26T14:47:58.978-04:00  INFO 7728 --- [lecturas] [main] o.f.core.internal.command.DbMigrate      : Successfully applied 2 migrations to schema "PUBLIC", now at version v2 (execution time 00:00.022s)
2026-07-26T14:47:59.096-04:00  INFO 7728 --- [lecturas] [main] org.hibernate.orm.jpa                    : HHH008540: Processing PersistenceUnitInfo [name: default]
2026-07-26T14:47:59.173-04:00  INFO 7728 --- [lecturas] [main] org.hibernate.orm.core                   : HHH000001: Hibernate ORM core version 7.2.19.Final
2026-07-26T14:47:59.681-04:00  INFO 7728 --- [lecturas] [main] o.s.o.j.p.SpringPersistenceUnitInfo      : No LoadTimeWeaver setup: ignoring JPA class transformer
2026-07-26T14:47:59.763-04:00  INFO 7728 --- [lecturas] [main] org.hibernate.orm.connections.pooling    : HHH10001005: Database info:
	Database JDBC URL [jdbc:h2:mem:add4e869-fea9-4970-8e2d-e7102cfe346c]
	Database driver: H2 JDBC Driver
	Database dialect: H2Dialect
	Database version: 2.4.240
	Default catalog/schema: ADD4E869-FEA9-4970-8E2D-E7102CFE346C/PUBLIC
	Autocommit mode: undefined/unknown
	Isolation level: READ_COMMITTED [default READ_COMMITTED]
	JDBC fetch size: 100
	Pool: DataSourceConnectionProvider
	Minimum pool size: undefined/unknown
	Maximum pool size: undefined/unknown
2026-07-26T14:48:00.779-04:00  INFO 7728 --- [lecturas] [main] org.hibernate.orm.core                   : HHH000489: No JTA platform available (set 'hibernate.transaction.jta.platform' to enable JTA platform integration)
2026-07-26T14:48:00.800-04:00  INFO 7728 --- [lecturas] [main] j.LocalContainerEntityManagerFactoryBean : Initialized JPA EntityManagerFactory for persistence unit 'default'
2026-07-26T14:48:00.939-04:00  INFO 7728 --- [lecturas] [main] o.s.d.j.r.query.QueryEnhancerFactories   : Hibernate is in classpath; If applicable, HQL parser will be used.
2026-07-26T14:48:02.161-04:00  INFO 7728 --- [lecturas] [main] c.l.l.repository.LibroRepositoryTest     : Started LibroRepositoryTest in 5.242 seconds (process running for 6.565)
2026-07-26T14:48:02.578-04:00  WARN 7728 --- [lecturas] [main] org.hibernate.orm.query                  : HHH90003004: firstResult/maxResults specified with collection fetch; applying in memory
2026-07-26T14:48:02.783-04:00  INFO 7728 --- [lecturas] [SpringApplicationShutdownHook] j.LocalContainerEntityManagerFactoryBean : Closing JPA EntityManagerFactory for persistence unit 'default'
